archArea,archGbCd,archGbCdNm,archPmsDay,atchBldDongCnt,bcRat,bjdongCd,bldNm,block,bun,crtnDay,fmlyCnt,guyukCd,guyukCdNm,hhldCnt,hoCnt,ji,jiguCd,jiguCdNm,jimokCd,jimokCdNm,jiyukCd,jiyukCdNm,lot,mainBldCnt,mainPurpsCd,mainPurpsCdNm,mgmPmsrgstPk,platArea,platGbCd,platPlc,realStcnsDay,rnum,sigunguCd,splotNm,stcnsDelayDay,stcnsSchedDay,totArea,totPkngCnt,useAprDay,vlRat,vlRatEstmTotArea
814.26,0100,신축,20050811,0,29.92,10100,청운동 파라디아 아델하우스, ,0004,20090326,0, , ,12,0,0001,411,자연경관지구,08,대,1021,제1종일반주거지역, ,1,02000,공동주택,11110-3306,2721.72,0,서울특별시 종로구 청운동 4-1번지,20051205,1,11110, , ,20051125,4748.37,45,20070727,87.52,2382.15
0, , ,20051118,0,0,10100, , ,0004,20100325,0, , ,0,0,0001, , , , , , , ,0, , ,11110-6439,0,0,서울특별시 종로구 청운동 4-1번지, ,2,11110, , , ,0,0, ,0,0
255.6,0100,신축,20060707,0,29.69,10100,GRACE TUSCAN Ⅱ, ,0004,20090326,0, , ,4,0,0003,411,자연경관지구,08,대,1021,제1종일반주거지역, ,1,02000,공동주택,11110-3661,860.87,0,서울특별시 종로구 청운동 4-3번지,20060801,3,11110, , ,20060807,1536.11,14,20070619,84.11,724.05
0, , ,20060705,0,0,10100, , ,0004,20100325,0, , ,0,0,0003, , , , , , , ,0, , ,11110-6523,0,0,서울특별시 종로구 청운동 4-3번지, ,4,11110, , , ,0,0, ,0,0
440.78,0100,신축,19990417,0,29.79,10100,신구고려빌라, ,0004,20090326,0, , ,8,0,0007,200,경치지구, , ,1020,일반주거지역, ,1,02000,공동주택,11110-284,1479.65,0,서울특별시 종로구 청운동 4-7번지, ,5,11110, , , ,2283.68,21,20000929,87.41,1293.3
171.05,0100,신축,20030320,0,29.94,10100,리뉴빌, ,0004,20140711,0, , ,4,0,0014,411,자연경관지구,08,대,1020,일반주거지역, ,1,02000,공동주택,11110-2334,571.16,0,서울특별시 종로구 청운동 4-14번지,20030412,6,11110, , ,20030412,813.96,7,20040112,87.25,498.35
0, , ,20041103,0,0,10100, , ,0004,20100325,0, , ,0,0,0021, , , , , , , ,0, , ,11110-6201,0,0,서울특별시 종로구 청운동 4-21번지, ,7,11110, , , ,0,0, ,0,0
126, , ,20051129,0,0,10100, , ,0004,20100818,0, , ,0,0,0021, , , , , , , ,0, , ,11110-3547,664.5,0,서울특별시 종로구 청운동 4-21번지, ,8,11110, , , ,126,0, ,0,0
179.5,0700,용도변경,20050802,0,7.28,10100,예수그리스도후기성도교회수도원, ,0005,20090326,0, , ,0,0,0000,411,자연경관지구,08,대,1021,제1종일반주거지역, ,1,Z5000, ,11110-3487,2464.2,0,서울특별시 종로구 청운동 5번지, ,9,11110, , , ,397.6,4,20050803,16.14,397.6
179.5,0100,신축,20040923,0,7.28,10100,선교부장 사택, ,0005,20140315,1, , ,0,0,0000,411,자연경관지구,08,대,1021,제1종일반주거지역, ,1,01000,단독주택,11110-2926,2464.2,0,서울특별시 종로구 청운동 5번지,20041213,10,11110, , ,20041215,397.6,4,20050704,16.14,397.6
649.01,0200,증축,20150824,0,28.76,10100,청운동 6 종교시설 (재단법인예수그리스도후기성도교회), ,0006,20161221,0, , ,0,0,0000,UQF110,자연경관지구,08,대,UQA121,제1종일반주거지역, ,1,06000,종교시설,11110-100023513,2256.5,0,서울특별시 종로구 청운동 6번지,20160907,11,11110, ,20161101,20160906,720.93,0,20161220,28.76,649.01
81.9,0100,신축,20150707,1,7.3256,10100,청운동 7-3 (종로구청), ,0007,20150708,0,ZH0021,문화재보존영향 검토대상구역,0,0,0003, , ,22,공원,UQA430,자연녹지지역, ,1,03000,제1종근린생활시설,11110-100023152,1118,0,서울특별시 종로구 청운동 7-3번지, ,12,11110, , , ,81.9,0, ,7.3256,81.9
580.3,0700,용도변경,20060810,1,37.11,10100,청운동 효성빌라, ,0008,20170307,0, , ,9,0,0004, , ,08,대,1021,제1종일반주거지역, ,1,02000,공동주택,11110-3771,1563.8,0,서울특별시 종로구 청운동 8-4번지, ,13,11110, , , ,1806.63,10,20060822,97.79,1529.28
80.09,0200,증축, ,0,63.97,10100,12-1다가구주택, ,0012,20090326,2, , ,0,0,0001,411,자연경관지구,08,대,1021,제1종일반주거지역, ,1,01000,단독주택,11110-4885,125.2,0,서울특별시 종로구 청운동 12-1번지, ,14,11110, , , ,171.35,0,20070131,128.07,160.34
80.09,0200,증축, ,0,63.97,10100,12-1다가구주택, ,0012,20090326,2, , ,0,0,0001,411,자연경관지구,08,대,1021,제1종일반주거지역, ,1,01000,단독주택,11110-4882,125.2,0,서울특별시 종로구 청운동 12-1번지, ,15,11110, , , ,171.35,0,20070131,128.07,160.34
80.09,0200,증축, ,0,63.97,10100,12-1다가구주택, ,0012,20090326,2, , ,0,0,0001,411,자연경관지구,08,대,1021,제1종일반주거지역, ,1,01000,단독주택,11110-4883,125.2,0,서울특별시 종로구 청운동 12-1번지, ,16,11110, , , ,171.35,0, ,128.07,160.34
131.44,0100,신축,20180222,0,39.88,10100, , ,0012,20190109,0, , ,7,0,0002,UQF110,자연경관지구,08,대,UQA001,도시지역, ,1,02000,공동주택,11110-100030002,329.6,0,서울특별시 종로구 청운동 12-2번지, ,17,11110, , , ,479.69,0, ,135.49,446.59
0, , ,20170222,0,0,10100, , ,0012,20170223,0, , ,0,0,0003, , ,08,대, , , ,0, , ,11110-100027328,0,0,서울특별시 종로구 청운동 12-3번지, ,18,11110, , , ,0,0, ,0,0
0, , ,20190211,0,0,10100, , ,0012,20190212,0, , ,0,0,0003, , ,08,대, , , ,0, , ,11110-100034834,0,0,서울특별시 종로구 청운동 12-3번지, ,19,11110, , , ,0,0, ,0,0
0, , ,20190306,0,0,10100, , ,0012,20190307,0, , ,0,0,0003, , ,08,대, , , ,0, , ,11110-100035371,0,0,서울특별시 종로구 청운동 12-3번지, ,20,11110, , , ,0,0, ,0,0
52.7,0100,신축,20190108,0,39.77,10100, , ,0012,20190329,2, , ,0,0,0003, , ,08,대,UQA001,도시지역, ,1,01000,단독주택,11110-100034089,132.5,0,서울특별시 종로구 청운동 12-3번지,20190328,21,11110, , ,20190327,147.02,0, ,110.96,147.02
66.93,0200,증축, ,0,60.03,10100, , ,0012,20141210,1, , ,0,0,0005,UQF110,자연경관지구,08,대,UQA121,제1종일반주거지역, ,1,01000,단독주택,11110-100021370,111.5,0,서울특별시 종로구 청운동 12-5번지, ,22,11110, , , ,111.29,0,20141208,90.18,100.55
0, , ,20071005,0,0,10100, , ,0012,20100325,0, , ,0,0,0009, , , , , , , ,0, , ,11110-6731,0,0,서울특별시 종로구 청운동 12-9번지, ,23,11110, , , ,0,0, ,0,0
0, , ,20021209,0,0,10100, , ,0015,20100325,0, , ,0,0,0000, , , , , , , ,0, , ,11110-5628,0,0,서울특별시 종로구 청운동 15번지, ,24,11110, , , ,0,0, ,0,0
248.25,0100,신축,20021212,0,29.79,10100,레노시스빌, ,0015,20130618,0, , ,3,0,0000,411,자연경관지구,08,대,0100,도시지역, ,1,02000,공동주택,11110-1864,833.3,0,서울특별시 종로구 청운동 15번지,20021216,25,11110, , ,20021216,1117.51,10,20030709,87.52,729.33
0, , ,20020219,0,0,10100, , ,0015,20100325,0, , ,0,0,0007, , , , , , , ,0, , ,11110-5208,0,0,서울특별시 종로구 청운동 15-7번지, ,26,11110, , , ,0,0, ,0,0
176.06,0100,신축,20020307,0,29.59,10100,드림빌, ,0015,20130618,0, , ,3,0,0007,990,기타지구,08,대,1020,일반주거지역, ,1,02000,공동주택,11110-1561,595,0,서울특별시 종로구 청운동 15-7번지,20020329,27,11110, , ,20020329,658,6,20021221,85.11,506.4
142.22,0100,신축,20030416,0,29.63,10100,청운동 단독주택, ,0015,20090326,1, , ,0,0,0009,990,기타지구,08,대,1020,일반주거지역, ,1,01000,단독주택,11110-2561,480,0,서울특별시 종로구 청운동 15-9번지,20030422,28,11110, , ,20030422,327.16,2,20030924,68.16,327.16
0, , ,20030122,0,0,10100, , ,0015,20100325,0, , ,0,0,0009, , , , , , , ,0, , ,11110-5668,0,0,서울특별시 종로구 청운동 15-9번지, ,29,11110, , , ,0,0, ,0,0
0, , ,20130930,0,0,10100, , ,0015,20131001,0, , ,0,0,0012, , ,08,대, , , ,0, , ,11110-100018280,0,0,서울특별시 종로구 청운동 15-12번지, ,30,11110, , , ,0,0, ,0,0
165.1,0100,신축,20121231,0,29.9697,10100,단독주택, ,0015,20180914,1,UOA120,상대정화구역,0,0,0012,UQF110,자연경관지구,08,대,UQA001,도시지역, ,1,01000,단독주택,11110-100016889,550.89,0,서울특별시 종로구 청운동 15-12번지,20131024,31,11110, , ,20131025,518.09,0,20140709,54.1215,298.15
0, , ,20090617,0,0,10100, , ,0015,20100325,0, , ,0,0,0014, , ,08,대, , , ,0, , ,11110-100010314,0,0,서울특별시 종로구 청운동 15-14번지, ,32,11110, , , ,0,0, ,0,0
209.65,0100,신축,20100324,0,28.65,10100,청운동 15-14 단독주택 (박성빈), ,0015,20111209,1,272,상대정화구역,0,0,0014,411,자연경관지구,08,대,0100,도시지역, ,1,01000,단독주택,11110-100011735,731.8,0,서울특별시 종로구 청운동 15-14번지,20100519,33,11110, , ,20100517,498.28,0,20111206,51.44,376.44
18, , ,20090813,0,0,10100, , ,0015,20111209,0, , ,0,0,0014, , ,08,대,1021,제1종일반주거지역, ,0, , ,11110-100010771,523.3,0,서울특별시 종로구 청운동 15-14번지, ,34,11110, , , ,36,0, ,0,0
0, , ,20030829,0,0,10100, , ,0015,20100325,0, , ,0,0,0015, , , , , , , ,0, , ,11110-5880,0,0,서울특별시 종로구 청운동 15-15번지, ,35,11110, , , ,0,0, ,0,0
166.02,0100,신축,20030719,0,27.54,10100,청운동주택, ,0015,20130618,1, , ,0,0,0015,411,자연경관지구,08,대,1022,제2종일반주거지역, ,1,01000,단독주택,11110-2463,602.9,0,서울특별시 종로구 청운동 15-15번지,20030920,36,11110, , ,20030915,569.39,0,20050305,48.05,289.7
0, , ,20090617,0,0,10100, , ,0015,20100325,0, , ,0,0,0017, , ,08,대, , , ,0, , ,11110-100010315,0,0,서울특별시 종로구 청운동 15-17번지, ,37,11110, , , ,0,0, ,0,0
214.05,0100,신축,20100324,0,22.68,10100,청운동 15-17 단독주택 (정지윤), ,0015,20111104,1,318,대공방어협조구역,0,0,0017,411,자연경관지구,08,대,0100,도시지역, ,1,01000,단독주택,11110-100011736,943.6,0,서울특별시 종로구 청운동 15-17번지,20100519,38,11110, , ,20100517,491.75,0,20111103,39.03,368.31
0, , ,20061204,0,0,10100, , ,0015,20100325,0, , ,0,0,0021, , , , , , , ,0, , ,11110-6589,0,0,서울특별시 종로구 청운동 15-21번지, ,39,11110, , , ,0,0, ,0,0
174.54,0200,증축,20131105,0,29.9,10100, , ,0015,20140318,1, , ,0,0,0022,UQF110,자연경관지구,08,대,UQA001,도시지역, ,1,01000,단독주택,11110-100018579,583.8,0,서울특별시 종로구 청운동 15-22번지,20131106,40,11110, , ,20131107,515.02,0,20140317,51.76,302.17
149.03,0100,신축,20020730,0,29.76,10100,청운동 주택, ,0015,20130824,1, , ,0,0,0033, , ,08,대, , , ,1,01000,단독주택,11110-1951,500.75,0,서울특별시 종로구 청운동 15-33번지, ,41,11110, , , ,325.72,2, ,60.51,303
0, , ,20170228,0,0,10100, , ,0015,20170301,0,UOA120,상대정화구역,0,0,0033,UQF110,자연경관지구,08,대,UQA121,제1종일반주거지역, ,0, , ,11110-100027374,0,0,서울특별시 종로구 청운동 15-33번지, ,42,11110, , , ,0,0, ,0,0
120.24,0100,신축,20160615,0,29.91,10100,청운동  단독주택, ,0015,20180420,1, , ,0,0,0033,UQF110,자연경관지구,08,대,UQA121,제1종일반주거지역, ,1,01000,단독주택,11110-100025592,401.99,0,서울특별시 종로구 청운동 15-33번지,20160729,43,11110, , ,20160718,486.83,0,20180419,82.57,331.94
159.26,0200,증축,20121011,3,23.1039,10100,부속동, ,0015,20130727,0,UOA120,상대정화구역,1,0,0046,UQF110,자연경관지구,08,대,UQA001,도시지역, ,1,01000,단독주택,11110-100016486,689.32,0,서울특별시 종로구 청운동 15-46번지,20130509,44,11110, , ,20130513,260.76,0,20130726,30.6926,211.57
0, , ,20150626,0,0,10100, , ,0015,20150627,0, , ,0,0,0046, , ,08,대, , , ,0, , ,11110-100023085,0,0,서울특별시 종로구 청운동 15-46번지, ,45,11110, , , ,0,0, ,0,0
193.97,0100,신축,20151013,1,28.13,10100,청운동 15-46 단독주택 (조상래), ,0015,20161207,1, , ,0,0,0046,UQF110,자연경관지구,08,대,UQA001,도시지역, ,1,01000,단독주택,11110-100023938,689.38,0,서울특별시 종로구 청운동 15-46번지,20151113,46,11110, , ,20151116,350.458,0,20161206,41.39,285.378
195, , ,20000601,0,0,10100, , ,0015,20100818,0, , ,0,0,0047, , , , , , , ,0, , ,11110-732,203,0,서울특별시 종로구 청운동 15-47번지, ,47,11110, , , ,195,0, ,0,0
125.51,0100,신축,20010814,0,29.862,10100,청운동주택, ,0015,20130618,1, , ,0,0,0056, , ,08,대,1020,일반주거지역, ,1,01000,단독주택,11110-929,420.3,0,서울특별시 종로구 청운동 15-56번지,20010912,48,11110, , ,20010912,381.03,3,20020314,57.2758,240.73
49.58, , ,20050311,0,0,10100, , ,0016,20190305,0, , ,0,0,0001, , , , , , , ,0, , ,11110-3511,0,0,서울특별시 종로구 청운동 16-1번지, ,49,11110, , , ,49.58,0, ,0,0
342.16,0100,신축,20030725,0,29.59,10100,청운동 라임카운티, ,0030,20140711,0, , ,8,0,0001,300,자연환경지구,08,대,1021,제1종일반주거지역, ,1,02000,공동주택,11110-2469,1156.3,0,서울특별시 종로구 청운동 30-1번지,20030814,50,11110, , ,20030820,1710.1,16,20040831,84.13,972.78
0, , ,20030612,0,0,10100, , ,0030,20100325,0, , ,0,0,0005, , , , , , , ,0, , ,11110-5806,0,0,서울특별시 종로구 청운동 30-5번지, ,51,11110, , , ,0,0, ,0,0
0, , ,20151013,0,0,10100, , ,0030,20151014,0, , ,0,0,0013, , ,08,대, , , ,0, , ,11110-100023937,0,0,서울특별시 종로구 청운동 30-13번지, ,52,11110, , , ,0,0, ,0,0
321.28,0100,신축,20151111,0,28.82,10100,청운동 30-13외 2필지 근린생활시설, ,0030,20170908,0,UOA120,상대정화구역,0,0,0013,UQF110,자연경관지구,08,대,UQA001,도시지역, ,1,03000,제1종근린생활시설,11110-100024216,1114.9,0,서울특별시 종로구 청운동 30-13번지,20151127,53,11110, , ,20151127,998.3,0,20170907,74.44,829.98
0, , ,20171019,0,0,10100, , ,0030,20171020,0,ZQ0001,중점경관관리구역,0,0,0013,UQF110,자연경관지구,08,대,UQA01X,도시지역, ,0, , ,11110-100029175,0,0,서울특별시 종로구 청운동 30-13번지, ,54,11110, , , ,0,0, ,0,0
226.9,0200,증축,20170105,0,28.68,10100, , ,0030,20180519,2, , ,0,0,0015,UQF110,자연경관지구,08,대,UQA121,제1종일반주거지역, ,1,01000,단독주택,11110-100027079,791.2,0,서울특별시 종로구 청운동 30-15번지,20170118,55,11110, , ,20170119,449.14,0, ,52.73,417.17
27, , ,20010810,0,0,10100, , ,0031,20100818,0, , ,0,0,0007, , , , , , , ,0, , ,11110-1370,110.1,0,서울특별시 종로구 청운동 31-7번지, ,56,11110, , , ,27,0, ,0,0
0, , ,20151013,0,0,10100, , ,0038,20151014,0, , ,0,0,0001, , ,08,대, , , ,0, , ,11110-100023936,0,0,서울특별시 종로구 청운동 38-1번지, ,57,11110, , , ,0,0, ,0,0
0, , ,20030409,0,0,10100, , ,0039,20100325,0, , ,0,0,0006, , , , , , , ,0, , ,11110-5722,0,0,서울특별시 종로구 청운동 39-6번지, ,58,11110, , , ,0,0, ,0,0
74.11,0100,신축,20021023,0,38.9,10100,청운동 근린생활시설, ,0039,20140327,0, , ,0,0,0006,200,경치지구,08,대,1020,일반주거지역, ,1,04000,제2종근린생활시설,11110-1827,190.5,0,서울특별시 종로구 청운동 39-6번지,20030412,59,11110, , ,20030414,331.41,3,20031017,116.71,222.33
184.36,0100,신축,20011228,0,29.93,10100,청운동 다세대주택, ,0040,20090326,0, , ,6,0,0003,990,기타지구,08,대,1020,일반주거지역, ,1,02000,공동주택,11110-1032,615.9,0,서울특별시 종로구 청운동 40-3번지, ,60,11110, , , ,553.08,6, ,89.8,553.08
0, , ,20020905,0,0,10100, , ,0040,20100325,0, , ,0,0,0003, , , , , , , ,0, , ,11110-5518,0,0,서울특별시 종로구 청운동 40-3번지, ,61,11110, , , ,0,0, ,0,0
149.4,0100,신축,20020902,0,24.26,10100,한혜진씨근/생주택, ,0040,20140206,1, , ,0,0,0003,200,경치지구,08,대,1020,일반주거지역, ,1,04000,제2종근린생활시설,11110-1758,615.9,0,서울특별시 종로구 청운동 40-3번지,20020905,62,11110, , ,20020909,387,3,20021221,62.83,387
149.4,0200,증축,20140303,0,24.26,10100, , ,0040,20180914,0, , ,0,0,0003,UQF110,자연경관지구,08,대,UQA001,도시지역, ,1,04000,제2종근린생활시설,11110-100019422,615.9,0,서울특별시 종로구 청운동 40-3번지,20140304,63,11110, , ,20140305,448.2,0,20140328,72.77,448.2
121.42,0700,용도변경,20150721,0,30.68,10100, , ,0048,20150730,0, , ,0,0,0000,UQF110,자연경관지구,08,대,UQA121,제1종일반주거지역, ,1,04000,제2종근린생활시설,11110-100023269,395.7,0,서울특별시 종로구 청운동 48번지, ,64,11110, , , ,268.89,0,20150729,59.95,237.22
0, , ,20160705,0,0,10100, , ,0049,20160706,0, , ,0,0,0002, , ,08,대, , , ,0, , ,11110-100025772,0,0,서울특별시 종로구 청운동 49-2번지, ,65,11110, , , ,0,0, ,0,0
107.01,0100,신축,20160113,0,39.32,10100, , ,0049,20170524,1, , ,0,0,0002,UQF110,자연경관지구,08,대,UQA121,제1종일반주거지역, ,1,04000,제2종근린생활시설,11110-100024571,272.1,0,서울특별시 종로구 청운동 49-2번지,20160714,66,11110, , ,20160718,471.49,0,20170523,115.7,314.83
0, , ,20160705,0,0,10100, , ,0049,20160706,0, , ,0,0,0003, , ,08,대, , , ,0, , ,11110-100025771,0,0,서울특별시 종로구 청운동 49-3번지, ,67,11110, , , ,0,0, ,0,0
72.12,0100,신축,20160629,0,46.62,10100,청운동 50-6 단독주택, ,0050,20170421,0,UOA120,상대정화구역,1,0,0006,UQH110,최고고도지구,08,대,UQA001,도시지역, ,1,01000,단독주택,11110-100025737,154.7,0,서울특별시 종로구 청운동 50-6번지,20160929,68,11110, , ,20160930,116.79,0,20170419,75.49,116.79
176.07,0100,신축,20011219,0,51.06,10100,다세대주택, ,0050,20131206,0, , ,8,0,0010,112,최고고도지구,08,대,1020,일반주거지역, ,1,02000,공동주택,11110-1020,344.8,0,서울특별시 종로구 청운동 50-10번지,20020323,69,11110, , ,20020329,657.83,8,20021114,190.79,657.83
0, , ,20180420,0,0,10100, , ,0050,20180421,0, , ,0,0,0030, , ,08,대, , , ,0, , ,11110-100030448,0,0,서울특별시 종로구 청운동 50-30번지, ,70,11110, , , ,0,0, ,0,0
192.28,0100,신축,20160203,0,57.39,10100, , ,0050,20190213,0, , ,7,0,0030,UQH110,최고고도지구,08,대,UQA122,제2종일반주거지역, ,1,02000,공동주택,11110-100024762,336.2,0,서울특별시 종로구 청운동 50-30번지,20180813,71,11110, ,20180120,20180816,606.38,0,20190212,180.36,606.38
0, , ,20160802,0,0,10100, , ,0050,20160805,0, , ,0,0,0040, , ,08,대, , , ,0, , ,11110-100025971,0,0,서울특별시 종로구 청운동 50-40번지, ,72,11110, , , ,0,0, ,0,0
163.26,0100,신축,20160802,0,29.4773,10100,청운동 50-40 단독주택 (김광옥), ,0050,20170722,0, , ,1,0,0040,UQF110,자연경관지구,08,대,UQA001,도시지역, ,1,01000,단독주택,11110-100025972,553.85,0,서울특별시 종로구 청운동 50-40번지,20160901,73,11110, , ,20160905,313.11,0,20170721,56.5334,313.11
35.96,0100,신축,20150407,0,53.41,10100,청운동 50-62 단독주택 (이경철), ,0050,20150903,1,UOA120,상대정화구역,0,0,0062,UQH110,최고고도지구,08,대,UQA001,도시지역, ,1,01000,단독주택,11110-100022515,67.33,0,서울특별시 종로구 청운동 50-62번지,20150518,74,11110, , ,20150515,121.34,0,20150901,146.86,98.88
122.1,0100,신축,20001205,0,54.8813,10100, , ,0051,20130618,0, , ,4,0,0005,112,최고고도지구, , ,1020,일반주거지역, ,1,02000,공동주택,11110-517,222.48,0,서울특별시 종로구 청운동 51-5번지,20001205,75,11110, , ,20001215,430.02,4,20010730,193.2848,430.02
121.43,0100,신축,20001205,0,54.36,10100, , ,0051,20130618,0,990,기타구역,4,0,0005,112,최고고도지구,08,대,1020,일반주거지역, ,1,02000,공동주택,11110-418,222.48,0,서울특별시 종로구 청운동 51-5번지,20001211,76,11110, , ,20001215,437.18,4, ,196.5,437.18
123.76,0100,신축,20150925,0,59.5,10100,청운동 52-2 단독주택 (홍은표), ,0052,20160608,2,UOA120,상대정화구역,0,0,0002,UQH110,최고고도지구,08,대,UQA001,도시지역, ,1,01000,단독주택,11110-100023810,208,0,서울특별시 종로구 청운동 52-2번지,20151027,77,11110, , ,20151027,351.8,0,20160607,149.61,311.2
0, , ,20100615,0,0,10100, , ,0052,20100616,0, , ,0,0,0005, , ,08,대, , , ,0, , ,11110-100012124,0,0,서울특별시 종로구 청운동 52-5번지, ,78,11110, , , ,0,0, ,0,0
166.38,0100,신축,20100430,0,55.61,10100, , ,0052,20101123,0, , ,8,0,0005,112,최고고도지구,08,대,0100,도시지역, ,1,02000,공동주택,11110-100011904,299.2,0,서울특별시 종로구 청운동 52-5번지,20100625,79,11110, , ,20100625,596.6,0,20101119,199.4,596.6
166.38,0200,증축, ,0,55.61,10100, , ,0052,20141001,0, , ,8,0,0005,UQH110,최고고도지구,08,대,UQA122,제2종일반주거지역, ,1,02000,공동주택,11110-100020788,299.2,0,서울특별시 종로구 청운동 52-5번지, ,80,11110, , , ,637.08,0,20140929,212.93,637.08
166.38,0600,대수선,20180319,0,55.6083,10100,효산빌리지, ,0052,20180328,0, , ,8,0,0005, , ,08,대, , , ,1,02000,공동주택,11110-100030171,299.2,0,서울특별시 종로구 청운동 52-5번지,20180327,81,11110, , ,20180322,637.08,0, ,212.9278,637.08
97.6,0100,신축,20010214,0,56.16,10100,신현빌라트, ,0052,20090326,0, , ,4,0,0006,112,최고고도지구,08,대,1020,일반주거지역, ,1,02000,공동주택,11110-794,173.78,0,서울특별시 종로구 청운동 52-6번지,20010226,82,11110, , ,20010226,458.28,4,20010531,208.99,363.2
110.86,0100,신축,20000624,0,29.91,10100,청운빌라, ,0052,20130618,0, , ,3,0,0010,200,경치지구,08,대,1020,일반주거지역, ,1,02000,공동주택,11110-472,370.63,0,서울특별시 종로구 청운동 52-10번지,20000707,83,11110, , ,200007,487.48,6,20011231,88.29,327.24
102.41,0100,신축,20000412,0,59.57,10100, , ,0052,20100604,0, , ,4,0,0015,112,최고고도지구,08,대,1020,일반주거지역, ,1,02000,공동주택,11110-446,171.9,0,서울특별시 종로구 청운동 52-15번지,20000412,84,11110, , , ,485.32,4, ,223.12,383.55
101.76,0100,신축,20030719,0,56.64,10100,청운빌라, ,0052,20090326,0, , ,4,0,0016,112,최고고도지구,08,대,1020,일반주거지역, ,1,02000,공동주택,11110-2465,185.1,0,서울특별시 종로구 청운동 52-16번지, ,85,11110, ,20050630, ,407.49,4, ,171.59,317.61
110.88,0100,신축,20000612,0,59.9,10100,다세대주택, ,0052,20090326,0, , ,4,0,0018,112,최고고도지구,08,대,1020,일반주거지역, ,1,02000,공동주택,11110-567,185.1,0,서울특별시 종로구 청운동 52-18번지, ,86,11110, , , ,532.32,5,20001122,227.68,421.44
110.88,0100,신축,20000612,0,59.9,10100,'빈귀자'씨다세대주택, ,0052,20120204,0, , ,4,0,0018,112,최고고도지구,08,대,1020,일반주거지역, ,1,02000,공동주택,11110-467,185.1,0,서울특별시 종로구 청운동 52-18번지, ,87,11110, , , ,532.32,5, ,227.68,421.44
44.43,0100,신축,20010413,0,39.86,10100,단독주택,52,0052,20090326,1, , ,0,0,0023,300,자연환경지구,08,대,1020,일반주거지역,23,1,01000,단독주택,11110-1080,111.44,0,서울특별시 종로구 청운동 52-23번지,20010419,88,11110,서울시 종로구 청운동, ,20010414,158.16,1,20010822,79.73,88.86
73.45,0100,신축,20090223,0,39.6813,10100, , ,0052,20100112,3, , ,0,0,0026,411,자연경관지구,08,대,1021,제1종일반주거지역, ,1,01000,단독주택,11110-100008788,185.1,0,서울특별시 종로구 청운동 52-26번지,20090527,89,11110, , ,20090601,334.31,0,20100105,114.8298,212.55
0, , ,20090527,0,0,10100, , ,0052,20100325,0, , ,0,0,0026, , ,08,대, , , ,0, , ,11110-100009995,0,0,서울특별시 종로구 청운동 52-26번지, ,90,11110, , , ,0,0, ,0,0
0, , ,20161021,0,0,10100, , ,0052,20161022,0, , ,0,0,0028, , ,08,대, , , ,0, , ,11110-100026582,0,0,서울특별시 종로구 청운동 52-28번지, ,91,11110, , , ,0,0, ,0,0
0, , ,20100615,0,0,10100, , ,0052,20100616,0, , ,0,0,0037, , ,08,대, , , ,0, , ,11110-100012123,0,0,서울특별시 종로구 청운동 52-37번지, ,92,11110, , , ,0,0, ,0,0
61.28,0100,신축,20010608,0,57.92,10100,청운동근생주택, ,0052,20090326,1, , ,0,0,0038,112,최고고도지구, , ,1020,일반주거지역, ,1,01000,단독주택,11110-869,105.8,0,서울특별시 종로구 청운동 52-38번지,20010614,93,11110, , , ,190.65,1,20010924,180.2,190.65
0, , ,20010611,0,0,10100, , ,0052,20100325,0, , ,0,0,0038, , , , , , , ,0, , ,11110-4983,0,0,서울특별시 종로구 청운동 52-38번지, ,94,11110, , , ,0,0, ,0,0
32.99,0100,신축,20090908,0,39.6514,10100,청운동 52-42 단독주택 (고경희), ,0052,20091024,2, , ,0,0,0042,411,자연경관지구,08,대,1021,제1종일반주거지역, ,1,01000,단독주택,11110-100010883,83.2,0,서울특별시 종로구 청운동 52-42번지,20090909,95,11110, , ,20090909,90.69,0,20091023,109.0024,90.69
0, , ,20090724,0,0,10100, , ,0052,20100325,0, , ,0,0,0042, , ,08,대, , , ,0, , ,11110-100010702,0,0,서울특별시 종로구 청운동 52-42번지, ,96,11110, , , ,0,0, ,0,0
82.65,0100,신축,20030312,0,29.75,10100,청운동 단독주택, ,0052,20090326,1, , ,0,0,0051,200,경치지구,08,대,0100,도시지역, ,1,01000,단독주택,11110-2556,277.77,0,서울특별시 종로구 청운동 52-51번지,20030320,97,11110, , ,20030320,328.32,2,20030905,58.83,163.41
0, , ,20051118,0,0,10100, , ,0052,20100325,0, , ,0,0,0057, , , , , , , ,0, , ,11110-6438,0,0,서울특별시 종로구 청운동 52-57번지, ,98,11110, , , ,0,0, ,0,0
76.76,0100,신축,20051229,0,39.88,10100,청운동 한옥주택, ,0052,20140902,1, , ,0,0,0057,411,자연경관지구,08,대,1021,제1종일반주거지역, ,1,01000,단독주택,11110-3380,192.5,0,서울특별시 종로구 청운동 52-57번지,20060109,99,11110, , ,20060106,76.76,1,20060530,39.88,76.76
0, , ,20051118,0,0,10100, , ,0052,20100325,0, , ,0,0,0066, , , , , , , ,0, , ,11110-6437,0,0,서울특별시 종로구 청운동 52-66번지, ,100,11110, , , ,0,0, ,0,0
0, , ,20120216,0,0,10100, , ,0052,20120217,0, , ,0,0,0083, , ,08,대, , , ,0, , ,11110-100015299,0,0,서울특별시 종로구 청운동 52-83번지, ,101,11110, , , ,0,0, ,0,0
0, , ,20120216,0,0,10100, , ,0052,20120217,0, , ,0,0,0083, , ,08,대, , , ,0, , ,11110-100015298,0,0,서울특별시 종로구 청운동 52-83번지, ,102,11110, , , ,0,0, ,0,0
119.59,0100,신축,20120126,0,29.8386,10100, , ,0052,20120731,2,UOA120,상대정화구역,0,0,0083,UQF110,자연경관지구,08,대,UQA001,도시지역, ,1,01000,단독주택,11110-100015218,400.79,0,서울특별시 종로구 청운동 52-83번지,20120216,103,11110, , ,20120222,278.42,0,20120730,58.8612,235.91
135.04,0200,증축,20120126,0,33.69,10100, , ,0052,20140710,2, , ,0,0,0083,UQF110,자연경관지구,08,대,UQA121,제1종일반주거지역, ,1,01000,단독주택,11110-100020246,400.79,0,서울특별시 종로구 청운동 52-83번지, ,104,11110, , , ,293.87,0,20120730,62.71,251.36
126.35,0200,증축,20060316,0,28.97,10100,청운동50-106주택, ,0052,20090326,1, , ,0,0,0106,990,기타지구,08,대,1021,제1종일반주거지역, ,1,01000,단독주택,11110-3856,436.2,0,서울특별시 종로구 청운동 52-106번지,20060323,105,11110, , ,20060324,266.23,0,20060703,52.81,230.36
157.91,0200,증축,20001113,0,26.7,10100, , ,0052,20100818,1, , ,0,0,0108, , ,08,대,1020,일반주거지역, ,1,01000,단독주택,11110-674,591.4,0,서울특별시 종로구 청운동 52-108번지, ,106,11110, , , ,320.08,0,20030710,45.78,270.79
112.31,0100,신축,20181224,0,29.5735,10100,청운동단독주택, ,0052,20190109,0,UOA120,상대정화구역,1,0,0127,UQF110,자연경관지구,08,대,UQA121,제1종일반주거지역, ,1,01000,단독주택,11110-100033809,379.8,0,서울특별시 종로구 청운동 52-127번지,20190107,107,11110, , ,20190104,254.55,0, ,67.0221,254.55
97.85,0100,신축,20181224,0,28.924,10100,청운동 52-128 다세대주택, ,0052,20190124,0,ZQ0001,중점경관관리구역,2,0,0128,UQF110,자연경관지구,08,대,UQA121,제1종일반주거지역, ,1,02000,공동주택,11110-100033810,338.3,0,서울특별시 종로구 청운동 52-128번지,20190123,108,11110, , ,20190121,291.75,0, ,64.7354,219
93.7,0100,신축,20190322,0,29.9648,10100,청운동 52-131 공동주택 (윤성원), ,0052,20190323,0,ZQ0001,중점경관관리구역,3,0,0131,UQF110,자연경관지구,08,대,UQA01X,도시지역, ,1,02000,공동주택,11110-100035831,312.7,0,서울특별시 종로구 청운동 52-131번지, ,109,11110, , , ,438.74,0, ,85.2031,266.43
0, , ,20130313,0,0,10100, , ,0053,20130315,0, , ,0,0,0003, , ,08,대, , , ,0, , ,11110-100017257,0,0,서울특별시 종로구 청운동 53-3번지, ,110,11110, , , ,0,0, ,0,0
156.11,0100,신축,20130328,0,28.8916,10100,청운동 53-3 단독주택 (황호양), ,0053,20180914,4, , ,0,0,0003,UQF110,자연경관지구,08,대,UQA121,제1종일반주거지역, ,1,01000,단독주택,11110-100017312,540.33,0,서울특별시 종로구 청운동 53-3번지,20130602,111,11110, , ,20130531,656.98,0,20140220,84.6409,457.34
47.48,0200,증축,20121227,0,39.69,10100,청운동 단독주택, ,0053,20130803,1, , ,0,0,0008,UQF110,자연경관지구,08,대,UQA121,제1종일반주거지역, ,1,01000,단독주택,11110-100016882,119.63,0,서울특별시 종로구 청운동 53-8번지,20130613,112,11110, , ,20130617,142.44,0,20130802,119.07,142.44
47.48,0100,신축,20010420,0,39.689,10100,단독주택, ,0053,20141024,1, , ,0,0,0008,200,경치지구, , ,1020,일반주거지역, ,1,01000,단독주택,11110-1081,119.63,0,서울특별시 종로구 청운동 53-8번지,20010510,113,11110, , ,200105,119.44,0,20011129,99.8412,119.44
0, , ,20110225,0,0,10100, , ,0053,20110226,0, , ,0,0,0016, , ,08,대, , , ,0, , ,11110-100013380,0,0,서울특별시 종로구 청운동 53-16번지, ,114,11110, , , ,0,0, ,0,0
145.06,0100,신축,20110323,0,29.9754,10100, , ,0053,20120425,0, , ,0,0,0016,UQF110,자연경관지구,08,대,UQA121,제1종일반주거지역, ,1,01000,단독주택,11110-100013593,483.93,0,서울특별시 종로구 청운동 53-16번지,20110325,115,11110, , ,20110328,369.74,0,20120424,54.4252,263.38
100.84,0100,신축,19910419,0,58.93,10100,청운동다가구주택, ,0053,20090326,3, , ,0,0,0017,411,자연경관지구,08,대,1021,제1종일반주거지역, ,1,01000,단독주택,11110-92,171.13,0,서울특별시 종로구 청운동 53-17번지, ,116,11110, , , ,245.17,0,20061211,143.27,245.17
46.13,0100,신축,20070709,0,39.02,10100,., ,0053,20090326,0, , ,1,0,0018,411,자연경관지구,08,대,1021,제1종일반주거지역, ,1,01000,단독주택,11110-4107,118.23,0,서울특별시 종로구 청운동 53-18번지,20070710,117,11110, , ,20070711,137.43,0,20071211,116.24,137.43
0, , ,20070605,0,0,10100, , ,0053,20100325,0, , ,0,0,0018, , , , , , , ,0, , ,11110-6687,0,0,서울특별시 종로구 청운동 53-18번지, ,118,11110, , , ,0,0, ,0,0
0, , ,20130716,0,0,10100, , ,0053,20130723,0, , ,0,0,0019, , ,08,대, , , ,0, , ,11110-100017873,0,0,서울특별시 종로구 청운동 53-19번지, ,119,11110, , , ,0,0, ,0,0
45.9,0100,신축,20130806,0,39.9826,10100,청운동 53-19 단독주택 (김선규), ,0053,20140117,1, , ,0,0,0019,UQF110,자연경관지구,08,대,UQA121,제1종일반주거지역, ,1,01000,단독주택,11110-100018037,114.8,0,서울특별시 종로구 청운동 53-19번지,20130926,120,11110, , ,20130930,132.9,0,20140116,115.77,132.9
0, , ,20110307,0,0,10100, , ,0053,20110308,0, , ,0,0,0031, , ,08,대, , , ,0, , ,11110-100013449,0,0,서울특별시 종로구 청운동 53-31번지, ,121,11110, , , ,0,0, ,0,0
36.72,0100,신축,20110302,0,39.73,10100, , ,0053,20120229,2, , ,0,0,0031,UQF110,자연경관지구,08,대,UQA121,제1종일반주거지역, ,1,01000,단독주택,11110-100013423,92.42,0,서울특별시 종로구 청운동 53-31번지,20110307,122,11110, , ,20110309,103.48,0,20120228,111.97,103.48
154.74,0200,증축,20030429,0,29.15,10100,뿌리의집, ,0053,20090326,0, , ,0,0,0056,200,경치지구,08,대,1020,일반주거지역, ,1,04000,제2종근린생활시설,11110-2635,530.9,0,서울특별시 종로구 청운동 53-56번지, ,123,11110, , , ,473.91,3, ,48.13,255.5
175.66,0100,신축,20070403,0,27.7,10100,청운동 G주택, ,0053,20090326,0, , ,1,0,0057,411,자연경관지구,08,대,1021,제1종일반주거지역, ,1,01000,단독주택,11110-4073,634.1,0,서울특별시 종로구 청운동 53-57번지,20070411,124,11110, , ,20070411,634.53,5,20080507,64.84,411.17
0, , ,20070221,0,0,10100, , ,0053,20100325,0, , ,0,0,0057, , , , , , , ,0, , ,11110-6641,0,0,서울특별시 종로구 청운동 53-57번지, ,125,11110, , , ,0,0, ,0,0
144.56,0700,용도변경,20130906,0,22.1616,10100, , ,0053,20130911,1, , ,0,0,0060,UQF110,자연경관지구,08,대,UQA121,제1종일반주거지역, ,1,01000,단독주택,11110-100018204,652.3,0,서울특별시 종로구 청운동 53-60번지, ,126,11110, , , ,288.46,0, ,42.0282,274.15
144.56,0700,용도변경,20131025,0,22.1616,10100, , ,0053,20131026,1, , ,0,0,0060,UQF110,자연경관지구,08,대,UQA121,제1종일반주거지역, ,1,01000,단독주택,11110-100018469,652.3,0,서울특별시 종로구 청운동 53-60번지, ,127,11110, , , ,288.46,0, ,42.0282,274.15
140.66,0700,용도변경,20150501,0,21.56,10100, , ,0053,20150508,1, , ,0,0,0060,UQF110,자연경관지구,08,대,UQA121,제1종일반주거지역, ,1,01000,단독주택,11110-100022710,652.3,0,서울특별시 종로구 청운동 53-60번지, ,128,11110, , , ,288.46,0,20150507,42.03,274.15
140.66,0700,용도변경,20180418,0,21.56,10100, , ,0053,20180419,0, , ,0,0,0060,UQF110,자연경관지구,08,대,UQA121,제1종일반주거지역, ,1,04000,제2종근린생활시설,11110-100030423,652.3,0,서울특별시 종로구 청운동 53-60번지, ,129,11110, , , ,288.46,0, ,42.03,274.15
45.99,0200,증축,20081022,0,39.89,10100, , ,0053,20090610,0, , ,1,0,0078,411,자연경관지구,08,대,1021,제1종일반주거지역, ,2,01000,단독주택,11110-100007235,115.3,0,서울특별시 종로구 청운동 53-78번지,20081027,130,11110, , ,20081030,62.31,0,20090609,54.04,62.31
0, , ,20070605,0,0,10100, , ,0053,20100325,0, , ,0,0,0083, , , , , , , ,0, , ,11110-6688,0,0,서울특별시 종로구 청운동 53-83번지, ,131,11110, , , ,0,0, ,0,0
36.8,0100,신축,20070829,0,39.82,10100,., ,0053,20140411,1, , ,0,0,0083,411,자연경관지구,08,대,1021,제1종일반주거지역, ,1,01000,단독주택,11110-4118,92.42,0,서울특별시 종로구 청운동 53-83번지,20070831,132,11110, , ,20070831,110.4,0,20071211,119.45,110.4
0, , ,20130730,0,0,10100, , ,0053,20130801,0, , ,0,0,0088, , ,08,대, , , ,0, , ,11110-100017954,0,0,서울특별시 종로구 청운동 53-88번지, ,133,11110, , , ,0,0, ,0,0
26.46,0100,신축,20130605,0,39.32,10100, , ,0053,20141021,1, , ,0,0,0088,UQF110,자연경관지구,08,대,UQA001,도시지역, ,1,01000,단독주택,11110-100017623,67.3,0,서울특별시 종로구 청운동 53-88번지,20140226,134,11110, , ,20140302,77.93,0,20141020,108.41,72.98
0, , ,20110907,0,0,10100, , ,0055,20110908,0, , ,0,0,0013, , ,08,대, , , ,0, , ,11110-100014357,0,0,서울특별시 종로구 청운동 55-13번지, ,135,11110, , , ,0,0, ,0,0
145.1,0100,신축,19991029,0,29.65,10100, , ,0056,20090326,3, , ,0,0,0001,112,최고고도지구,08,대,1020,일반주거지역, ,1,01000,단독주택,11110-311,489.3,0,서울특별시 종로구 청운동 56-1번지,19991026,136,11110, , , ,1014.59,7,20010423,88.71,434.07
173.98,0600,대수선,20071113,1,26.55,10100,., ,0056,20090326,1, , ,0,0,0003, , ,08,대,1021,제1종일반주거지역, ,1,01000,단독주택,11110-4192,655.2,0,서울특별시 종로구 청운동 56-3번지, ,137,11110, , , ,496.43,0,20071117,58.66,384.33
87.34,0100,신축,20020801,0,37.1,10100,청운단독주택, ,0056,20150402,1, , ,0,0,0004,990,기타지구,08,대,1020,일반주거지역, ,1,01000,단독주택,11110-1954,235.4,0,서울특별시 종로구 청운동 56-4번지,20020807,138,11110, , ,20020815,263.37,1,20021127,99.81,234.96
0, , ,20020806,0,0,10100, , ,0056,20100325,0, , ,0,0,0013, , , , , , , ,0, , ,11110-5478,0,0,서울특별시 종로구 청운동 56-13번지, ,139,11110, , , ,0,0, ,0,0
127.63,0100,신축,20040217,0,29.95,10100,에벤에셀, ,0056,20140517,0, , ,4,0,0014,300,자연환경지구,08,대,1021,제1종일반주거지역, ,1,02000,공동주택,11110-2857,426.1,0,서울특별시 종로구 청운동 56-14번지,20040402,140,11110, , ,20040409,653.46,5,20050117,86.45,368.37
0, , ,20040407,0,0,10100, , ,0056,20100325,0, , ,0,0,0021, , , , , , , ,0, , ,11110-6082,0,0,서울특별시 종로구 청운동 56-21번지, ,141,11110, , , ,0,0, ,0,0
172.17,0100,신축,20060710,0,52.15,10100,MJ하이빌, ,0056,20090326,0, , ,6,0,0041, , ,08,대,1021,제1종일반주거지역, ,1,02000,공동주택,11110-3663,330.16,0,서울특별시 종로구 청운동 56-41번지,20060911,142,11110, , ,20060911,495.03,6,20070501,149.94,495.03
0, , ,20021106,0,0,10100, , ,0056,20100325,0, , ,0,0,0041, , , , , , , ,0, , ,11110-5602,0,0,서울특별시 종로구 청운동 56-41번지, ,143,11110, , , ,0,0, ,0,0
211.01,0100,신축,20000219,0,50.34,10100,하정빌라, ,0056,20130618,0, , ,4,0,0042, , ,08,대,1020,일반주거지역, ,1,02000,공동주택,11110-429,419.2,0,서울특별시 종로구 청운동 56-42번지,20000219,144,11110, , ,20000401,886.31,7,20010129,157.17,658.87
65.52,0100,신축,20150817,0,54.8514,10100,청운동 56-44 단독주택 (김대중), ,0056,20171118,1, , ,0,0,0044, , ,08,대,UQA121,제1종일반주거지역, ,1,01000,단독주택,11110-100023469,119.45,0,서울특별시 종로구 청운동 56-44번지, ,145,11110, , , ,328.79,0, ,139.9581,167.18
0, , ,20070913,0,0,10100, , ,0056,20100325,0, , ,0,0,0046, , , , , , , ,0, , ,11110-6728,0,0,서울특별시 종로구 청운동 56-46번지, ,146,11110, , , ,0,0, ,0,0
382.09,0100,신축,20020516,0,29.71,10100,청운동노블레스빌, ,0056,20090326,0, , ,6,0,0048, , ,10,학교용지,1020,일반주거지역, ,1,02000,공동주택,11110-1658,1286,0,서울특별시 종로구 청운동 56-48번지,20020626,147,11110, , , ,1521.24,14,20030404,84.64,1088.52
0, , ,20020524,0,0,10100, , ,0056,20100325,0, , ,0,0,0048, , , , , , , ,0, , ,11110-5387,0,0,서울특별시 종로구 청운동 56-48번지, ,148,11110, , , ,0,0, ,0,0
0, , ,20040219,0,0,10100, , ,0056,20100325,0, , ,0,0,0049, , , , , , , ,0, , ,11110-5990,0,0,서울특별시 종로구 청운동 56-49번지, ,149,11110, , , ,0,0, ,0,0
174.54,0100,신축,20021210,0,56.83,10100,청운동다세대주택, ,0056,20140711,0, , ,8,0,0049, , ,08,대,1020,일반주거지역, ,1,02000,공동주택,11110-1861,307.13,0,서울특별시 종로구 청운동 56-49번지, ,150,11110, , , ,655.11,8, ,213.3,655.11
176.89,0100,신축,20030430,0,58.31,10100,청운동 다세대주택, ,0056,20140711,0, , ,4,0,0049, , ,08,대,1020,일반주거지역, ,1,02000,공동주택,11110-2363,303.29,0,서울특별시 종로구 청운동 56-49번지,20030602,151,11110, , ,20030530,889.44,7,20040329,216.97,658.04
0, , ,20100528,0,0,10100, , ,0056,20100529,0, , ,0,0,0060,411,자연경관지구,08,대,1021,제1종일반주거지역, ,0, , ,11110-100012046,0,0,서울특별시 종로구 청운동 56-60번지, ,152,11110, , , ,0,0, ,0,0
71.06,0200,증축,20100308,0,33.3161,10100, , ,0056,20150207,0,318,대공방어협조구역,1,0,0070, , ,08,대,0100,도시지역, ,1,01000,단독주택,11110-100011630,213.29,0,서울특별시 종로구 청운동 56-70번지,20100309,153,11110, , ,20100310,120.14,0,20100422,56.33,120.14
0, , ,20150522,0,0,10100, , ,0056,20150523,0, , ,0,0,0077, , ,08,대, , , ,0, , ,11110-100022814,0,0,서울특별시 종로구 청운동 56-77번지, ,154,11110, , , ,0,0, ,0,0
50.91,0100,신축,20150825,0,39.68,10100,청운동 56-77 단독주택, ,0056,20160629,1, , ,0,0,0077,UQF110,자연경관지구,08,대,UQA001,도시지역, ,1,01000,단독주택,11110-100023518,128.3,0,서울특별시 종로구 청운동 56-77번지,20150914,155,11110, , ,20150916,151.89,0,20160628,118.39,151.89
0, , ,20160419,0,0,10100, , ,0057,20160420,0, , ,0,0,0027, , ,08,대, , , ,0, , ,11110-100025286,0,0,서울특별시 종로구 청운동 57-27번지, ,156,11110, , , ,0,0, ,0,0
114.14,0100,신축,20160211,0,49.33,10100,청운동 57-27 근생 및 다세대주택, ,0057,20161108,0, , ,8,0,0027, , ,08,대,UQA121,제1종일반주거지역, ,1,02000,공동주택,11110-100024788,231.4,0,서울특별시 종로구 청운동 57-27번지,20160513,157,11110, , ,20160512,459.1,0,20161107,149.97,347.04
0, , ,20160420,0,0,10100, , ,0057,20160421,0, , ,0,0,0042, , ,08,대, , , ,0, , ,11110-100025288,0,0,서울특별시 종로구 청운동 57-42번지, ,158,11110, , , ,0,0, ,0,0
184.87,0100,신축,20160707,0,52.4543,10100,진선재, ,0057,20170603,0,UOA110,절대정화구역,4,0,0042, , ,08,대,UQA121,제1종일반주거지역, ,0,02000,공동주택,11110-100025790,352.44,0,서울특별시 종로구 청운동 57-42번지,20160726,159,11110, , ,20160801,723,0,20170602,136.88,482.43
0, , ,20160418,0,0,10100, , ,0057,20160419,0, , ,0,0,0051, , ,08,대, , , ,0, , ,11110-100025285,0,0,서울특별시 종로구 청운동 57-51번지, ,160,11110, , , ,0,0, ,0,0
0, , ,20020304,0,0,10100, , ,0057,20100325,0, , ,0,0,0064, , , , , , , ,0, , ,11110-5230,0,0,서울특별시 종로구 청운동 57-64번지, ,161,11110, , , ,0,0, ,0,0
89.47,0100,신축,20011207,0,59.91,10100,청운동 다세대 신축공사,57,0057,20130618,0, , ,4,0,0064,112,최고고도지구,08,대,1020,일반주거지역,64,1,02000,공동주택,11110-1006,149.35,0,서울특별시 종로구 청운동 57-64번지,20020305,162,11110,서울시 종로구 청운동, ,20020305,423.97,3,20020723,226.7,338.57
89.47,0200,증축, ,0,59.91,10100, , ,0057,20150109,0, , ,5,0,0064, , ,08,대,UQA122,제2종일반주거지역, ,1,02000,공동주택,11110-100021666,149.35,0,서울특별시 종로구 청운동 57-64번지, ,163,11110, , , ,476.36,0,20150108,261.77,390.96
0,0700,용도변경,20110404,0,0,10100, , ,0059,20131018,0, , ,0,0,0005, , ,08,대, , , ,1,03000,제1종근린생활시설,11110-100013670,1,0,서울특별시 종로구 청운동 59-5번지, ,164,11110, , , ,62.81,0, ,0,0
108,0100,신축,20080624,0,59.5,10100,공동주택 (채옥희), ,0060,20090326,0, , ,4,0,0000,112,최고고도지구,08,대,1022,제2종일반주거지역, ,1,02000,공동주택,11110-100005957,181.5,0,서울특별시 종로구 청운동 60번지,20080728,165,11110, , ,20080728,308.13,0,20090205,169.77,308.13
0, , ,20080715,0,0,10100, , ,0060,20100325,0, , ,0,0,0000, , ,08,대, , , ,0, , ,11110-100006197,0,0,서울특별시 종로구 청운동 60번지, ,166,11110, , , ,0,0, ,0,0
0, , ,20190213,0,0,10100, , ,0063,20190214,0, , ,0,0,0000, , ,08,대, , , ,0, , ,11110-100034893,0,0,서울특별시 종로구 청운동 63번지, ,167,11110, , , ,0,0, ,0,0
175.23,0100,신축,20190125,0,48.68,10100, , ,0063,20190329,0,ZQ0001,중점경관관리구역,8,0,0000,UQH100,고도지구,08,대,UQA122,제2종일반주거지역, ,1,02000,공동주택,11110-100034531,360,0,서울특별시 종로구 청운동 63번지,20190328,168,11110, , ,20190327,686.23,0, ,190.62,686.23
111.96,0100,신축,20180302,0,58.77,10100,청운동 65 제2종근린생활시설 (재단법인 한중문화센터), ,0065,20180616,0,ZQ0001,중점경관관리구역,0,0,0000,UQH110,최고고도지구,08,대,UQA122,제2종일반주거지역, ,0,04000,제2종근린생활시설,11110-100030046,190.5,0,서울특별시 종로구 청운동 65번지, ,169,11110, , , ,467.6,0, ,193.98,369.53
0, , ,20180718,0,0,10100, , ,0065,20180719,0, , ,0,0,0000, , ,08,대, , , ,0, , ,11110-100031167,0,0,서울특별시 종로구 청운동 65번지, ,170,11110, , , ,0,0, ,0,0
106.42,0200,증축,20180628,0,55.86,10100,소소, ,0065,20190112,0,ZQ0001,중점경관관리구역,0,0,0000,UQH100,고도지구,08,대,UQA122,제2종일반주거지역, ,1,04000,제2종근린생활시설,11110-100030967,190.5,0,서울특별시 종로구 청운동 65번지,20180814,171,11110, , ,20180814,449.35,0,20190111,182.15,347
0, , ,20121112,0,0,10100, , ,0068,20121113,0, , ,0,0,0000, , ,08,대, , , ,0, , ,11110-100016626,0,0,서울특별시 종로구 청운동 68번지, ,172,11110, , , ,0,0, ,0,0
175.56,0200,증축,20020716,0,54.81,10100,청운동근.생증축공사, ,0069,20090326,1, , ,0,0,0000,112,최고고도지구,08,대,1020,일반주거지역, ,1,04000,제2종근린생활시설,11110-2051,320.3,0,서울특별시 종로구 청운동 69번지,20020817,173,11110, , ,20020817,286.19,5,20021206,79.68,255.21
59,0100,신축,20010322,0,51.89,10100,청운동 이씨 주택, ,0071,20130221,3, , ,0,0,0002,112,최고고도지구,08,대,1020,일반주거지역, ,1,01000,단독주택,11110-810,113.7,0,서울특별시 종로구 청운동 71-2번지,20010406,174,11110, , ,200104,227.97,2,20010924,150.94,171.62
62.35,0700,용도변경,20130308,0,0,10100, , ,0075,20130309,0, , ,0,0,0000, , ,08,대, , , ,1,04000,제2종근린생활시설,11110-100017234,0,0,서울특별시 종로구 청운동 75번지, ,175,11110, , , ,187.05,0, ,0,124.7
92.46,0100,신축,20020928,0,55.14,10100,없슴, ,0079,20090326,0, , ,3,0,0002, , ,08,대,1020,일반주거지역, ,1,02000,공동주택,11110-1790,167.68,0,서울특별시 종로구 청운동 79-2번지,20021010,176,11110, , ,20021002,288.05,2,20030520,160.27,268.74
0, , ,20021004,0,0,10100, , ,0079,20100325,0, , ,0,0,0002, , , , , , , ,0, , ,11110-5557,0,0,서울특별시 종로구 청운동 79-2번지, ,177,11110, , , ,0,0, ,0,0
92.46,0700,용도변경,20170106,0,55.14,10100, , ,0079,20170112,2, , ,0,0,0002, , ,08,대,UQA120,일반주거지역, ,1,01000,단독주택,11110-100027082,167.68,0,서울특별시 종로구 청운동 79-2번지, ,178,11110, , , ,288.05,0, ,160.27,268.74
0, , ,20170125,0,0,10100, , ,0081,20170126,0, , ,0,0,0001, , ,08,대, , , ,0, , ,11110-100027184,0,0,서울특별시 종로구 청운동 81-1번지, ,179,11110, , , ,0,0, ,0,0
103.05,0100,신축,20170227,0,59.84,10100,청운동 81-1 외 다가구주택, ,0081,20180531,4,ZQ0001,중점경관관리구역,0,0,0001,UQH110,최고고도지구,08,대,UQA001,도시지역, ,1,01000,단독주택,11110-100027370,172.2,0,서울특별시 종로구 청운동 81-1번지,20170718,180,11110, , ,20170717,300.18,0,20180530,174.32,300.18
0, , ,20170125,0,0,10100, , ,0081,20170126,0, , ,0,0,0002, , ,08,대, , , ,0, , ,11110-100027183,0,0,서울특별시 종로구 청운동 81-2번지, ,181,11110, , , ,0,0, ,0,0
0, , ,20020318,0,0,10100, , ,0089,20100325,0, , ,0,0,0000, , , , , , , ,0, , ,11110-5257,0,0,서울특별시 종로구 청운동 89번지, ,182,11110, , , ,0,0, ,0,0
197.75,0100,신축,20160801,0,59.85,10100,청운동 89-2 제2종근린생활시설 (사단법인새사람선교회), ,0089,20160805,0, , ,0,0,0002, , ,08,대,UQA122,제2종일반주거지역, ,1,04000,제2종근린생활시설,11110-100025951,330.4,0,서울특별시 종로구 청운동 89-2번지, ,183,11110, , , ,850.31,0, ,199.09,657.79
414.37,0100,신축,20020221,0,39.18,10100,아트빌, ,0089,20090326,0, , ,16,0,0005,102,역사문화미관지구,08,대,1020,일반주거지역, ,1,02000,공동주택,11110-1530,1057.6,0,서울특별시 종로구 청운동 89-5번지,20020228,184,11110, , ,200202,2211.86,19,20020909,146.65,1550.96
0, , ,20020218,0,0,10100, , ,0089,20100325,0, , ,0,0,0005, , , , , , , ,0, , ,11110-5202,0,0,서울특별시 종로구 청운동 89-5번지, ,185,11110, , , ,0,0, ,0,0
146.64,0200,증축,20150309,0,39.9673,10100,청운동 89-12 노유자시설 (서울특별시 종로구청), ,0089,20150310,0, , ,0,0,0012,UQG120,역사문화미관지구,08,대,UQA121,제1종일반주거지역, ,1,11000,노유자시설,11110-100022249,366.9,0,서울특별시 종로구 청운동 89-12번지, ,186,11110, , , ,475.83,0, ,90.7659,333.02
84.48,0100,신축,20010223,0,39.61,10100,궁정빌리디, ,0089,20090326,0, , ,5,0,0017,300,자연환경지구,08,대,1020,일반주거지역, ,1,02000,공동주택,11110-799,213.3,0,서울특별시 종로구 청운동 89-17번지,20010305,187,11110, , ,20010306,422.4,4,20010621,158.42,337.92
422.35,0200,증축,20030703,0,39.95,10100,청운동새사람선교회, ,0089,20090326,0, , ,0,0,0020,112,최고고도지구,08,대,1020,일반주거지역, ,1,Z5000, ,11110-2536,1057.2,0,서울특별시 종로구 청운동 89-20번지,20031127,188,11110, , ,20031127,2172.32,17,20041112,133.39,1410.2
120.52,0100,신축,20020420,0,39.84,10100,청운동다세대 신축공사, ,0089,20090326,0, , ,5,0,0021,300,자연환경지구,08,대,1020,일반주거지역, ,1,02000,공동주택,11110-1614,302.5,0,서울특별시 종로구 청운동 89-21번지,20021024,189,11110, , ,20021028,590.85,6, ,156.26,472.68
0, , ,20021220,0,0,10100, , ,0089,20100325,0, , ,0,0,0021, , , , , , , ,0, , ,11110-5636,0,0,서울특별시 종로구 청운동 89-21번지, ,190,11110, , , ,0,0, ,0,0
164.4,0100,신축,20010907,0,39.88,10100,해피빌, ,0089,20090326,0, , ,8,0,0022,200,경치지구,08,대,1020,일반주거지역, ,1,02000,공동주택,11110-947,412.2,0,서울특별시 종로구 청운동 89-22번지,20010917,191,11110, , ,20010917,876.65,0,20020114,158.31,652.56
0, , ,20010904,0,0,10100, , ,0089,20100325,0, , ,0,0,0022, , , , , , , ,0, , ,11110-5081,0,0,서울특별시 종로구 청운동 89-22번지, ,192,11110, , , ,0,0, ,0,0
104.08,0100,신축,20000811,0,39.78,10100, , ,0089,20090326,0, , ,5,0,0023,112,최고고도지구,08,대,1020,일반주거지역, ,1,02000,공동주택,11110-491,261.6,0,서울특별시 종로구 청운동 89-23번지,20000825,193,11110, , , ,487.56,5,20010111,146.65,390.39
14.4, , ,20010519,0,0,10100, , ,0089,20160223,0, , ,0,0,0107, , , , , , , ,0, , ,11110-1350,340.9,0,서울특별시 종로구 청운동 89-107번지, ,194,11110, , , ,14.4,0, ,0,0
131.13,0200,증축,20020911,0,38.19,10100,1, ,0089,20090326,1, , ,0,0,0108,112,최고고도지구,08,대,1020,일반주거지역, ,1,04000,제2종근린생활시설,11110-2061,343.4,0,서울특별시 종로구 청운동 89-108번지,20020913,195,11110, , ,20020912,237.08,2,20021001,64.45,221.31
0, , ,20091015,0,0,10100, , ,0089,20100325,0, , ,0,0,0109, , ,08,대, , , ,0, , ,11110-100011015,0,0,서울특별시 종로구 청운동 89-109번지, ,196,11110, , , ,0,0, ,0,0
177.12,0100,신축,20161205,0,29.46,10100, , ,0089,20170727,0, , ,0,0,0109,UQF110,자연경관지구,08,대,UQA121,제1종일반주거지역, ,1,04000,제2종근린생활시설,11110-100026815,601.2,0,서울특별시 종로구 청운동 89-109번지,20161226,197,11110, , ,20161226,285.84,0,20170726,47.54,285.84
238.15,0100,신축,20131212,0,39.61,10100,청운동 89-109 제1종근린생활시설 (이봉주), ,0089,20171118,0,UNA200,대공방어 협조구역,0,0,0109,UQF110,자연경관지구,08,대,UQA001,도시지역, ,1,04000,제2종근린생활시설,11110-100018883,601.2,0,서울특별시 종로구 청운동 89-109번지, ,198,11110, , , ,303.55,0, ,50.49,303.55
69.55,0200,증축,20111202,0,55.6,10100,청운동 단독주택 증축공사, ,0089,20121219,1,ZA0006,문화재보존영향 검토대상구역,0,0,0112,UQF110,자연경관지구,08,대,UQA001,도시지역, ,1,01000,단독주택,11110-100014909,125.1,0,서울특별시 종로구 청운동 89-112번지,20121218,199,11110, , ,20121216,152.9,0, ,122.22,152.9
69.22,0200,증축,20060921,0,59.83,10100,청운동주택, ,0091,20090326,3, , ,0,0,0000, , ,08,대,0100,도시지역, ,1,01000,단독주택,11110-3893,115.7,0,서울특별시 종로구 청운동 91번지,20060922,200,11110, , ,20060922,195.41,0,20061213,119.65,138.44
56.97,0200,증축,20001026,0,49.43,10100, , ,0091,20090326,1, , ,0,0,0000,112,최고고도지구, , ,1020,일반주거지역, ,1,01000,단독주택,11110-659,115.25,0,서울특별시 종로구 청운동 91번지, ,201,11110, ,20021025, ,212.07,0, ,134.58,155.1
58.38,0700,용도변경,20111130,0,0,10100, , ,0094,20111201,0, , ,0,0,0001, , ,08,대, , , ,1,04000,제2종근린생활시설,11110-100014894,1,0,서울특별시 종로구 청운동 94-1번지, ,202,11110, , , ,81.52,0, ,0,81.52
66.25,0700,용도변경,20081014,0,43.9,10100,청운동 94-2 제2종근린생활시설 (강태호), ,0094,20090326,0, , ,0,0,0002,111,최저고도지구,08,대,1022,제2종일반주거지역, ,1,04000,제2종근린생활시설,11110-100007115,150.9,0,서울특별시 종로구 청운동 94-2번지,20081118,203,11110, , ,20081118,132.5,0,20081121,87.81,132.5
83.6,0100,신축,20170714,0,59.834,10100,청운동 95 단독주택, ,0095,20170715,0, , ,1,0,0000,UQH110,최고고도지구,08,대,UQA001,도시지역, ,1,01000,단독주택,11110-100028424,139.72,0,서울특별시 종로구 청운동 95번지, ,204,11110, , , ,328.72,0, ,199.98,279.28
57.67,0200,증축,20011029,0,50.86,10100, ,100,0100,20090326,1, , ,0,0,0000,112,최고고도지구,08,대,1020,일반주거지역,0,0,01000,단독주택,11110-1234,113.4,0,서울특별시 종로구 청운동 100번지,20011101,205,11110,서울특별시 종로구 청운동, ,20011101,159.68,0,20011103,95.3,108.07
0, , ,20030219,0,0,10100, , ,0107,20100325,0, , ,0,0,0000, , , , , , , ,0, , ,11110-5677,0,0,서울특별시 종로구 청운동 107번지, ,206,11110, , , ,0,0, ,0,0
98.38,0100,신축,20030304,0,59.25,10100,청운주택, ,0107,20180608,0, , ,4,0,0000,102,역사문화미관지구,08,대,1020,일반주거지역, ,1,02000,공동주택,11110-2326,166.03,0,서울특별시 종로구 청운동 107번지,20030311,207,11110, , ,20030315,457.42,4,20030808,218.73,363.16
150.88,0100,신축,20000504,0,53.18,10100, , ,0108,20100604,0, , ,5,0,0001,112,최고고도지구,08,대,1020,일반주거지역, ,1,02000,공동주택,11110-455,283.69,0,서울특별시 종로구 청운동 108-1번지,20000504,208,11110, , , ,659.35,5,20001213,180.57,512.26
68.98,0700,용도변경,20070616,0,46.48,10100,1, ,0108,20161209,0, , ,0,0,0005, , , , , , , ,1,04000,제2종근린생활시설,11110-4305,148.4,0,서울특별시 종로구 청운동 108-5번지, ,209,11110, , , ,207.64,0, ,88.35,131.11
0, , ,20171030,0,0,10100, , ,0108,20171031,0, , ,0,0,0008, , ,08,대, , , ,0, , ,11110-100029241,0,0,서울특별시 종로구 청운동 108-8번지, ,210,11110, , , ,0,0, ,0,0
117.78,0200,증축,20140129,0,56.33,10100,청운동 108-8 제2종근린생활시설 (김민주), ,0108,20171118,0, , ,0,0,0008,UQG120,역사문화미관지구,08,대,UQA122,제2종일반주거지역, ,1,04000,제2종근린생활시설,11110-100019273,209.1,0,서울특별시 종로구 청운동 108-8번지, ,211,11110, , , ,297.76,0, ,95.21,199.09
122.96,0100,신축,20170523,0,59.97,10100,송강문화회관, ,0108,20180426,3,ZQ0001,중점경관관리구역,0,0,0008,UQG120,역사문화미관지구,08,대,UQA01X,도시지역, ,1,04000,제2종근린생활시설,11110-100027924,205.04,0,서울특별시 종로구 청운동 108-8번지, ,212,11110, , , ,484.66,0, ,188.13,385.74
195.97,0100,신축,20000329,0,57.01,10100,청운동다세대주택,108,0108,20100604,0, , ,7,0,0014,Z03,3종미관지구,08,대,1020,일반주거지역,14,1,02000,공동주택,11110-441,343.69,0,서울특별시 종로구 청운동 108-14번지,20000329,213,11110, , , ,624.15,6,20010113,181.6,624.15
48.05,0100,신축,20060630,0,48.58,10100,운경채, ,0111,20090326,1, , ,0,0,0001,102,역사문화미관지구,08,대,1022,제2종일반주거지역, ,1,04000,제2종근린생활시설,11110-3646,98.9,0,서울특별시 종로구 청운동 111-1번지,20061024,214,11110, , ,20061025,197.21,2,20070423,199.4,197.21
0, , ,20061020,0,0,10100, , ,0111,20100325,0, , ,0,0,0001, , , , , , , ,0, , ,11110-6562,0,0,서울특별시 종로구 청운동 111-1번지, ,215,11110, , , ,0,0, ,0,0
0, , ,20050929,0,0,10100, , ,0113,20100325,0, , ,0,0,0003, , , , , , , ,0, , ,11110-6416,0,0,서울특별시 종로구 청운동 113-3번지, ,216,11110, , , ,0,0, ,0,0
130.07,0100,신축,20030628,0,56.32,10100,유니세프 별관, ,0113,20120215,0,UNA200,대공방어 협조구역,0,0,0003,UQG120,역사문화미관지구,08,대,1022,제2종일반주거지역, ,1,10000,교육연구시설,11110-2432,230.95,0,서울특별시 종로구 청운동 113-3번지,20040625,217,11110, , ,20040626,781.02,6,20120214,268.86,620.94
130.07,0700,용도변경,20170102,0,56.32,10100,아카이브 빌딩, ,0113,20170106,0, , ,0,0,0003,UQG120,역사문화미관지구,08,대,UQA122,제2종일반주거지역, ,1,04000,제2종근린생활시설,11110-100027038,230.95,0,서울특별시 종로구 청운동 113-3번지, ,218,11110, , , ,781.02,0, ,268.86,620.94
98,0100,신축,20030612,0,59.35,10100,경기상고 총동문회관, ,0114,20090326,0, , ,0,0,0001,112,최고고도지구,08,대,1020,일반주거지역, ,1,04000,제2종근린생활시설,11110-2393,165.12,0,서울특별시 종로구 청운동 114-1번지,20030626,219,11110, , ,20030628,579.89,4,20050502,294.46,486.21
0, , ,20030829,0,0,10100, , ,0114,20100325,0, , ,0,0,0001, , , , , , , ,0, , ,11110-5881,0,0,서울특별시 종로구 청운동 114-1번지, ,220,11110, , , ,0,0, ,0,0
136.51,0700,용도변경,20040625,0,48.15,10100,청운동00빌딩용도변경, ,0115,20090326,3, , ,0,0,0001,112,최고고도지구,08,대,1022,제2종일반주거지역, ,1,01000,단독주택,11110-3138,283.52,0,서울특별시 종로구 청운동 115-1번지, ,221,11110, , , ,568.35,5,20040901,132.74,376.34
136.51,0700,용도변경,20090827,0,48.1483,10100, , ,0115,20110723,0, , ,0,0,0001, , ,08,대,1022,제2종일반주거지역, ,1,01000,단독주택,11110-100010850,283.52,0,서울특별시 종로구 청운동 115-1번지, ,222,11110, , , ,568.35,0, ,132.7384,376.34
0, , ,20171113,0,0,10100, , ,0117,20171118,0, , ,0,0,0001, , ,08,대, , , ,0, , ,11110-100029381,0,0,서울특별시 종로구 청운동 117-1번지, ,223,11110, , , ,0,0, ,0,0
45.54,0100,신축,20171030,0,59.8974,10100,由荷軒(유하헌), ,0117,20190227,1, , ,0,0,0001,UQH110,최고고도지구,08,대,UQA122,제2종일반주거지역, ,1,01000,단독주택,11110-100029242,76.03,0,서울특별시 종로구 청운동 117-1번지,20180404,224,11110, , ,20180409,169.2,0,20190226,198.51,150.93
56.13,0200,증축,20100726,0,58.77,10100, , ,0117,20150207,1, , ,0,0,0002,112,최고고도지구,08,대,1022,제2종일반주거지역, ,1,01000,단독주택,11110-100012332,95.5,0,서울특별시 종로구 청운동 117-2번지,20100813,225,11110, , ,20100817,66.05,0,20101001,58.77,56.13
36.43,0700,용도변경,20060619,0,80.24,10100,청운동 근생, ,0140,20090326,0, , ,0,0,0001,111,최저고도지구,08,대,1022,제2종일반주거지역, ,1,03000,제1종근린생활시설,11110-3750,45.4,0,서울특별시 종로구 청운동 140-1번지, ,226,11110, , , ,72.79,0, ,160.33,72.79
0, , ,20020412,0,0,10100, , ,0500,20100325,0, , ,0,0,0010, , , , , , , ,0, , ,11110-5315,0,0,서울특별시 종로구 청운동 500-10번지, ,227,11110, , , ,0,0, ,0,0
45.68,0100,신축,20151216,0,10.43,10100,북악3대기 소초, ,0001,20160428,0,UDV100,개발제한구역,0,0,0001,UQG120,역사문화미관지구,05,임야,UQA430,자연녹지지역, ,1,23000,교정및군사시설,11110-100024421,438,1,서울특별시 종로구 청운동 산 1-1번지,20160427,228,11110, , ,20160429,45.68,0, ,10.43,45.68
1010.83,0100,신축,20111128,0,19.4561,10100, , ,0001,20111129,0, , ,0,0,0077,UQG120,역사문화미관지구,05,임야,UQA001,도시지역, ,1,23000,교정및군사시설,11110-100014870,5195.44,1,서울특별시 종로구 청운동 산 1-77번지, ,229,11110, , , ,1402.94,0, ,21.9937,1142.67
88.17,0100,신축,20040522,0,38.01,10200,1, ,0001,20100317,1, , ,0,0,0026,411,자연경관지구,08,대,1021,제1종일반주거지역, ,1,01000,단독주택,11110-2994,231.95,0,서울특별시 종로구 신교동 1-26번지,20060515,1,11110, ,20060301,20060522,119.92,0,20100316,51.7,119.92
0, , ,20071026,0,0,10200, , ,0001,20100325,0, , ,0,0,0026, , , , , , , ,0, , ,11110-6744,0,0,서울특별시 종로구 신교동 1-26번지, ,2,11110, , , ,0,0, ,0,0
0, , ,20080917,0,0,10200, , ,0001,20100325,0, , ,0,0,0027, , ,08,대, , , ,0, , ,11110-100006766,0,0,서울특별시 종로구 신교동 1-27번지, ,3,11110, , , ,0,0, ,0,0
92.75,0100,신축,20090603,0,29.3596,10200, , ,0001,20120605,3, , ,0,0,0027,300,자연환경지구,08,대,0100,도시지역, ,1,01000,단독주택,11110-100010119,315.91,0,서울특별시 종로구 신교동 1-27번지,20090617,4,11110, , ,20090701,278.25,0,20120604,88.0789,278.25
274.96,0100,신축,19990805,0,29.81,10200,코리아나하우스, ,0002,20131126,0, , ,3,0,0007,411,자연경관지구,08,대,1020,일반주거지역, ,1,02000,공동주택,11110-291,922.5,0,서울특별시 종로구 신교동 2-7번지,20010614,5,11110, , ,200106,1207.89,0,20051014,83.22,767.68
105.17,0200,증축,20091104,0,36.4414,10200,신교동 2-48 단독주택 (이성수), ,0002,20100605,0, , ,0,0,0048, , ,08,대,1021,제1종일반주거지역, ,1,01000,단독주택,11110-100011103,288.6,0,서울특별시 종로구 신교동 2-48번지,20091112,6,11110, , ,20091114,157.05,0,20100604,48.7,140.55
0, , ,20100601,0,0,10200, , ,0002,20120204,0, , ,0,0,0048, , ,08,대, , , ,0, , ,11110-100012074,0,0,서울특별시 종로구 신교동 2-48번지, ,7,11110, , , ,0,0, ,0,0
0, , ,20110727,0,0,10200, , ,0002,20110728,0, , ,0,0,0051, , ,08,대, , , ,0, , ,11110-100014230,0,0,서울특별시 종로구 신교동 2-51번지, ,8,11110, , , ,0,0, ,0,0
34.4,0100,신축,20120106,0,37.61,10200,신교동 2-51 단독주택 (방인숙), ,0002,20120929,1,UNA200,대공방어 협조구역,0,0,0051,UQF110,자연경관지구,08,대,UQA121,제1종일반주거지역, ,1,01000,단독주택,11110-100015118,91.46,0,서울특별시 종로구 신교동 2-51번지,20120502,9,11110, , ,20120430,62.49,0,20120927,68.33,62.49
75.06,0200,증축,20120507,0,52.45,10200, , ,0002,20130220,1, , ,0,0,0062, , ,08,대,UQA121,제1종일반주거지역, ,1,01000,단독주택,11110-100015739,143.1,0,서울특별시 종로구 신교동 2-62번지,20120704,10,11110, , ,20120703,139.79,0,20130215,97.69,139.79
147.75,0100,신축,20040130,0,27.72,10200,경복교회 선교관, ,0002,20090326,1, , ,0,0,0084,200,경치지구,08,대,1021,제1종일반주거지역, ,1,Z5000, ,11110-2851,532.92,0,서울특별시 종로구 신교동 2-84번지,20040221,11,11110, , ,20040228,539.48,5,20040730,77.7,414.08
0, , ,20010924,0,0,10200, , ,0002,20100325,0, , ,0,0,0084, , , , , , , ,0, , ,11110-5100,0,0,서울특별시 종로구 신교동 2-84번지, ,12,11110, , , ,0,0, ,0,0
91.96,0200,증축, ,0,48.97,10200, , ,0002,20141218,1, , ,0,0,0116,UQF110,자연경관지구,08,대,UQA001,도시지역, ,1,01000,단독주택,11110-100021469,187.8,0,서울특별시 종로구 신교동 2-116번지, ,13,11110, , , ,164.32,0,20141217,87.5,164.32
70.54,0600,대수선,20081218,0,37.5612,10200,신교동 2-116 단독주택 (김미애), ,0002,20141219,0,318,대공방어협조구역,0,0,0116,411,자연경관지구,08,대,0100,도시지역, ,1,01000,단독주택,11110-100008092,187.8,0,서울특별시 종로구 신교동 2-116번지,20090113,14,11110, , ,20090201,119.04,0,20100624,63.3866,119.04
95.49,0200,증축,20110426,0,57.043,10200,신교동 2-118 단독주택 (박철호), ,0002,20111014,0,UNA200,대공방어 협조구역,0,0,0118,UQF110,자연경관지구,08,대,UQA121,제1종일반주거지역, ,1,01000,단독주택,11110-100013761,167.4,0,서울특별시 종로구 신교동 2-118번지,20110524,15,11110, , ,20110511,145,0,20111011,86.6189,145
48.2,0700,용도변경,20141229,0,28.47,10200, , ,0002,20141230,1, , ,0,0,0121, , ,08,대,UQA121,제1종일반주거지역, ,1,04000,제2종근린생활시설,11110-100021575,169.3,0,서울특별시 종로구 신교동 2-121번지, ,16,11110, , , ,56.99,0, ,28.47,48.2
48.2,0700,용도변경,20170607,0,28.4702,10200, , ,0002,20170608,0,ZQ0001,중점경관관리구역,0,0,0121, , ,08,대,UQA01X,도시지역, ,1,04000,제2종근린생활시설,11110-100028043,169.3,0,서울특별시 종로구 신교동 2-121번지, ,17,11110, , , ,56.99,0, ,28.4702,48.2
0, , ,20110408,0,0,10200, , ,0004,20110409,0, , ,0,0,0002, , ,08,대, , , ,0, , ,11110-100013690,0,0,서울특별시 종로구 신교동 4-2번지, ,18,11110, , , ,0,0, ,0,0
127.32,0100,신축,20110527,0,59.47,10200, , ,0004,20111231,0, , ,0,0,0002,UQH110,최고고도지구,08,대,UQA122,제2종일반주거지역, ,1,04000,제2종근린생활시설,11110-100013895,214.1,0,서울특별시 종로구 신교동 4-2번지,20110602,19,11110, , ,20110531,544.28,0,20111230,194.75,416.96
139.7,0700,용도변경,20110114,0,59.78,10200,신교동 6-1 근생및다세대주택, ,0006,20131018,0, , ,4,0,0001,UQH110,최고고도지구,08,대,UQA122,제2종일반주거지역, ,1,02000,공동주택,11110-100013164,233.69,0,서울특별시 종로구 신교동 6-1번지, ,20,11110, , , ,555.9,0, ,179.34,419.1
0, , ,20110930,0,0,10200, , ,0006,20111001,0, , ,0,0,0002, , ,08,대, , , ,0, , ,11110-100014477,0,0,서울특별시 종로구 신교동 6-2번지, ,21,11110, , , ,0,0, ,0,0
34.43,0100,신축,20110928,0,58.26,10200,신교동 단독주택(서윤기), ,0006,20111229,0,UQQ310,제1종지구단위계획구역,1,0,0002,UQH110,최고고도지구,08,대,UQA001,도시지역, ,1,01000,단독주택,11110-100014456,59.1,0,서울특별시 종로구 신교동 6-2번지,20110930,22,11110, , ,20111005,75.04,0,20111228,126.97,75.04
98.83,0200,증축,20071101,0,47.51,10200,신교동주택, ,0006,20140411,0, , ,1,0,0004,112,최고고도지구,08,대,1022,제2종일반주거지역, ,1,01000,단독주택,11110-4434,208,0,서울특별시 종로구 신교동 6-4번지,20071106,23,11110, , ,20071106,272.43,1,20071213,85.93,178.73
98.93,0700,용도변경,20170111,0,47.5625,10200,S&W, ,0006,20170112,1,ZQ0001,중점경관관리구역,1,0,0004,UQH110,최고고도지구,08,대,UQA001,도시지역, ,1,01000,단독주택,11110-100027098,208,0,서울특별시 종로구 신교동 6-4번지, ,24,11110, , , ,272.43,0, ,85.9279,178.73
0, , ,20131011,0,0,10200, , ,0006,20131012,0, , ,0,0,0006, , ,08,대, , , ,0, , ,11110-100018302,0,0,서울특별시 종로구 신교동 6-6번지, ,25,11110, , , ,0,0, ,0,0
174.24,0100,신축,20130506,0,59.93,10200,풍성애뜰안, ,0006,20150107,0,UQQ310,제1종지구단위계획구역,8,0,0006,UQH110,최고고도지구,08,대,UQA001,도시지역, ,1,02000,공동주택,11110-100017446,290.74,0,서울특별시 종로구 신교동 6-6번지,20140813,26,11110, ,20150501,20140813,580.19,0,20150106,199.56,580.19
217.69,0100,신축,20010420,0,50.95,10200,신현아파트102동, ,0006,20090326,0, , ,10,0,0011,112,최고고도지구,08,대,1020,일반주거지역, ,1,02000,공동주택,11110-825,427.29,0,서울특별시 종로구 신교동 6-11번지, ,27,11110, , , ,1387.63,12,20020318,248.59,1062.21
0, , ,20010822,0,0,10200, , ,0006,20100325,0, , ,0,0,0011, , , , , , , ,0, , ,11110-5052,0,0,서울특별시 종로구 신교동 6-11번지, ,28,11110, , , ,0,0, ,0,0
230.89,0100,신축,20010821,0,52.49,10200,신교동6-12외3필지, ,0006,20090326,0, , ,10,0,0013,112,최고고도지구, , ,1020,일반주거지역, ,1,02000,공동주택,11110-931,439.83,0,서울특별시 종로구 신교동 6-13번지,20010830,29,11110, , , ,1388.06,12,20020311,240.86,1059.4
0, , ,20010822,0,0,10200, , ,0006,20100325,0, , ,0,0,0013, , , , , , , ,0, , ,11110-5051,0,0,서울특별시 종로구 신교동 6-13번지, ,30,11110, , , ,0,0, ,0,0
790.66,0100,신축,19990816,0,59.9757,10200,유니온빌,6,0006,20131126,0, , ,8,0,0017,112,최고고도지구,08,대,1020,일반주거지역,17,1,02000,공동주택,11110-321,1318.3,0,서울특별시 종로구 신교동 6-17번지,19991113,31,11110,서울특별시 종로구 신교동, , ,3845.27,31,20010423,203.9596,2688.8
186.3,0600,대수선,20100910,0,46.9624,10200,가원빌라, ,0006,20140724,0,UQQ310,제1종지구단위계획구역,6,0,0025,UQH110,최고고도지구,08,대,UQA001,도시지역, ,1,02000,공동주택,11110-100012519,396.7,0,서울특별시 종로구 신교동 6-25번지, ,32,11110, , , ,652.83,0,20101006,140.4386,557.12
0, , ,20010822,0,0,10200, , ,0006,20100325,0, , ,0,0,0039, , , , , , , ,0, , ,11110-5050,0,0,서울특별시 종로구 신교동 6-39번지, ,33,11110, , , ,0,0, ,0,0
72.05,0100,신축,20020426,0,59.74,10200,신교동6-46, ,0006,20090326,0, , ,0,0,0046,112,최고고도지구, , ,0100,도시지역, ,1,04000,제2종근린생활시설,11110-1626,120.6,0,서울특별시 종로구 신교동 6-46번지,20020501,34,11110, , , ,216.15,3, ,71.96,86.78
80.95,0200,증축, ,0,61.23,10200,신교동 6-47, ,0006,20150107,2,UQQ310,제1종지구단위계획구역,0,0,0047,UQH110,최고고도지구,08,대,UQA122,제2종일반주거지역, ,1,01000,단독주택,11110-100021632,132.2,0,서울특별시 종로구 신교동 6-47번지, ,35,11110, , , ,137.27,0,20150105,92.4,122.15
94.38,0100,신축,20020909,0,70.91,10200,1, ,0006,20090326,0, , ,6,0,0049,370,주거환경개선지구,08,대,1020,일반주거지역, ,1,02000,공동주택,11110-1444,133.1,0,서울특별시 종로구 신교동 6-49번지,20030307,36,11110, , ,20030306,288.96,2,20031121,217.1,288.96
40.19,0100,신축,19960305,0,66.65,10200, , ,0006,20090326,0, , ,6,0,0049,112,최고고도지구,08,대,1020,일반주거지역, ,1,02000,공동주택,11110-139,60.3,0,서울특별시 종로구 신교동 6-49번지,19960511,37,11110, , ,19960511,200.92,0, ,266.55,160.73
0, , ,20020722,0,0,10200, , ,0006,20100325,0, , ,0,0,0050, , , , , , , ,0, , ,11110-5459,0,0,서울특별시 종로구 신교동 6-50번지, ,38,11110, , , ,0,0, ,0,0
0, , ,20021002,0,0,10200, , ,0006,20100325,0, , ,0,0,0053, , , , , , , ,0, , ,11110-5553,0,0,서울특별시 종로구 신교동 6-53번지, ,39,11110, , , ,0,0, ,0,0
138.33,0100,신축,20020226,0,59.81,10200,신교동다세대주택, ,0006,20131010,0, , ,8,0,0053, , ,08,대,1020,일반주거지역, ,1,02000,공동주택,11110-1541,231.3,0,서울특별시 종로구 신교동 6-53번지,20021009,40,11110, , ,20021009,704.13,6,20030507,234.73,542.94
0, , ,20010822,0,0,10200, , ,0006,20100325,0, , ,0,0,0056, , , , , , , ,0, , ,11110-5053,0,0,서울특별시 종로구 신교동 6-56번지, ,41,11110, , , ,0,0, ,0,0
0, , ,20140915,0,0,10200, , ,0006,20140916,0, , ,0,0,0080, , ,08,대, , , ,0, , ,11110-100020703,0,0,서울특별시 종로구 신교동 6-80번지, ,42,11110, , , ,0,0, ,0,0
111.6,0100,신축,20141007,0,56.63,10200,GB RAUM, ,0006,20150331,0,UQQ310,제1종지구단위계획구역,3,0,0080, , ,08,대,UQA122,제2종일반주거지역, ,1,02000,공동주택,11110-100020854,197.08,0,서울특별시 종로구 신교동 6-80번지,20141029,43,11110, , ,20141010,324.32,0,20150327,164.56,324.32
98.35,0100,신축,19991207,0,69.653,10200, ,12,0012,20131126,8, , ,0,0,0000,370,주거환경개선지구,08,대,1020,일반주거지역, ,1,02000,공동주택,11110-265,141.2,0,서울특별시 종로구 신교동 12번지,19991207,44,11110,서울특별시 종로구 신교동, , ,395.67,5, ,280.2195,395.67
68.35,0100,신축,19970328,0,59.8,10200, , ,0017,20130618,0, , ,4,0,0006,370,주거환경개선지구,08,대,1020,일반주거지역, ,1,02000,공동주택,11110-166,114.3,0,서울특별시 종로구 신교동 17-6번지,19970421,45,11110, , ,19970421,383.6,2, ,241.08,275.55
77.27,0200,증축, ,0,67.6,10200,신교동 근.생및다세대주택, ,0017,20140905,0,UQQ310,제1종지구단위계획구역,5,0,0006, , ,08,대,UQA122,제2종일반주거지역, ,1,04000,제2종근린생활시설,11110-100020680,114.3,0,서울특별시 종로구 신교동 17-6번지, ,46,11110, , , ,450.65,0,20140904,293.64,335.63
38.64,0200,증축, ,0,72.91,10200,수정빌라, ,0017,20090326,0, , ,5,0,0009,370,주거환경개선지구,08,대,1022,제2종일반주거지역, ,1,02000,공동주택,11110-4615,53,0,서울특별시 종로구 신교동 17-9번지, ,47,11110, , , ,203.8,0,20060927,311.62,165.16
38.64,0100,신축,19961011,0,72.91,10200, , ,0017,20130618,0, , ,5,0,0009,112,최고고도지구,08,대,1020,일반주거지역, ,1,02000,공동주택,11110-145,53,0,서울특별시 종로구 신교동 17-9번지,19961121,48,11110, , ,19961121,193.2,0, ,291.62,154.56
0, , ,20160531,0,0,10200, , ,0017,20160601,0, , ,0,0,0010, , ,08,대, , , ,0, , ,11110-100025523,0,0,서울특별시 종로구 신교동 17-10번지, ,49,11110, , , ,0,0, ,0,0
238.46,0100,신축,20160905,0,58.36,10200, , ,0017,20170524,0,UQQ310,제1종지구단위계획구역,10,0,0010,UQH110,최고고도지구,08,대,UQA001,도시지역, ,1,02000,공동주택,11110-100026235,408.6,0,서울특별시 종로구 신교동 17-10번지,20160927,50,11110, , ,20160928,646.01,0,20170523,158.1,646.01
47.52,0200,증축, ,0,70.4,10200,신교, ,0017,20110723,0, , ,5,0,0021,112,최고고도지구,08,대,0100,도시지역, ,1,02000,공동주택,11110-4627,67.5,0,서울특별시 종로구 신교동 17-21번지, ,51,11110, , , ,253.46,0,20061228,305.1,205.94
47.52,0200,증축, ,0,70.4,10200,신교, ,0017,20110723,0, , ,5,0,0021,112,최고고도지구,08,대,0100,도시지역, ,1,02000,공동주택,11110-4777,67.5,0,서울특별시 종로구 신교동 17-21번지, ,52,11110, , , ,253.46,0,20061228,305.1,205.94
65.9,0100,신축,19960423,0,59.63,10200, ,17,0017,20100112,0, , ,4,0,0031,260,주차장정비지구,08,대,1020,일반주거지역,31,1,02000,공동주택,11110-142,110.5,0,서울특별시 종로구 신교동 17-31번지,19960527,53,11110,서울특별시 종로구 신교동, ,19960527,322.3,1, ,238.55,263.6
65.9,0100,신축,19960423,0,573.0435,10200,신교동 17-31 공동주택 (김인순), ,0017,20110813,0, , ,4,0,0031, , ,08,대, , , ,1,02000,공동주택,11110-100011095,110.5,0,서울특별시 종로구 신교동 17-31번지, ,54,11110, , , ,322.3,0, ,238.552,263.6
38.91,0100,신축,19960410,0,58.16,10200,신교동17-44다세대주택, ,0017,20100827,0, , ,5,0,0044,370,주거환경개선지구,08,대,1020,일반주거지역, ,1,02000,공동주택,11110-141,66.9,0,서울특별시 종로구 신교동 17-44번지,19960417,55,11110, , ,19960418,192.33,0,20050816,230.99,154.53
24.07,0100,신축,20050630,0,48.53,10200,., ,0017,20090326,0, , ,2,0,0046,112,최고고도지구,08,대,1022,제2종일반주거지역, ,1,02000,공동주택,11110-3238,49.6,0,서울특별시 종로구 신교동 17-46번지,20050802,56,11110, , ,20050804,81.09,1,20051130,163.49,81.09
0, , ,20050620,0,0,10200, , ,0017,20100325,0, , ,0,0,0046, , , , , , , ,0, , ,11110-6240,0,0,서울특별시 종로구 신교동 17-46번지, ,57,11110, , , ,0,0, ,0,0
25.52,0100,신축,20001115,0,64.94,10200,신교동주택, ,0039,20090326,1, , ,0,0,0002,370,주거환경개선지구,08,대,1020,일반주거지역, ,1,01000,단독주택,11110-405,39.3,0,서울특별시 종로구 신교동 39-2번지, ,58,11110, , ,20001120,47.07,0,20030630,119.77,47.07
23.22,0100,신축,20001115,0,69.94,10200,신교동주택, ,0039,20090326,1, , ,0,0,0002,370,주거환경개선지구,08,대,1020,일반주거지역, ,1,01000,단독주택,11110-349,33.2,0,서울특별시 종로구 신교동 39-2번지, ,59,11110, , , ,46.44,0, ,139.88,46.44
25.52,0200,증축,20070629,0,64.94,10200,신교동주택, ,0039,20110723,1, , ,0,0,0002,112,최고고도지구,08,대,0100,도시지역, ,1,01000,단독주택,11110-4048,39.3,0,서울특별시 종로구 신교동 39-2번지,20070703,60,11110, , ,20070704,68.2,0,20071015,173.54,68.2
43.92,0200,증축,20130610,0,58.8317,10200, , ,0039,20171118,1,UQQ310,제1종지구단위계획구역,0,0,0002,UQH110,최고고도지구,08,대,UQA001,도시지역, ,1,01000,단독주택,11110-100017643,74.6,0,서울특별시 종로구 신교동 39-2번지, ,61,11110, , , ,123.06,0, ,96,123.06
0, , ,20130513,0,0,10200, , ,0045,20130514,0, , ,0,0,0000, , ,08,대, , , ,0, , ,11110-100017493,0,0,서울특별시 종로구 신교동 45번지, ,62,11110, , , ,0,0, ,0,0
73.26,0100,신축,20130129,0,59.9019,10200, , ,0045,20131205,1,UQQ310,제1종지구단위계획구역,0,0,0000,UQG120,역사문화미관지구,08,대,UQA122,제2종일반주거지역, ,0,01000,단독주택,11110-100017032,122.3,0,서울특별시 종로구 신교동 45번지,20130715,63,11110, , ,20130711,273.3,0,20131204,199.28,243.72
90.87,0700,용도변경,20121019,0,61.8584,10200, , ,0050,20121020,0, , ,8,0,0001, , ,08,대, , , ,1,02000,공동주택,11110-100016521,146.9,0,서울특별시 종로구 신교동 50-1번지, ,64,11110, , , ,493.53,0, ,0,0
36.36,0200,증축,20150804,0,58.93,10200, , ,0051,20150814,4, , ,0,0,0001,UQG120,역사문화미관지구,08,대,UQA122,제2종일반주거지역, ,1,01000,단독주택,11110-100023387,61.7,0,서울특별시 종로구 신교동 51-1번지, ,65,11110, , , ,140.24,0,20150813,176.79,109.08
115.45,0700,용도변경,20080604,1,53.33,10200,신교동 58-1 근린생활시설, ,0058,20100414,0,272,상대정화구역,0,6,0001,102,역사문화미관지구,08,대,1022,제2종일반주거지역, ,1,04000,제2종근린생활시설,11110-100005657,216.5,0,서울특별시 종로구 신교동 58-1번지, ,66,11110, , , ,693.73,0,20080613,265.46,574.73
128.99,0600,대수선,20091105,1,59.58,10200,아름다운세상 평원, ,0058,20100908,0,272,상대정화구역,0,6,0001,102,역사문화미관지구,08,대,0100,도시지역, ,1,04000,제2종근린생활시설,11110-100011109,216.5,0,서울특별시 종로구 신교동 58-1번지,20091209,67,11110, , ,20091204,707.9,0,20100907,272.01,588.9
264.69,0700,용도변경,20120829,0,59.79,10200,신우빌딩, ,0059,20120831,0,UQQ310,제1종지구단위계획구역,0,0,0000,UQG120,역사문화미관지구,08,대,UQA122,제2종일반주거지역, ,1,14000,업무시설,11110-100016304,442.7,0,서울특별시 종로구 신교동 59번지, ,68,11110, , , ,2031.08,0,20120830,356.55,1578.48
264.69,0700,용도변경,20130415,0,59.79,10200,신우빌딩, ,0059,20130417,0, , ,8,0,0000,UQG100,미관지구,08,대,UQA001,도시지역, ,1,03000,제1종근린생활시설,11110-100017374,442.7,0,서울특별시 종로구 신교동 59번지, ,69,11110, , , ,2031.08,0,20130416,356.55,1578.48
1132.12,0100,신축,20110726,0,59.9707,10200,종로구 장애인복지관 및 푸르메재활센터, ,0066,20120929,0,UQQ310,제1종지구단위계획구역,0,0,0000,UQG120,역사문화미관지구,08,대,UQA001,도시지역, ,1,11000,노유자시설,11110-100014228,1887.79,0,서울특별시 종로구 신교동 66번지,20110915,70,11110, , ,20110907,9589.06,0,20120917,198.9056,3754.92
0, , ,20031022,0,0,10200, , ,0070,20100325,0, , ,0,0,0001, , , , , , , ,0, , ,11110-5902,0,0,서울특별시 종로구 신교동 70-1번지, ,71,11110, , , ,0,0, ,0,0
167.22,0100,신축,20000706,0,56.21,10200,럭스빌, ,0070,20131126,0, , ,7,0,0001,102,역사문화미관지구,08,대,1022,제2종일반주거지역, ,1,02000,공동주택,11110-550,297.5,0,서울특별시 종로구 신교동 70-1번지,20030625,72,11110, ,20020706,20030625,659.2,7,20060322,221.58,659.2
8.75, , ,20171220,0,0,10200, , ,0070,20171229,0,ZQ0001,중점경관관리구역,0,0,0002,UQG120,역사문화미관지구,08,대,UQA01X,도시지역, ,0, , ,11110-100029606,631.3,0,서울특별시 종로구 신교동 70-2번지, ,73,11110, , , ,8.75,0, ,0,0
153.76,0200,증축,20060710,0,47.09,10200,신교빌딩, ,0070,20090326,0, , ,0,0,0010,102,역사문화미관지구,08,대,1022,제2종일반주거지역, ,1,04000,제2종근린생활시설,11110-3716,326.5,0,서울특별시 종로구 신교동 70-10번지,20060721,74,11110, , ,20060720,730.23,5,20061214,173.63,566.9
152.2,0200,증축,20060510,0,46.62,10200,종로 NET 빌딩, ,0070,20090326,0, , ,0,0,0010,112,최고고도지구,08,대,0100,도시지역, ,1,04000,제2종근린생활시설,11110-3709,326.5,0,서울특별시 종로구 신교동 70-10번지, ,75,11110, , , ,668.53,5, ,151.67,495.2
0, , ,20161108,0,0,10200, , ,0076,20161109,0, , ,0,0,0000, , ,08,대, , , ,0, , ,11110-100026679,0,0,서울특별시 종로구 신교동 76번지, ,76,11110, , , ,0,0, ,0,0
36.38,0100,신축,20161109,0,56.3158,10200, , ,0076,20170517,1, , ,0,0,0000, , ,08,대, , , ,1,01000,단독주택,11110-100026683,64.6,0,서울특별시 종로구 신교동 76번지,20161214,77,11110, , ,20161217,98.5,0,20170516,152.47,98.5
0, , ,20161129,0,0,10200, , ,0077,20161130,0, , ,0,0,0002, , ,08,대, , , ,0, , ,11110-100026798,0,0,서울특별시 종로구 신교동 77-2번지, ,78,11110, , , ,0,0, ,0,0
37.26,0100,신축,20161219,0,55.77,10200,신교동 77-2 단독주택 (김경옥), ,0077,20170708,1, , ,0,0,0002, , ,08,대,UQA122,제2종일반주거지역, ,1,01000,단독주택,11110-100026918,66.8,0,서울특별시 종로구 신교동 77-2번지,20170203,79,11110, , ,20170205,98.7,0,20170707,147.75,98.7
62.18,0100,신축,20030307,0,59.65,10200,신동일씨주택, ,0079,20090326,1, , ,0,0,0000,112,최고고도지구,08,대,1020,일반주거지역, ,1,01000,단독주택,11110-2555,104.25,0,서울특별시 종로구 신교동 79번지,20030415,80,11110, , ,20030415,205.44,2,20030808,160.81,167.64
0, , ,20030311,0,0,10200, , ,0079,20100325,0, , ,0,0,0000, , , , , , , ,0, , ,11110-5699,0,0,서울특별시 종로구 신교동 79번지, ,81,11110, , , ,0,0, ,0,0
28.3,0100,신축,20020822,0,48.29,10200,신교동 근생, ,0082,20090326,0, , ,0,0,0003,102,역사문화미관지구, , ,1020,일반주거지역, ,1,03000,제1종근린생활시설,11110-1960,58.61,0,서울특별시 종로구 신교동 82-3번지,20020902,82,11110, , ,20020903,56.6,0,20021129,96.57,56.6
0, , ,20020731,0,0,10200, , ,0082,20100325,0, , ,0,0,0003, , , , , , , ,0, , ,11110-5470,0,0,서울특별시 종로구 신교동 82-3번지, ,83,11110, , , ,0,0, ,0,0
