area,bjdongCd,block,bun,crtnDay,etcPurps,exposPubuseGbCd,exposPubuseGbCdNm,flrGbCd,flrGbCdNm,flrNo,ji,lot,mainAtchGbCd,mainAtchGbCdNm,mainPurpsCd,mainPurpsCdNm,mgmExposPubuseAreaPk,mgmPmsrgstPk,platGbCd,platPlc,pngtypGbNm,rnum,sigunguCd,splotNm,strctCd,strctCdNm
43.49,10100, ,0004,20090326, ,2,공용,40,각층,0,0001, ,0,주건축물,02002,연립주택,11110-19152,11110-3306,0,서울특별시 종로구 청운동 4-1번지,72.31,1,11110, ,21,철근콘크리트구조
239.03,10100, ,0004,20090326, ,1,전유,40,각층,0,0001, ,0,주건축물,02002,연립주택,11110-19153,11110-3306,0,서울특별시 종로구 청운동 4-1번지,72.31,2,11110, ,21,철근콘크리트구조
35.84,10100, ,0004,20090326, ,2,공용,40,각층,0,0001, ,0,주건축물,02002,연립주택,11110-19154,11110-3306,0,서울특별시 종로구 청운동 4-1번지,73.21,3,11110, ,21,철근콘크리트구조
242.01,10100, ,0004,20090326, ,1,전유,40,각층,0,0001, ,0,주건축물,02002,연립주택,11110-19155,11110-3306,0,서울특별시 종로구 청운동 4-1번지,73.21,4,11110, ,21,철근콘크리트구조
36.24,10100, ,0004,20090326, ,2,공용,40,각층,0,0001, ,0,주건축물,02002,연립주택,11110-19156,11110-3306,0,서울특별시 종로구 청운동 4-1번지,74.03,5,11110, ,21,철근콘크리트구조
244.72,10100, ,0004,20090326, ,1,전유,40,각층,0,0001, ,0,주건축물,02002,연립주택,11110-19157,11110-3306,0,서울특별시 종로구 청운동 4-1번지,74.03,6,11110, ,21,철근콘크리트구조
216.55,10100, ,0004,20090326, ,1,전유,20,지상,0,0003, ,0,주건축물,02002,연립주택,11110-20340,11110-3661,0,서울특별시 종로구 청운동 4-3번지,46.51,7,11110, ,21,철근콘크리트구조
106.34,10100, ,0004,20090326,지하주차장,2,공용,10,지하,2,0003, ,0,주건축물,02005,부대시설,11110-20341,11110-3661,0,서울특별시 종로구 청운동 4-3번지,46.51,8,11110, ,21,철근콘크리트구조
30.05,10100, ,0004,20090326,계단실,2,공용,40,각층,0,0003, ,0,주건축물,02005,부대시설,11110-20342,11110-3661,0,서울특별시 종로구 청운동 4-3번지,46.51,9,11110, ,21,철근콘크리트구조
15.18,10100, ,0004,20090326,창고,2,공용,10,지하,2,0003, ,0,주건축물,02005,부대시설,11110-20343,11110-3661,0,서울특별시 종로구 청운동 4-3번지,46.51,10,11110, ,21,철근콘크리트구조
2.18,10100, ,0004,20090326,경비실,2,공용,10,지하,2,0003, ,0,주건축물,02005,부대시설,11110-20344,11110-3661,0,서울특별시 종로구 청운동 4-3번지,46.51,11,11110, ,21,철근콘크리트구조
216.55,10100, ,0004,20090326, ,1,전유,20,지상,0,0003, ,0,주건축물,02003,다세대주택,11110-20345,11110-3661,0,서울특별시 종로구 청운동 4-3번지,47.00,12,11110, ,21,철근콘크리트구조
106.34,10100, ,0004,20090326,지하주차장,2,공용,10,지하,2,0003, ,0,주건축물,02005,부대시설,11110-20346,11110-3661,0,서울특별시 종로구 청운동 4-3번지,47.00,13,11110, ,21,철근콘크리트구조
30.05,10100, ,0004,20090326,계단실,2,공용,40,각층,0,0003, ,0,주건축물,02005,부대시설,11110-20347,11110-3661,0,서울특별시 종로구 청운동 4-3번지,47.00,14,11110, ,21,철근콘크리트구조
16.79,10100, ,0004,20090326,창고,2,공용,10,지하,2,0003, ,0,주건축물,02005,부대시설,11110-20348,11110-3661,0,서울특별시 종로구 청운동 4-3번지,47.00,15,11110, ,21,철근콘크리트구조
2.18,10100, ,0004,20090326,경비실,2,공용,10,지하,2,0003, ,0,주건축물,02005,부대시설,11110-20349,11110-3661,0,서울특별시 종로구 청운동 4-3번지,47.00,16,11110, ,21,철근콘크리트구조
216.55,10100, ,0004,20090326, ,1,전유,20,지상,3,0003, ,0,주건축물,02002,연립주택,11110-20350,11110-3661,0,서울특별시 종로구 청운동 4-3번지,47.14,17,11110, ,21,철근콘크리트구조
106.34,10100, ,0004,20090326,지하주차장,2,공용,10,지하,2,0003, ,0,주건축물,02005,부대시설,11110-20351,11110-3661,0,서울특별시 종로구 청운동 4-3번지,47.14,18,11110, ,21,철근콘크리트구조
30.05,10100, ,0004,20090326,계단실,2,공용,40,각층,0,0003, ,0,주건축물,02005,부대시설,11110-20352,11110-3661,0,서울특별시 종로구 청운동 4-3번지,47.14,19,11110, ,21,철근콘크리트구조
17.25,10100, ,0004,20090326,창고,2,공용,10,지하,2,0003, ,0,주건축물,02005,부대시설,11110-20353,11110-3661,0,서울특별시 종로구 청운동 4-3번지,47.14,20,11110, ,21,철근콘크리트구조
2.18,10100, ,0004,20090326,경비실,2,공용,10,지하,2,0003, ,0,주건축물,02005,부대시설,11110-20354,11110-3661,0,서울특별시 종로구 청운동 4-3번지,47.14,21,11110, ,21,철근콘크리트구조
244.08,10100, ,0004,20090326, ,1,전유,10,지하,1,0003, ,0,주건축물,02002,연립주택,11110-20355,11110-3661,0,서울특별시 종로구 청운동 4-3번지,53.33,22,11110, ,21,철근콘크리트구조
119.84,10100, ,0004,20090326,지하주차장,2,공용,10,지하,2,0003, ,0,주건축물,02005,부대시설,11110-20356,11110-3661,0,서울특별시 종로구 청운동 4-3번지,53.33,23,11110, ,21,철근콘크리트구조
33.85,10100, ,0004,20090326,계단실,2,공용,40,각층,0,0003, ,0,주건축물,02005,부대시설,11110-20357,11110-3661,0,서울특별시 종로구 청운동 4-3번지,53.33,24,11110, ,21,철근콘크리트구조
20.15,10100, ,0004,20090326,창고,2,공용,10,지하,2,0003, ,0,주건축물,02005,부대시설,11110-20358,11110-3661,0,서울특별시 종로구 청운동 4-3번지,53.33,25,11110, ,21,철근콘크리트구조
2.46,10100, ,0004,20090326,경비실,2,공용,10,지하,2,0003, ,0,주건축물,02005,부대시설,11110-20359,11110-3661,0,서울특별시 종로구 청운동 4-3번지,53.33,26,11110, ,21,철근콘크리트구조
244.08,10100, ,0004,20090326, ,1,전유,10,지하,1,0003, ,0,주건축물,02002,연립주택,11110-20360,11110-3661,0,서울특별시 종로구 청운동 4-3번지,54.17,27,11110, ,21,철근콘크리트구조
119.84,10100, ,0004,20090326,지하주차장,2,공용,10,지하,2,0003, ,0,주건축물,02005,부대시설,11110-20361,11110-3661,0,서울특별시 종로구 청운동 4-3번지,54.17,28,11110, ,21,철근콘크리트구조
33.85,10100, ,0004,20090326,계단실,2,공용,40,각층,0,0003, ,0,주건축물,02005,부대시설,11110-20362,11110-3661,0,서울특별시 종로구 청운동 4-3번지,54.17,29,11110, ,21,철근콘크리트구조
22.91,10100, ,0004,20090326,창고,2,공용,10,지하,2,0003, ,0,주건축물,02005,부대시설,11110-20363,11110-3661,0,서울특별시 종로구 청운동 4-3번지,54.17,30,11110, ,21,철근콘크리트구조
2.46,10100, ,0004,20090326,경비실,2,공용,10,지하,2,0003, ,0,주건축물,02005,부대시설,11110-20364,11110-3661,0,서울특별시 종로구 청운동 4-3번지,54.17,31,11110, ,21,철근콘크리트구조
36.13,10100, ,0004,20090326,지하주차장,2,공용,00, ,2,0007, ,0,주건축물,02005,부대시설,11110-1441,11110-284,0,서울특별시 종로구 청운동 4-7번지,45,32,11110, ,21,철근콘크리트구조
13.09,10100, ,0004,20090326,계단실,2,공용,10,지하,0,0007, ,0,주건축물,02005,부대시설,11110-1440,11110-284,0,서울특별시 종로구 청운동 4-7번지,45,33,11110, ,21,철근콘크리트구조
1.78,10100, ,0004,20090326,"발전기,경비실",2,공용,00, ,2,0007, ,0,주건축물,02005,부대시설,11110-1442,11110-284,0,서울특별시 종로구 청운동 4-7번지,45,34,11110, ,21,철근콘크리트구조
194.93,10100, ,0004,20090326, ,1,전유, , ,0,0007, ,0,주건축물,02002,연립주택,11110-1449,11110-284,0,서울특별시 종로구 청운동 4-7번지,97,35,11110, ,21,철근콘크리트구조
28.13,10100, ,0004,20090326,계단실,2,공용,10,지하,0,0007, ,0,주건축물,02005,부대시설,11110-1450,11110-284,0,서울특별시 종로구 청운동 4-7번지,97,36,11110, ,21,철근콘크리트구조
77.62,10100, ,0004,20090326,지하주차장,2,공용,00, ,2,0007, ,0,주건축물,02005,부대시설,11110-1451,11110-284,0,서울특별시 종로구 청운동 4-7번지,97,37,11110, ,21,철근콘크리트구조
3.82,10100, ,0004,20090326,"발전기,경비실",2,공용,00, ,2,0007, ,0,주건축물,02005,부대시설,11110-1452,11110-284,0,서울특별시 종로구 청운동 4-7번지,97,38,11110, ,21,철근콘크리트구조
18.29,10100, ,0004,20090326,지하창고,2,공용,00, ,1,0007, ,0,주건축물,02005,부대시설,11110-1453,11110-284,0,서울특별시 종로구 청운동 4-7번지,97,39,11110, ,21,철근콘크리트구조
8.51,10100, ,0004,20090326,지하창고,2,공용,00, ,2,0007, ,0,주건축물,02005,부대시설,11110-1443,11110-284,0,서울특별시 종로구 청운동 4-7번지,45,40,11110, ,21,철근콘크리트구조
118.77,10100, ,0004,20090326, ,1,전유, , ,0,0007, ,0,주건축물,02002,연립주택,11110-1444,11110-284,0,서울특별시 종로구 청운동 4-7번지,59,41,11110, ,21,철근콘크리트구조
17.14,10100, ,0004,20090326,계단실,2,공용,10,지하,0,0007, ,0,주건축물,02005,부대시설,11110-1445,11110-284,0,서울특별시 종로구 청운동 4-7번지,59,42,11110, ,21,철근콘크리트구조
47.3,10100, ,0004,20090326,지하주차장,2,공용,00, ,2,0007, ,0,주건축물,02005,부대시설,11110-1446,11110-284,0,서울특별시 종로구 청운동 4-7번지,59,43,11110, ,21,철근콘크리트구조
2.33,10100, ,0004,20090326,"발전기,경비실",2,공용,00, ,2,0007, , , ,02005,부대시설,11110-1447,11110-284,0,서울특별시 종로구 청운동 4-7번지,59,44,11110, ,21,철근콘크리트구조
11.14,10100, ,0004,20090326,지하창고,2,공용,00, ,1,0007, ,0,주건축물,02005,부대시설,11110-1448,11110-284,0,서울특별시 종로구 청운동 4-7번지,59,45,11110, ,21,철근콘크리트구조
90.72,10100, ,0004,20090326, ,1,전유, , ,0,0007, ,0,주건축물,02002,연립주택,11110-1439,11110-284,0,서울특별시 종로구 청운동 4-7번지,45,46,11110, ,21,철근콘크리트구조
68.36,10100, ,0004,20140711, ,1,전유,10,지하,1,0014, ,0,주건축물,02003,다세대주택,11110-16211,11110-2334,0,서울특별시 종로구 청운동 4-14번지,20.67B,47,11110, ,21,철근콘크리트구조
47.5,10100, ,0004,20140711, ,2,공용,10,지하,48,0014, ,0,주건축물,02003,다세대주택,11110-16212,11110-2334,0,서울특별시 종로구 청운동 4-14번지,20.67B,48,11110, ,21,철근콘크리트구조
78.66,10100, ,0004,20140711, ,1,전유,20,지상,1,0014, ,0,주건축물,02003,다세대주택,11110-16213,11110-2334,0,서울특별시 종로구 청운동 4-14번지,20.67B,49,11110, ,21,철근콘크리트구조
77.43,10100, ,0004,20140711, ,1,전유,20,지상,2,0014, ,0,주건축물,02003,다세대주택,11110-16214,11110-2334,0,서울특별시 종로구 청운동 4-14번지,25.25C,50,11110, ,21,철근콘크리트구조
51.99,10100, ,0004,20140711, ,2,공용,20,지상,2,0014, ,0,주건축물,02003,다세대주택,11110-16215,11110-2334,0,서울특별시 종로구 청운동 4-14번지,25.25C,51,11110, ,21,철근콘크리트구조
83.47,10100, ,0004,20140711, ,1,전유,20,지상,3,0014, ,0,주건축물,02003,다세대주택,11110-16216,11110-2334,0,서울특별시 종로구 청운동 4-14번지,25.25C,52,11110, ,21,철근콘크리트구조
68.36,10100, ,0004,20140711, ,1,전유,21,복수층(하층),0,0014, ,0,주건축물,02003,다세대주택,11110-16217,11110-2334,0,서울특별시 종로구 청운동 4-14번지,44.47A,53,11110, ,21,철근콘크리트구조
78.66,10100, ,0004,20140711, ,1,전유,22,복수층(상층),0,0014, ,0,주건축물,02003,다세대주택,11110-16218,11110-2334,0,서울특별시 종로구 청운동 4-14번지,44.47A,54,11110, ,21,철근콘크리트구조
42.75,10100, ,0004,20140711,주차장,2,공용,10,지하,1,0014, ,0,주건축물,02003,다세대주택,11110-16219,11110-2334,0,서울특별시 종로구 청운동 4-14번지,44.47A,55,11110, ,21,철근콘크리트구조
4.75,10100, ,0004,20140711,계단실,2,공용,40,각층,0,0014, ,0,주건축물,02003,다세대주택,11110-16220,11110-2334,0,서울특별시 종로구 청운동 4-14번지,44.47A,56,11110, ,21,철근콘크리트구조
68.36,10100, ,0004,20140711, ,1,전유,21,복수층(하층),0,0014, ,0,주건축물,02003,다세대주택,11110-16221,11110-2334,0,서울특별시 종로구 청운동 4-14번지,44.47B,57,11110, ,21,철근콘크리트구조
78.66,10100, ,0004,20140711, ,1,전유,22,복수층(상층),0,0014, ,0,주건축물,02003,다세대주택,11110-16222,11110-2334,0,서울특별시 종로구 청운동 4-14번지,44.47B,58,11110, ,21,철근콘크리트구조
42.75,10100, ,0004,20140711,주차장,2,공용,10,지하,1,0014, ,0,주건축물,02003,다세대주택,11110-16223,11110-2334,0,서울특별시 종로구 청운동 4-14번지,44.47B,59,11110, ,21,철근콘크리트구조
4.75,10100, ,0004,20140711,계단실,2,공용,40,각층,0,0014, ,0,주건축물,02003,다세대주택,11110-16224,11110-2334,0,서울특별시 종로구 청운동 4-14번지,44.47B,60,11110, ,21,철근콘크리트구조
76.78,10100, ,0004,20140711, ,1,전유,21,복수층(하층),0,0014, ,0,주건축물,02003,다세대주택,11110-16225,11110-2334,0,서울특별시 종로구 청운동 4-14번지,48.47D,61,11110, ,21,철근콘크리트구조
83.47,10100, ,0004,20140711, ,1,전유,22,복수층(상층),0,0014, ,0,주건축물,02003,다세대주택,11110-16226,11110-2334,0,서울특별시 종로구 청운동 4-14번지,48.47D,62,11110, ,21,철근콘크리트구조
46.6,10100, ,0004,20140711,주차장,2,공용,10,지하,1,0014, ,0,주건축물,02003,다세대주택,11110-16227,11110-2334,0,서울특별시 종로구 청운동 4-14번지,48.47D,63,11110, ,21,철근콘크리트구조
5.18,10100, ,0004,20140711,계단실,2,공용,40,각층,0,0014, ,0,주건축물,02003,다세대주택,11110-16228,11110-2334,0,서울특별시 종로구 청운동 4-14번지,48.47D,64,11110, ,21,철근콘크리트구조
77.43,10100, ,0004,20140711, ,1,전유,21,복수층(하층),0,0014, ,0,주건축물,02003,다세대주택,11110-16229,11110-2334,0,서울특별시 종로구 청운동 4-14번지,48.67C,65,11110, ,21,철근콘크리트구조
83.47,10100, ,0004,20140711, ,1,전유,22,복수층(상층),0,0014, ,0,주건축물,02003,다세대주택,11110-16230,11110-2334,0,서울특별시 종로구 청운동 4-14번지,48.67C,66,11110, ,21,철근콘크리트구조
46.79,10100, ,0004,20140711,주차장,2,공용,10,지하,1,0014, ,0,주건축물,02003,다세대주택,11110-16231,11110-2334,0,서울특별시 종로구 청운동 4-14번지,48.67C,67,11110, ,21,철근콘크리트구조
5.2,10100, ,0004,20140711,계단실,2,공용,40,각층,0,0014, ,0,주건축물,02003,다세대주택,11110-16232,11110-2334,0,서울특별시 종로구 청운동 4-14번지,48.67C,68,11110, ,21,철근콘크리트구조
84.69,10100, ,0008,20170307, ,1,전유,20,지상,1,0004, ,0,주건축물,04402,사무소,11110-20410,11110-3771,0,서울특별시 종로구 청운동 8-4번지,63B,69,11110, ,21,철근콘크리트구조
125.19,10100, ,0008,20170307, ,1,전유,20,지상,2,0004, ,0,주건축물,04402,사무소,11110-20411,11110-3771,0,서울특별시 종로구 청운동 8-4번지,63B,70,11110, ,21,철근콘크리트구조
5.28,10100, ,0008,20170307,지하보일러실,2,공용,10,지하,0,0004, ,0,주건축물,04402,사무소,11110-20412,11110-3771,0,서울특별시 종로구 청운동 8-4번지,63B,71,11110, ,21,철근콘크리트구조
14.52,10100, ,0008,20170307,(지하대피소),2,공용,10,지하,1,0004, ,0,주건축물,04402,사무소,11110-20413,11110-3771,0,서울특별시 종로구 청운동 8-4번지,63B,72,11110, ,21,철근콘크리트구조
2,10100, ,0008,20170307,계단,2,공용,10,지하,0,0004, ,0,주건축물,04402,사무소,11110-20414,11110-3771,0,서울특별시 종로구 청운동 8-4번지,63B,73,11110, ,21,철근콘크리트구조
13.48,10100, ,0008,20170307,계단,2,공용,40,각층,0,0004, ,0,주건축물,04402,사무소,11110-20415,11110-3771,0,서울특별시 종로구 청운동 8-4번지,63B,74,11110, ,21,철근콘크리트구조
0.64,10100, ,0008,20170307,수위실,2,공용,20,지상,1,0004, ,1,부속건축물,04402,사무소,11110-20416,11110-3771,0,서울특별시 종로구 청운동 8-4번지,63B,75,11110, ,11,벽돌구조
89.1,10100, ,0008,20170307, ,1,전유,20,지상,1,0004, ,0,주건축물,04402,사무소,11110-20417,11110-3771,0,서울특별시 종로구 청운동 8-4번지,66A,76,11110, ,21,철근콘크리트구조
129.69,10100, ,0008,20170307, ,1,전유,20,지상,2,0004, ,0,주건축물,04402,사무소,11110-20418,11110-3771,0,서울특별시 종로구 청운동 8-4번지,66A,77,11110, ,21,철근콘크리트구조
5.28,10100, ,0008,20170307,지하보일러실,2,공용,10,지하,0,0004, ,0,주건축물,04402,사무소,11110-20419,11110-3771,0,서울특별시 종로구 청운동 8-4번지,66A,78,11110, ,21,철근콘크리트구조
15.02,10100, ,0008,20170307,지하대피소,2,공용,10,지하,0,0004, ,0,주건축물,04402,사무소,11110-20420,11110-3771,0,서울특별시 종로구 청운동 8-4번지,66A,79,11110, ,21,철근콘크리트구조
2.2,10100, ,0008,20170307,계단,2,공용,10,지하,0,0004, ,0,주건축물,04402,사무소,11110-20421,11110-3771,0,서울특별시 종로구 청운동 8-4번지,66A,80,11110, ,21,철근콘크리트구조
14.05,10100, ,0008,20170307,계단,2,공용,40,각층,0,0004, ,0,주건축물,04402,사무소,11110-20422,11110-3771,0,서울특별시 종로구 청운동 8-4번지,66A,81,11110, ,21,철근콘크리트구조
0.64,10100, ,0008,20170307,수위실,2,공용,20,지상,1,0004, ,1,부속건축물,04402,사무소,11110-20423,11110-3771,0,서울특별시 종로구 청운동 8-4번지,66A,82,11110, ,11,벽돌구조
5.28,10100, ,0008,20170307,지하보일러실,2,공용,10,지하,1,0004, ,0,주건축물,04402,사무소,11110-20424,11110-3771,0,서울특별시 종로구 청운동 8-4번지,A,83,11110, ,21,철근콘크리트구조
129.89,10100, ,0008,20170307, ,1,전유,20,지상,2,0004, ,0,주건축물,04402,사무소,11110-20425,11110-3771,0,서울특별시 종로구 청운동 8-4번지,A,84,11110, ,21,철근콘크리트구조
15.02,10100, ,0008,20170307,지하대피소,2,공용,10,지하,0,0004, ,0,주건축물,04402,사무소,11110-20426,11110-3771,0,서울특별시 종로구 청운동 8-4번지,A,85,11110, ,21,철근콘크리트구조
89.1,10100, ,0008,20170307, ,1,전유,20,지상,1,0004, ,0,주건축물,04402,사무소,11110-20427,11110-3771,0,서울특별시 종로구 청운동 8-4번지,A,86,11110, ,21,철근콘크리트구조
2.2,10100, ,0008,20170307,(계단),2,공용,10,지하,0,0004, ,0,주건축물,04402,사무소,11110-20428,11110-3771,0,서울특별시 종로구 청운동 8-4번지,A,87,11110, ,21,철근콘크리트구조
14.05,10100, ,0008,20170307,계단,2,공용,40,각층,0,0004, ,0,주건축물,04402,사무소,11110-20429,11110-3771,0,서울특별시 종로구 청운동 8-4번지,A,88,11110, ,21,철근콘크리트구조
0.64,10100, ,0008,20170307,수위실,2,공용,20,지상,0,0004, ,1,부속건축물,04402,사무소,11110-20430,11110-3771,0,서울특별시 종로구 청운동 8-4번지,A,89,11110, ,11,벽돌구조
265.72,10100, ,0015,20130618,1세대,1,전유,21,복수층(하층),0,0000, ,0,주건축물,02002,연립주택,11110-13437,11110-1864,0,서울특별시 종로구 청운동 15번지,127.1,90,11110, ,21,철근콘크리트구조
33.96,10100, ,0015,20130618,계단실,2,공용,40,각층,0,0000, ,0,주건축물,02002,연립주택,11110-13438,11110-1864,0,서울특별시 종로구 청운동 15번지,127.1,91,11110, ,21,철근콘크리트구조
112.16,10100, ,0015,20130618,주차장,2,공용,10,지하,1,0000, ,0,주건축물,02002,연립주택,11110-13439,11110-1864,0,서울특별시 종로구 청운동 15번지,127.1,92,11110, ,21,철근콘크리트구조
8.29,10100, ,0015,20130618,경비실,2,공용,10,지하,1,0000, ,0,주건축물,02002,연립주택,11110-13440,11110-1864,0,서울특별시 종로구 청운동 15번지,127.1,93,11110, ,21,철근콘크리트구조
266.17,10100, ,0015,20130618,1세대,1,전유,21,복수층(하층),0,0000, ,0,주건축물,02002,연립주택,11110-13441,11110-1864,0,서울특별시 종로구 청운동 15번지,128.8,94,11110, ,21,철근콘크리트구조
33.96,10100, ,0015,20130618,계단실,2,공용,40,각층,0,0000, ,0,주건축물,02002,연립주택,11110-13442,11110-1864,0,서울특별시 종로구 청운동 15번지,128.8,95,11110, ,21,철근콘크리트구조
111.03,10100, ,0015,20130618,주차장,2,공용,10,지하,1,0000, ,0,주건축물,02002,연립주택,11110-13443,11110-1864,0,서울특별시 종로구 청운동 15번지,128.8,96,11110, ,21,철근콘크리트구조
8.29,10100, ,0015,20130618,경비실,2,공용,10,지하,1,0000, ,0,주건축물,02002,연립주택,11110-13444,11110-1864,0,서울특별시 종로구 청운동 15번지,128.8,97,11110, ,21,철근콘크리트구조
221.49,10100, ,0015,20130618,1세대,1,전유,20,지상,0,0000, ,0,주건축물,02002,연립주택,11110-13429,11110-1864,0,서울특별시 종로구 청운동 15번지,105.6,98,11110, ,21,철근콘크리트구조
28.26,10100, ,0015,20130618,계단실,2,공용,40,각층,0,0000, ,0,주건축물,02002,연립주택,11110-13430,11110-1864,0,서울특별시 종로구 청운동 15번지,105.6,99,11110, ,21,철근콘크리트구조
92.38,10100, ,0015,20130618,주차장,2,공용,10,지하,1,0000, ,0,주건축물,02002,연립주택,11110-13431,11110-1864,0,서울특별시 종로구 청운동 15번지,105.6,100,11110, ,21,철근콘크리트구조
6.9,10100, ,0015,20130618,경비실,2,공용,10,지하,1,0000, ,0,주건축물,02002,연립주택,11110-13432,11110-1864,0,서울특별시 종로구 청운동 15번지,105.6,101,11110, ,21,철근콘크리트구조
221.04,10100, ,0015,20130618,1세대,1,전유,20,지상,0,0000, ,0,주건축물,02002,연립주택,11110-13433,11110-1864,0,서울특별시 종로구 청운동 15번지,105.7,102,11110, ,21,철근콘크리트구조
28.26,10100, ,0015,20130618,계단실,2,공용,40,각층,0,0000, ,0,주건축물,02002,연립주택,11110-13434,11110-1864,0,서울특별시 종로구 청운동 15번지,105.7,103,11110, ,21,철근콘크리트구조
93.3,10100, ,0015,20130618,주차장,2,공용,10,지하,1,0000, ,0,주건축물,02002,연립주택,11110-13435,11110-1864,0,서울특별시 종로구 청운동 15번지,105.7,104,11110, ,21,철근콘크리트구조
8.29,10100, ,0015,20130618,경비실,2,공용,10,지하,1,0000, ,0,주건축물,02002,연립주택,11110-13436,11110-1864,0,서울특별시 종로구 청운동 15번지,105.7,105,11110, ,21,철근콘크리트구조
153.57,10100, ,0015,20130618, ,1,전유,20,지상,0,0007, ,0,주건축물,02003,다세대주택,11110-9681,11110-1561,0,서울특별시 종로구 청운동 15-7번지,56,106,11110, ,21,철근콘크리트구조
153.57,10100, ,0015,20130618, ,1,전유,20,지상,0,0007, ,0,주건축물,02003,다세대주택,11110-9682,11110-1561,0,서울특별시 종로구 청운동 15-7번지,58,107,11110, ,21,철근콘크리트구조
153.57,10100, ,0015,20130618, ,1,전유,20,지상,0,0007, ,0,주건축물,02003,다세대주택,11110-9683,11110-1561,0,서울특별시 종로구 청운동 15-7번지,64,108,11110, ,21,철근콘크리트구조
149.7,10100, ,0030,20140711, ,1,전유,20,지상,3,0001, ,0,주건축물,02002,연립주택,11110-17032,11110-2469,0,서울특별시 종로구 청운동 30-1번지,63.52,109,11110, ,21,철근콘크리트구조
48.22,10100, ,0030,20140711,주차장,2,공용,10,지하,2,0001, ,0,주건축물,02002,연립주택,11110-17033,11110-2469,0,서울특별시 종로구 청운동 30-1번지,63.52,110,11110, ,21,철근콘크리트구조
10.4,10100, ,0030,20140711,계단실,2,공용,40,각층,0,0001, ,0,주건축물,02002,연립주택,11110-17034,11110-2469,0,서울특별시 종로구 청운동 30-1번지,63.52,111,11110, ,21,철근콘크리트구조
2.87,10100, ,0030,20140711,ELEV,2,공용,40,각층,0,0001, ,0,주건축물,02002,연립주택,11110-17035,11110-2469,0,서울특별시 종로구 청운동 30-1번지,63.52,112,11110, ,21,철근콘크리트구조
151.8,10100, ,0030,20140711, ,1,전유,20,지상,0,0001, ,0,주건축물,02002,연립주택,11110-17036,11110-2469,0,서울특별시 종로구 청운동 30-1번지,64.41,113,11110, ,21,철근콘크리트구조
48.93,10100, ,0030,20140711,주차장,2,공용,10,지하,2,0001, ,0,주건축물,02002,연립주택,11110-17037,11110-2469,0,서울특별시 종로구 청운동 30-1번지,64.41,114,11110, ,21,철근콘크리트구조
10.51,10100, ,0030,20140711,계단실,2,공용,40,각층,0,0001, ,0,주건축물,02002,연립주택,11110-17038,11110-2469,0,서울특별시 종로구 청운동 30-1번지,64.41,115,11110, ,21,철근콘크리트구조
2.89,10100, ,0030,20140711,ELEV,2,공용,40,각층,0,0001, ,0,주건축물,02002,연립주택,11110-17039,11110-2469,0,서울특별시 종로구 청운동 30-1번지,64.41,116,11110, ,21,철근콘크리트구조
57.34,10100, ,0050,20131206, ,1,전유,20,지상,5,0010, ,0,주건축물,02003,다세대주택,11110-8212,11110-1020,0,서울특별시 종로구 청운동 50-10번지,18.99B,117,11110, ,21,철근콘크리트구조
5.43,10100, ,0050,20131206, ,2,공용,20,지상,5,0010, ,0,주건축물,02003,다세대주택,11110-8213,11110-1020,0,서울특별시 종로구 청운동 50-10번지,18.99B,118,11110, ,21,철근콘크리트구조
68.71,10100, ,0050,20131206, ,1,전유,20,지상,5,0010, ,0,주건축물,02003,다세대주택,11110-8214,11110-1020,0,서울특별시 종로구 청운동 50-10번지,22.75C,119,11110, ,21,철근콘크리트구조
6.51,10100, ,0050,20131206, ,2,공용,20,지상,5,0010, ,0,주건축물,02003,다세대주택,11110-8215,11110-1020,0,서울특별시 종로구 청운동 50-10번지,22.75C,120,11110, ,21,철근콘크리트구조
79.14,10100, ,0050,20131206, ,1,전유,20,지상,2,0010, ,0,주건축물,02003,다세대주택,11110-8216,11110-1020,0,서울특별시 종로구 청운동 50-10번지,26.21 A,121,11110, ,21,철근콘크리트구조
7.5,10100, ,0050,20131206, ,2,공용,20,지상,2,0010, ,0,주건축물,02003,다세대주택,11110-8217,11110-1020,0,서울특별시 종로구 청운동 50-10번지,26.21 A,122,11110, ,21,철근콘크리트구조
79.14,10100, ,0050,20131206, ,1,전유,20,지상,2,0010, ,0,주건축물,02003,다세대주택,11110-8218,11110-1020,0,서울특별시 종로구 청운동 50-10번지,26.21A,123,11110, ,21,철근콘크리트구조
7.5,10100, ,0050,20131206, ,2,공용,20,지상,2,0010, ,0,주건축물,02003,다세대주택,11110-8219,11110-1020,0,서울특별시 종로구 청운동 50-10번지,26.21A,124,11110, ,21,철근콘크리트구조
65.2,10100, ,0050,20190213, ,1,전유,20,지상,2,0030, ,0,주건축물,02003,다세대주택,11110-100021881,11110-100024762,0,서울특별시 종로구 청운동 50-30번지,65.20,125,11110, ,21,철근콘크리트구조
71.7,10100, ,0050,20190213, ,1,전유,20,지상,2,0030, ,0,주건축물,02003,다세대주택,11110-100021882,11110-100024762,0,서울특별시 종로구 청운동 50-30번지,71.70,126,11110, ,21,철근콘크리트구조
72.88,10100, ,0050,20190213, ,1,전유,20,지상,4,0030, ,0,주건축물,02003,다세대주택,11110-100021883,11110-100024762,0,서울특별시 종로구 청운동 50-30번지,72.88,127,11110, ,21,철근콘크리트구조
15.04,10100, ,0050,20190213,계단실,2,공용,40,각층,0,0030, ,0,주건축물,02003,다세대주택,11110-100021884,11110-100024762,0,서울특별시 종로구 청운동 50-30번지,65.20,128,11110, ,21,철근콘크리트구조
2.63,10100, ,0050,20190213,주민공동시설,2,공용,20,지상,1,0030, ,0,주건축물,02003,다세대주택,11110-100021885,11110-100024762,0,서울특별시 종로구 청운동 50-30번지,65.20,129,11110, ,21,철근콘크리트구조
16.55,10100, ,0050,20190213,계단실,2,공용,40,각층,0,0030, ,0,주건축물,02003,다세대주택,11110-100021886,11110-100024762,0,서울특별시 종로구 청운동 50-30번지,71.70,130,11110, ,21,철근콘크리트구조
2.89,10100, ,0050,20190213,주민공동시설,2,공용,20,지상,1,0030, ,0,주건축물,02003,다세대주택,11110-100021887,11110-100024762,0,서울특별시 종로구 청운동 50-30번지,71.70,131,11110, ,21,철근콘크리트구조
16.82,10100, ,0050,20190213,계단실,2,공용,40,각층,0,0030, ,0,주건축물,02003,다세대주택,11110-100021888,11110-100024762,0,서울특별시 종로구 청운동 50-30번지,72.88,132,11110, ,21,철근콘크리트구조
2.92,10100, ,0050,20190213,주민공동시설,2,공용,20,지상,1,0030, ,0,주건축물,02003,다세대주택,11110-100021889,11110-100024762,0,서울특별시 종로구 청운동 50-30번지,72.88,133,11110, ,21,철근콘크리트구조
64.11,10100, ,0051,20130618, ,1,전유,20,지상,4,0005, ,0,주건축물,02003,다세대주택,11110-3633,11110-517,0,서울특별시 종로구 청운동 51-5번지,21.56,134,11110, ,21,철근콘크리트구조
7.17,10100, ,0051,20130618,계단실,2,공용,20,지상,4,0005, ,0,주건축물,02003,다세대주택,11110-3634,11110-517,0,서울특별시 종로구 청운동 51-5번지,21.56,135,11110, ,21,철근콘크리트구조
64.11,10100, ,0051,20130618, ,1,전유,20,지상,4,0005, ,0,주건축물,02003,다세대주택,11110-3635,11110-517,0,서울특별시 종로구 청운동 51-5번지,22.66,136,11110, ,21,철근콘크리트구조
7.16,10100, ,0051,20130618, ,2,공용,20,지상,4,0005, ,0,주건축물,02003,다세대주택,11110-3636,11110-517,0,서울특별시 종로구 청운동 51-5번지,22.66,137,11110, ,21,철근콘크리트구조
107.57,10100, ,0051,20130618, ,1,전유,20,지상,1,0005, ,0,주건축물,02003,다세대주택,11110-3637,11110-517,0,서울특별시 종로구 청운동 51-5번지,35.81,138,11110, ,21,철근콘크리트구조
12.01,10100, ,0051,20130618, ,2,공용,20,지상,1,0005, ,0,주건축물,02003,다세대주택,11110-3638,11110-517,0,서울특별시 종로구 청운동 51-5번지,35.81,139,11110, ,21,철근콘크리트구조
107.57,10100, ,0051,20130618, ,1,전유,20,지상,2,0005, ,0,주건축물,02003,다세대주택,11110-3639,11110-517,0,서울특별시 종로구 청운동 51-5번지,35.81,140,11110, ,21,철근콘크리트구조
12.01,10100, ,0051,20130618, ,2,공용,20,지상,2,0005, ,0,주건축물,02003,다세대주택,11110-3640,11110-517,0,서울특별시 종로구 청운동 51-5번지,35.81,141,11110, ,21,철근콘크리트구조
107.57,10100, ,0051,20130618, ,1,전유,20,지상,3,0005, ,0,주건축물,02003,다세대주택,11110-3641,11110-517,0,서울특별시 종로구 청운동 51-5번지,35.81,142,11110, ,21,철근콘크리트구조
12.01,10100, ,0051,20130618, ,2,공용,20,지상,3,0005, ,0,주건축물,02003,다세대주택,11110-3642,11110-517,0,서울특별시 종로구 청운동 51-5번지,35.81,143,11110, ,21,철근콘크리트구조
107.57,10100, ,0051,20130618, ,1,전유,20,지상,1,0005, ,0,주건축물,02003,다세대주택,11110-3643,11110-517,0,서울특별시 종로구 청운동 51-5번지,36.17,144,11110, ,21,철근콘크리트구조
12.01,10100, ,0051,20130618,계단실,2,공용,20,지상,1,0005, ,0,주건축물,02003,다세대주택,11110-3644,11110-517,0,서울특별시 종로구 청운동 51-5번지,36.17,145,11110, ,21,철근콘크리트구조
107.57,10100, ,0051,20130618, ,1,전유,20,지상,2,0005, ,0,주건축물,02003,다세대주택,11110-3645,11110-517,0,서울특별시 종로구 청운동 51-5번지,36.17,146,11110, ,21,철근콘크리트구조
12.01,10100, ,0051,20130618,계단실,2,공용,20,지상,2,0005, ,0,주건축물,02003,다세대주택,11110-3646,11110-517,0,서울특별시 종로구 청운동 51-5번지,36.17,147,11110, ,21,철근콘크리트구조
107.57,10100, ,0051,20130618, ,1,전유,20,지상,3,0005, ,0,주건축물,02003,다세대주택,11110-3647,11110-517,0,서울특별시 종로구 청운동 51-5번지,36.17,148,11110, ,21,철근콘크리트구조
12.01,10100, ,0051,20130618,계단실,2,공용,20,지상,3,0005, ,0,주건축물,02003,다세대주택,11110-3648,11110-517,0,서울특별시 종로구 청운동 51-5번지,36.17,149,11110, ,21,철근콘크리트구조
41.38,10100, ,0052,20101123, ,1,전유,20,지상,5,0005, ,0,주건축물,02003,다세대주택,11110-100003896,11110-100011904,0,서울특별시 종로구 청운동 52-5번지,41.38,150,11110, ,21,철근콘크리트구조
50.63,10100, ,0052,20101123, ,1,전유,20,지상,4,0005, ,0,주건축물,02003,다세대주택,11110-100003897,11110-100011904,0,서울특별시 종로구 청운동 52-5번지,50.63,151,11110, ,21,철근콘크리트구조
57.71,10100, ,0052,20101123, ,1,전유,20,지상,2,0005, ,0,주건축물,02003,다세대주택,11110-100003898,11110-100011904,0,서울특별시 종로구 청운동 52-5번지,57.71 A,152,11110, ,21,철근콘크리트구조
57.71,10100, ,0052,20101123, ,1,전유,20,지상,3,0005, ,0,주건축물,02003,다세대주택,11110-100003899,11110-100011904,0,서울특별시 종로구 청운동 52-5번지,57.71 B,153,11110, ,21,철근콘크리트구조
59.85,10100, ,0052,20101123, ,1,전유,20,지상,1,0005, ,0,주건축물,04499,기타사무소,11110-100003900,11110-100011904,0,서울특별시 종로구 청운동 52-5번지,59.85,154,11110, ,21,철근콘크리트구조
65.59,10100, ,0052,20101123, ,1,전유,20,지상,2,0005, ,0,주건축물,02003,다세대주택,11110-100003901,11110-100011904,0,서울특별시 종로구 청운동 52-5번지,65.59 A,155,11110, ,21,철근콘크리트구조
65.59,10100, ,0052,20101123, ,1,전유,20,지상,3,0005, ,0,주건축물,02003,다세대주택,11110-100003902,11110-100011904,0,서울특별시 종로구 청운동 52-5번지,65.59 B,156,11110, ,21,철근콘크리트구조
65.59,10100, ,0052,20101123, ,1,전유,20,지상,4,0005, ,0,주건축물,02003,다세대주택,11110-100003903,11110-100011904,0,서울특별시 종로구 청운동 52-5번지,65.59 C,157,11110, ,21,철근콘크리트구조
65.59,10100, ,0052,20101123, ,1,전유,20,지상,5,0005, ,0,주건축물,02003,다세대주택,11110-100003904,11110-100011904,0,서울특별시 종로구 청운동 52-5번지,65.59 D,158,11110, ,21,철근콘크리트구조
5.89,10100, ,0052,20101123,계단실,2,공용,40,각층,0,0005, ,0,주건축물,02003,다세대주택,11110-100003905,11110-100011904,0,서울특별시 종로구 청운동 52-5번지,41.38,159,11110, ,21,철근콘크리트구조
7.21,10100, ,0052,20101123,계단실,2,공용,40,각층,0,0005, ,0,주건축물,02003,다세대주택,11110-100003906,11110-100011904,0,서울특별시 종로구 청운동 52-5번지,50.63,160,11110, ,21,철근콘크리트구조
9.35,10100, ,0052,20101123,계단실,2,공용,40,각층,0,0005, ,0,주건축물,02003,다세대주택,11110-100003907,11110-100011904,0,서울특별시 종로구 청운동 52-5번지,56.59 A,161,11110, ,21,철근콘크리트구조
8.23,10100, ,0052,20101123,계단실,2,공용,40,각층,0,0005, ,0,주건축물,02003,다세대주택,11110-100003908,11110-100011904,0,서울특별시 종로구 청운동 52-5번지,57.71 A,162,11110, ,21,철근콘크리트구조
8.23,10100, ,0052,20101123,계단실,2,공용,40,각층,0,0005, ,0,주건축물,02003,다세대주택,11110-100003909,11110-100011904,0,서울특별시 종로구 청운동 52-5번지,57.71 B,163,11110, ,21,철근콘크리트구조
9.35,10100, ,0052,20101123,계단실,2,공용,40,각층,0,0005, ,0,주건축물,02003,다세대주택,11110-100003910,11110-100011904,0,서울특별시 종로구 청운동 52-5번지,65.59 A,164,11110, ,21,철근콘크리트구조
9.35,10100, ,0052,20101123,계단실,2,공용,40,각층,0,0005, ,0,주건축물,02003,다세대주택,11110-100003911,11110-100011904,0,서울특별시 종로구 청운동 52-5번지,65.59 B,165,11110, ,21,철근콘크리트구조
9.35,10100, ,0052,20101123,계단실,2,공용,40,각층,0,0005, ,0,주건축물,02003,다세대주택,11110-100003912,11110-100011904,0,서울특별시 종로구 청운동 52-5번지,65.59 C,166,11110, ,21,철근콘크리트구조
9.35,10100, ,0052,20101123,계단실,2,공용,40,각층,0,0005, ,0,주건축물,02003,다세대주택,11110-100003913,11110-100011904,0,서울특별시 종로구 청운동 52-5번지,65.59 D,167,11110, ,21,철근콘크리트구조
50.63,10100, ,0052,20141001, ,1,전유,20,지상,4,0005, ,0,주건축물,02003,다세대주택,11110-100012736,11110-100020788,0,서울특별시 종로구 청운동 52-5번지,402,168,11110, ,21,철근콘크리트구조
16.8,10100, ,0052,20141001, ,1,전유,20,지상,4,0005, ,0,주건축물,02003,다세대주택,11110-100012737,11110-100020788,0,서울특별시 종로구 청운동 52-5번지,402,169,11110, ,32,경량철골구조
41.38,10100, ,0052,20141001, ,1,전유,20,지상,5,0005, ,0,주건축물,02003,다세대주택,11110-100012738,11110-100020788,0,서울특별시 종로구 청운동 52-5번지,502,170,11110, ,21,철근콘크리트구조
11.2,10100, ,0052,20141001, ,1,전유,20,지상,5,0005, ,0,주건축물,02003,다세대주택,11110-100012739,11110-100020788,0,서울특별시 종로구 청운동 52-5번지,502,171,11110, ,32,경량철골구조
7.21,10100, ,0052,20141001,계단실,2,공용,40,각층,0,0005, ,0,주건축물,02003,다세대주택,11110-100012740,11110-100020788,0,서울특별시 종로구 청운동 52-5번지,402,172,11110, ,21,철근콘크리트구조
5.89,10100, ,0052,20141001,계단실,2,공용,40,각층,0,0005, ,0,주건축물,02003,다세대주택,11110-100012741,11110-100020788,0,서울특별시 종로구 청운동 52-5번지,502,173,11110, ,21,철근콘크리트구조
12.48,10100, ,0052,20141001,창고,2,공용,20,지상,1,0005, ,0,주건축물,02003,다세대주택,11110-100012742,11110-100020788,0,서울특별시 종로구 청운동 52-5번지,502,174,11110, ,32,경량철골구조
95.25,10100, ,0052,20130618,101,1,전유,20,지상,1,0010, ,0,주건축물,02003,다세대주택,11110-3508,11110-472,0,서울특별시 종로구 청운동 52-10번지,49,175,11110, ,21,철근콘크리트구조
95.25,10100, ,0052,20130618,201,1,전유,20,지상,2,0010, ,0,주건축물,02003,다세대주택,11110-3509,11110-472,0,서울특별시 종로구 청운동 52-10번지,49,176,11110, ,21,철근콘크리트구조
95.25,10100, ,0052,20130618,301,1,전유,20,지상,3,0010, ,0,주건축물,02003,다세대주택,11110-3510,11110-472,0,서울특별시 종로구 청운동 52-10번지,49,177,11110, ,21,철근콘크리트구조
160.24,10100, ,0052,20130618,주차장,2,공용,10,지하,1,0010, ,0,주건축물,02003,다세대주택,11110-3511,11110-472,0,서울특별시 종로구 청운동 52-10번지,49,178,11110, ,21,철근콘크리트구조
13.83,10100, ,0052,20130618,계단실,2,공용,20,지상,1,0010, ,0,주건축물,02003,다세대주택,11110-3512,11110-472,0,서울특별시 종로구 청운동 52-10번지,49,179,11110, ,21,철근콘크리트구조
13.83,10100, ,0052,20130618,계단실,2,공용,20,지상,2,0010, ,0,주건축물,02003,다세대주택,11110-3513,11110-472,0,서울특별시 종로구 청운동 52-10번지,49,180,11110, ,21,철근콘크리트구조
13.83,10100, ,0052,20130618,계단실,2,공용,20,지상,3,0010, ,0,주건축물,02003,다세대주택,11110-3514,11110-472,0,서울특별시 종로구 청운동 52-10번지,49,181,11110, ,21,철근콘크리트구조
0,10100, ,0056,20140517, ,1,전유, , ,0,0014, , , , , ,11110-18824,11110-2857,0,서울특별시 종로구 청운동 56-14번지,32.63,182,11110, , , 
107.87,10100, ,0056,20140517, ,1,전유, , ,0,0014, ,0,주건축물,02003,다세대주택,11110-18825,11110-2857,0,서울특별시 종로구 청운동 56-14번지,32.63A,183,11110, ,21,철근콘크리트구조
36.84,10100, ,0056,20140517,주차장,2,공용,10,지하,2,0014, ,0,주건축물,02003,다세대주택,11110-18826,11110-2857,0,서울특별시 종로구 청운동 56-14번지,32.63A,184,11110, ,21,철근콘크리트구조
12.6,10100, ,0056,20140517,계단실,2,공용,40,각층,0,0014, ,0,주건축물,02003,다세대주택,11110-18827,11110-2857,0,서울특별시 종로구 청운동 56-14번지,32.63A,185,11110, ,21,철근콘크리트구조
6.05,10100, ,0056,20140517,ELEV,2,공용,40,각층,0,0014, ,0,주건축물,02003,다세대주택,11110-18828,11110-2857,0,서울특별시 종로구 청운동 56-14번지,32.63A,186,11110, ,21,철근콘크리트구조
107.87,10100, ,0056,20140517, ,1,전유,20,지상,0,0014, ,0,주건축물,02003,다세대주택,11110-18829,11110-2857,0,서울특별시 종로구 청운동 56-14번지,32.63B,187,11110, ,21,철근콘크리트구조
36.85,10100, ,0056,20140517,주차장,2,공용,10,지하,2,0014, ,0,주건축물,02003,다세대주택,11110-18830,11110-2857,0,서울특별시 종로구 청운동 56-14번지,32.63B,188,11110, ,21,철근콘크리트구조
12.6,10100, ,0056,20140517,계단실,2,공용,40,각층,0,0014, ,0,주건축물,02003,다세대주택,11110-18831,11110-2857,0,서울특별시 종로구 청운동 56-14번지,32.63B,189,11110, ,21,철근콘크리트구조
6.05,10100, ,0056,20140517,ELEV,2,공용,40,각층,0,0014, ,0,주건축물,02003,다세대주택,11110-18832,11110-2857,0,서울특별시 종로구 청운동 56-14번지,32.63B,190,11110, ,21,철근콘크리트구조
74.97,10100, ,0056,20090326, ,1,전유, , ,0,0041, ,0,주건축물,02003,다세대주택,11110-20365,11110-3663,0,서울특별시 종로구 청운동 56-41번지,24.95A,191,11110, ,21,철근콘크리트구조
7.52,10100, ,0056,20090326,계단실,2,공용,40,각층,0,0041, ,0,주건축물,02003,다세대주택,11110-20366,11110-3663,0,서울특별시 종로구 청운동 56-41번지,24.95A,192,11110, ,21,철근콘크리트구조
75,10100, ,0056,20090326, ,1,전유, , ,0,0041, ,0,주건축물,02003,다세대주택,11110-20367,11110-3663,0,서울특별시 종로구 청운동 56-41번지,24.96B,193,11110, ,21,철근콘크리트구조
7.52,10100, ,0056,20090326,계단실,2,공용,40,각층,0,0041, ,0,주건축물,02003,다세대주택,11110-20368,11110-3663,0,서울특별시 종로구 청운동 56-41번지,24.96B,194,11110, ,21,철근콘크리트구조
111.34,10100, ,0056,20130618, ,1,전유,20,지상,1,0042, ,0,주건축물,02003,다세대주택,11110-3459,11110-429,0,서울특별시 종로구 청운동 56-42번지,33,195,11110, ,21,철근콘크리트구조
19.35,10100, ,0056,20130618,계단실,2,공용,20,지상,1,0042, ,0,주건축물,02003,다세대주택,11110-3460,11110-429,0,서울특별시 종로구 청운동 56-42번지,33,196,11110, ,21,철근콘크리트구조
45.1,10100, ,0056,20130618,주차장,2,공용,10,지하,1,0042, , , ,02003,다세대주택,11110-3461,11110-429,0,서울특별시 종로구 청운동 56-42번지,33,197,11110, , , 
144.29,10100, ,0056,20130618, ,1,전유,20,지상,2,0042, ,0,주건축물,02003,다세대주택,11110-3462,11110-429,0,서울특별시 종로구 청운동 56-42번지,49,198,11110, ,21,철근콘크리트구조
25.09,10100, ,0056,20130618,계단실,2,공용,40,각층,2,0042, ,0,주건축물,02003,다세대주택,11110-3463,11110-429,0,서울특별시 종로구 청운동 56-42번지,49,199,11110, ,21,철근콘크리트구조
58.47,10100, ,0056,20130618,주차장,2,공용,10,지하,1,0042, ,0,주건축물,02003,다세대주택,11110-3464,11110-429,0,서울특별시 종로구 청운동 56-42번지,49,200,11110, ,21,철근콘크리트구조
145.8,10100, ,0056,20130618, ,1,전유,20,지상,0,0042, ,0,주건축물,02003,다세대주택,11110-3465,11110-429,0,서울특별시 종로구 청운동 56-42번지,51,201,11110, ,21,철근콘크리트구조
25.36,10100, ,0056,20130618,계단실,2,공용,40,각층,1,0042, ,0,주건축물,02003,다세대주택,11110-3466,11110-429,0,서울특별시 종로구 청운동 56-42번지,51,202,11110, ,21,철근콘크리트구조
59.09,10100, ,0056,20130618,주차장,2,공용,10,지하,1,0042, ,0,주건축물,02003,다세대주택,11110-3467,11110-429,0,서울특별시 종로구 청운동 56-42번지,51,203,11110, ,21,철근콘크리트구조
159.85,10100, ,0056,20130618, ,1,전유,20,지상,4,0042, ,0,주건축물,02003,다세대주택,11110-3468,11110-429,0,서울특별시 종로구 청운동 56-42번지,53,204,11110, ,21,철근콘크리트구조
27.79,10100, ,0056,20130618,계단실,2,공용,40,각층,1,0042, ,0,주건축물,02003,다세대주택,11110-3469,11110-429,0,서울특별시 종로구 청운동 56-42번지,53,205,11110, ,21,철근콘크리트구조
64.78,10100, ,0056,20130618,주차장,2,공용,10,지하,1,0042, ,0,주건축물,02003,다세대주택,11110-3470,11110-429,0,서울특별시 종로구 청운동 56-42번지,53,206,11110, ,21,철근콘크리트구조
69.12,10100, ,0056,20090326,주차장,2,공용,20,지상,1,0048, ,0,주건축물,02002,연립주택,11110-10291,11110-1658,0,서울특별시 종로구 청운동 56-48번지,101,207,11110, ,21,철근콘크리트구조
12,10100, ,0056,20090326,계단실,2,공용,20,지상,1,0048, ,0,주건축물,02002,연립주택,11110-10292,11110-1658,0,서울특별시 종로구 청운동 56-48번지,101,208,11110, ,21,철근콘크리트구조
172.42,10100, ,0056,20090326, ,1,전유,20,지상,1,0048, ,0,주건축물,02002,연립주택,11110-10293,11110-1658,0,서울특별시 종로구 청운동 56-48번지,102,209,11110, ,21,철근콘크리트구조
69.12,10100, ,0056,20090326,주차장,2,공용,20,지상,1,0048, ,0,주건축물,02002,연립주택,11110-10294,11110-1658,0,서울특별시 종로구 청운동 56-48번지,102,210,11110, ,21,철근콘크리트구조
12,10100, ,0056,20090326,계단실,2,공용,20,지상,1,0048, ,0,주건축물,02002,연립주택,11110-10295,11110-1658,0,서울특별시 종로구 청운동 56-48번지,102,211,11110, ,21,철근콘크리트구조
172.42,10100, ,0056,20090326, ,1,전유,20,지상,2,0048, ,0,주건축물,02002,연립주택,11110-10296,11110-1658,0,서울특별시 종로구 청운동 56-48번지,201,212,11110, ,21,철근콘크리트구조
69.12,10100, ,0056,20090326,주차장,2,공용,20,지상,2,0048, ,0,주건축물,02002,연립주택,11110-10297,11110-1658,0,서울특별시 종로구 청운동 56-48번지,201,213,11110, ,21,철근콘크리트구조
172.42,10100, ,0056,20090326, ,1,전유,20,지상,1,0048, ,0,주건축물,02002,연립주택,11110-10290,11110-1658,0,서울특별시 종로구 청운동 56-48번지,101,214,11110, ,21,철근콘크리트구조
12,10100, ,0056,20090326,계단실,2,공용,20,지상,2,0048, ,0,주건축물,02002,연립주택,11110-10298,11110-1658,0,서울특별시 종로구 청운동 56-48번지,201,215,11110, ,21,철근콘크리트구조
172.42,10100, ,0056,20090326, ,1,전유,20,지상,2,0048, ,0,주건축물,02002,연립주택,11110-10299,11110-1658,0,서울특별시 종로구 청운동 56-48번지,202,216,11110, ,21,철근콘크리트구조
69.12,10100, ,0056,20090326,주차장,2,공용,20,지상,2,0048, ,0,주건축물,02002,연립주택,11110-10300,11110-1658,0,서울특별시 종로구 청운동 56-48번지,202,217,11110, ,21,철근콘크리트구조
12,10100, ,0056,20090326,계단실,2,공용,20,지상,2,0048, ,0,주건축물,02002,연립주택,11110-10301,11110-1658,0,서울특별시 종로구 청운동 56-48번지,202,218,11110, ,21,철근콘크리트구조
172.42,10100, ,0056,20090326, ,1,전유,20,지상,3,0048, ,0,주건축물,02002,연립주택,11110-10302,11110-1658,0,서울특별시 종로구 청운동 56-48번지,301,219,11110, ,21,철근콘크리트구조
69.12,10100, ,0056,20090326,주차장,2,공용,20,지상,3,0048, ,0,주건축물,02002,연립주택,11110-10303,11110-1658,0,서울특별시 종로구 청운동 56-48번지,301,220,11110, ,21,철근콘크리트구조
12,10100, ,0056,20090326,계단실,2,공용,20,지상,3,0048, ,0,주건축물,02002,연립주택,11110-10304,11110-1658,0,서울특별시 종로구 청운동 56-48번지,301,221,11110, ,21,철근콘크리트구조
172.42,10100, ,0056,20090326, ,1,전유,20,지상,3,0048, ,0,주건축물,02002,연립주택,11110-10305,11110-1658,0,서울특별시 종로구 청운동 56-48번지,302,222,11110, ,21,철근콘크리트구조
69.12,10100, ,0056,20090326,주차장,2,공용,20,지상,3,0048, ,0,주건축물,02002,연립주택,11110-10306,11110-1658,0,서울특별시 종로구 청운동 56-48번지,302,223,11110, ,21,철근콘크리트구조
12,10100, ,0056,20090326,계단실,2,공용,20,지상,3,0048, ,0,주건축물,02002,연립주택,11110-10307,11110-1658,0,서울특별시 종로구 청운동 56-48번지,302,224,11110, ,21,철근콘크리트구조
144.21,10100, ,0056,20140711, ,1,전유,20,지상,1,0049, ,0,주건축물,02003,다세대주택,11110-16349,11110-2363,0,서울특별시 종로구 청운동 56-49번지,67.26,225,11110, ,21,철근콘크리트구조
57.85,10100, ,0056,20140711,주차장,2,공용,20,지상,1,0049, ,0,주건축물,02003,다세대주택,11110-16350,11110-2363,0,서울특별시 종로구 청운동 56-49번지,67.26,226,11110, ,21,철근콘크리트구조
20.3,10100, ,0056,20140711,계단실,2,공용,20,지상,1,0049, ,0,주건축물,02003,다세대주택,11110-16351,11110-2363,0,서울특별시 종로구 청운동 56-49번지,67.26,227,11110, ,21,철근콘크리트구조
144.21,10100, ,0056,20140711, ,1,전유,20,지상,2,0049, ,0,주건축물,02003,다세대주택,11110-16352,11110-2363,0,서울특별시 종로구 청운동 56-49번지,67.26,228,11110, ,21,철근콘크리트구조
57.85,10100, ,0056,20140711,주차장,2,공용,20,지상,2,0049, ,0,주건축물,02003,다세대주택,11110-16353,11110-2363,0,서울특별시 종로구 청운동 56-49번지,67.26,229,11110, ,21,철근콘크리트구조
20.3,10100, ,0056,20140711,계단실,2,공용,20,지상,2,0049, ,0,주건축물,02003,다세대주택,11110-16354,11110-2363,0,서울특별시 종로구 청운동 56-49번지,67.26,230,11110, ,21,철근콘크리트구조
144.21,10100, ,0056,20140711, ,1,전유,20,지상,3,0049, ,0,주건축물,02003,다세대주택,11110-16355,11110-2363,0,서울특별시 종로구 청운동 56-49번지,67.26,231,11110, ,21,철근콘크리트구조
57.85,10100, ,0056,20140711,주차장,2,공용,20,지상,3,0049, ,0,주건축물,02003,다세대주택,11110-16356,11110-2363,0,서울특별시 종로구 청운동 56-49번지,67.26,232,11110, ,21,철근콘크리트구조
20.3,10100, ,0056,20140711,계단실,2,공용,20,지상,3,0049, ,0,주건축물,02003,다세대주택,11110-16357,11110-2363,0,서울특별시 종로구 청운동 56-49번지,67.26,233,11110, ,21,철근콘크리트구조
144.21,10100, ,0056,20140711, ,1,전유,20,지상,4,0049, ,0,주건축물,02003,다세대주택,11110-16358,11110-2363,0,서울특별시 종로구 청운동 56-49번지,67.26,234,11110, ,21,철근콘크리트구조
57.85,10100, ,0056,20140711,주차장,2,공용,20,지상,4,0049, ,0,주건축물,02003,다세대주택,11110-16359,11110-2363,0,서울특별시 종로구 청운동 56-49번지,67.26,235,11110, ,21,철근콘크리트구조
20.3,10100, ,0056,20140711,계단실,2,공용,20,지상,4,0049, ,0,주건축물,02003,다세대주택,11110-16360,11110-2363,0,서울특별시 종로구 청운동 56-49번지,67.26,236,11110, ,21,철근콘크리트구조
144.21,10100, ,0056,20140711, ,1,전유,20,지상,1,0049, ,0,주건축물,02003,다세대주택,11110-16361,11110-2363,0,서울특별시 종로구 청운동 56-49번지,67.26A,237,11110, ,21,철근콘크리트구조
20.3,10100, ,0056,20140711,계단실,2,공용,20,지상,1,0049, ,0,주건축물,02003,다세대주택,11110-16362,11110-2363,0,서울특별시 종로구 청운동 56-49번지,67.26A,238,11110, ,21,철근콘크리트구조
57.85,10100, ,0056,20140711,주차장,2,공용,20,지상,1,0049, ,0,주건축물,02003,다세대주택,11110-16363,11110-2363,0,서울특별시 종로구 청운동 56-49번지,67.26A,239,11110, ,21,철근콘크리트구조
144.21,10100, ,0056,20140711, ,1,전유,20,지상,2,0049, ,0,주건축물,02003,다세대주택,11110-16364,11110-2363,0,서울특별시 종로구 청운동 56-49번지,67.26A,240,11110, ,21,철근콘크리트구조
20.3,10100, ,0056,20140711,계단실,2,공용,20,지상,2,0049, ,0,주건축물,02003,다세대주택,11110-16365,11110-2363,0,서울특별시 종로구 청운동 56-49번지,67.26A,241,11110, ,21,철근콘크리트구조
57.85,10100, ,0056,20140711,주차장,2,공용,20,지상,2,0049, ,0,주건축물,02003,다세대주택,11110-16366,11110-2363,0,서울특별시 종로구 청운동 56-49번지,67.26A,242,11110, ,21,철근콘크리트구조
144.21,10100, ,0056,20140711, ,1,전유,20,지상,3,0049, ,0,주건축물,02003,다세대주택,11110-16367,11110-2363,0,서울특별시 종로구 청운동 56-49번지,67.26A,243,11110, ,21,철근콘크리트구조
20.3,10100, ,0056,20140711,계단실,2,공용,20,지상,3,0049, ,0,주건축물,02003,다세대주택,11110-16368,11110-2363,0,서울특별시 종로구 청운동 56-49번지,67.26A,244,11110, ,21,철근콘크리트구조
57.85,10100, ,0056,20140711,주차장,2,공용,20,지상,3,0049, ,0,주건축물,02003,다세대주택,11110-16369,11110-2363,0,서울특별시 종로구 청운동 56-49번지,67.26A,245,11110, ,21,철근콘크리트구조
144.21,10100, ,0056,20140711, ,1,전유,20,지상,4,0049, ,0,주건축물,02003,다세대주택,11110-16370,11110-2363,0,서울특별시 종로구 청운동 56-49번지,67.26A,246,11110, ,21,철근콘크리트구조
20.3,10100, ,0056,20140711,계단실,2,공용,20,지상,4,0049, ,0,주건축물,02003,다세대주택,11110-16371,11110-2363,0,서울특별시 종로구 청운동 56-49번지,67.26A,247,11110, ,21,철근콘크리트구조
57.85,10100, ,0056,20140711,주차장,2,공용,20,지상,4,0049, ,0,주건축물,02003,다세대주택,11110-16372,11110-2363,0,서울특별시 종로구 청운동 56-49번지,67.26A,248,11110, ,21,철근콘크리트구조
39.29,10100, ,0057,20161108, ,1,전유,40,각층,0,0027, ,0,주건축물,02003,다세대주택,11110-100017553,11110-100024788,0,서울특별시 종로구 청운동 57-27번지,1,249,11110, ,21,철근콘크리트구조
29.31,10100, ,0057,20161108, ,1,전유,40,각층,0,0027, ,0,주건축물,02003,다세대주택,11110-100017554,11110-100024788,0,서울특별시 종로구 청운동 57-27번지,2,250,11110, ,21,철근콘크리트구조
28.75,10100, ,0057,20161108, ,1,전유,20,지상,4,0027, ,0,주건축물,02003,다세대주택,11110-100017555,11110-100024788,0,서울특별시 종로구 청운동 57-27번지,3,251,11110, ,21,철근콘크리트구조
46.78,10100, ,0057,20161108, ,1,전유,10,지하,1,0027, ,0,주건축물,03002,휴게음식점,11110-100017556,11110-100024788,0,서울특별시 종로구 청운동 57-27번지,근생,252,11110, ,21,철근콘크리트구조
13.24,10100, ,0057,20161108,계단실,2,공용,40,각층,0,0027, ,0,주건축물,02003,다세대주택,11110-100017557,11110-100024788,0,서울특별시 종로구 청운동 57-27번지,1,253,11110, ,21,철근콘크리트구조
6.62,10100, ,0057,20161108,주차장,2,공용,10,지하,1,0027, ,0,주건축물,02003,다세대주택,11110-100017558,11110-100024788,0,서울특별시 종로구 청운동 57-27번지,1,254,11110, ,21,철근콘크리트구조
9.88,10100, ,0057,20161108,계단실,2,공용,40,각층,0,0027, ,0,주건축물,02003,다세대주택,11110-100017559,11110-100024788,0,서울특별시 종로구 청운동 57-27번지,2,255,11110, ,21,철근콘크리트구조
4.94,10100, ,0057,20161108,주차장,2,공용,10,지하,1,0027, ,0,주건축물,02003,다세대주택,11110-100017560,11110-100024788,0,서울특별시 종로구 청운동 57-27번지,2,256,11110, ,21,철근콘크리트구조
9.69,10100, ,0057,20161108,계단실,2,공용,40,각층,0,0027, ,0,주건축물,02003,다세대주택,11110-100017561,11110-100024788,0,서울특별시 종로구 청운동 57-27번지,3,257,11110, ,21,철근콘크리트구조
4.85,10100, ,0057,20161108,주차장,2,공용,10,지하,1,0027, ,0,주건축물,02003,다세대주택,11110-100017562,11110-100024788,0,서울특별시 종로구 청운동 57-27번지,3,258,11110, ,21,철근콘크리트구조
70.93,10100, ,0057,20170603,다세대주택,1,전유,20,지상,4,0042, ,0,주건축물,02003,다세대주택,11110-100018693,11110-100025790,0,서울특별시 종로구 청운동 57-42번지,27A,259,11110, ,21,철근콘크리트구조
73.46,10100, ,0057,20170603,다세대주택,1,전유,20,지상,3,0042, ,0,주건축물,02003,다세대주택,11110-100018694,11110-100025790,0,서울특별시 종로구 청운동 57-42번지,28A,260,11110, ,21,철근콘크리트구조
118.42,10100, ,0057,20170603,다세대주택,1,전유,20,지상,2,0042, ,0,주건축물,02003,다세대주택,11110-100018695,11110-100025790,0,서울특별시 종로구 청운동 57-42번지,45A,261,11110, ,21,철근콘크리트구조
121.43,10100, ,0057,20170603,다세대주택,1,전유,20,지상,1,0042, ,0,주건축물,02003,다세대주택,11110-100018696,11110-100025790,0,서울특별시 종로구 청운동 57-42번지,46A,262,11110, ,21,철근콘크리트구조
44.41,10100, ,0057,20170603,주차장,2,공용,10,지하,1,0042, ,0,주건축물,02003,다세대주택,11110-100018697,11110-100025790,0,서울특별시 종로구 청운동 57-42번지,27A,263,11110, ,21,철근콘크리트구조
18.65,10100, ,0057,20170603,계단실,2,공용,40,각층,0,0042, ,0,주건축물,02003,다세대주택,11110-100018698,11110-100025790,0,서울특별시 종로구 청운동 57-42번지,27A,264,11110, ,21,철근콘크리트구조
45.99,10100, ,0057,20170603,주차장,2,공용,10,지하,1,0042, ,0,주건축물,02003,다세대주택,11110-100018699,11110-100025790,0,서울특별시 종로구 청운동 57-42번지,28A,265,11110, ,21,철근콘크리트구조
19.13,10100, ,0057,20170603,계단실,2,공용,40,각층,0,0042, ,0,주건축물,02003,다세대주택,11110-100018700,11110-100025790,0,서울특별시 종로구 청운동 57-42번지,28A,266,11110, ,21,철근콘크리트구조
74.14,10100, ,0057,20170603,주차장,2,공용,10,지하,1,0042, ,0,주건축물,02003,다세대주택,11110-100018701,11110-100025790,0,서울특별시 종로구 청운동 57-42번지,45A,267,11110, ,21,철근콘크리트구조
30.44,10100, ,0057,20170603,계단실,2,공용,40,각층,0,0042, ,0,주건축물,02003,다세대주택,11110-100018702,11110-100025790,0,서울특별시 종로구 청운동 57-42번지,45A,268,11110, ,21,철근콘크리트구조
76.03,10100, ,0057,20170603,주차장,2,공용,10,지하,1,0042, ,0,주건축물,02003,다세대주택,11110-100018703,11110-100025790,0,서울특별시 종로구 청운동 57-42번지,46A,269,11110, ,21,철근콘크리트구조
29.97,10100, ,0057,20170603,계단실,2,공용,40,각층,0,0042, ,0,주건축물,02003,다세대주택,11110-100018704,11110-100025790,0,서울특별시 종로구 청운동 57-42번지,46A,270,11110, ,21,철근콘크리트구조
74.22,10100,57,0057,20130618, ,1,전유,20,지상,3,0064,64,0,주건축물,02003,다세대주택,11110-8104,11110-1006,0,서울특별시 종로구 청운동 57-64번지,32,271,11110,서울시 종로구 청운동,21,철근콘크리트구조
13.9,10100,57,0057,20130618,계단실,2,공용,20,지상,3,0064,64,0,주건축물,02003,다세대주택,11110-8105,11110-1006,0,서울특별시 종로구 청운동 57-64번지,32,272,11110,서울시 종로구 청운동,21,철근콘크리트구조
18.67,10100,57,0057,20130618,주차장,2,공용,20,지상,3,0064,64,0,주건축물,02003,다세대주택,11110-8106,11110-1006,0,서울특별시 종로구 청운동 57-64번지,32,273,11110,서울시 종로구 청운동,21,철근콘크리트구조
77.95,10100,57,0057,20130618, ,1,전유,20,지상,1,0064,64,0,주건축물,02003,다세대주택,11110-8107,11110-1006,0,서울특별시 종로구 청운동 57-64번지,34,274,11110,서울시 종로구 청운동,21,철근콘크리트구조
14.6,10100,57,0057,20130618,계단실,2,공용,20,지상,1,0064,64,0,주건축물,02003,다세대주택,11110-8108,11110-1006,0,서울특별시 종로구 청운동 57-64번지,34,275,11110,서울시 종로구 청운동,21,철근콘크리트구조
19.61,10100,57,0057,20130618,주차장,2,공용,20,지상,1,0064,64,0,주건축물,02003,다세대주택,11110-8109,11110-1006,0,서울특별시 종로구 청운동 57-64번지,34,276,11110,서울시 종로구 청운동,21,철근콘크리트구조
41.23,10100, ,0057,20150109,501호,1,전유,20,지상,5,0064, ,0,주건축물,02003,다세대주택,11110-100014263,11110-100021666,0,서울특별시 종로구 청운동 57-64번지,a,277,11110, ,32,경량철골구조
26.91,10100, ,0060,20090326, ,1,전유,22,복수층(상층),4,0000, ,0,주건축물,02003,다세대주택,11110-100002140,11110-100005957,0,서울특별시 종로구 청운동 60번지,21.7,278,11110, ,21,철근콘크리트구조
39.74,10100, ,0060,20090326, ,1,전유,21,복수층(하층),3,0000, ,0,주건축물,02003,다세대주택,11110-100002141,11110-100005957,0,서울특별시 종로구 청운동 60번지,21.7,279,11110, ,21,철근콘크리트구조
27.2,10100, ,0060,20090326, ,1,전유,21,복수층(하층),1,0000, ,0,주건축물,02003,다세대주택,11110-100002142,11110-100005957,0,서울특별시 종로구 청운동 60번지,22.3,280,11110, ,21,철근콘크리트구조
41.43,10100, ,0060,20090326, ,1,전유,22,복수층(상층),2,0000, ,0,주건축물,02003,다세대주택,11110-100002143,11110-100005957,0,서울특별시 종로구 청운동 60번지,22.3,281,11110, ,21,철근콘크리트구조
25.07,10100, ,0060,20090326, ,1,전유,22,복수층(상층),4,0000, ,0,주건축물,02003,다세대주택,11110-100002144,11110-100005957,0,서울특별시 종로구 청운동 60번지,23.4,282,11110, ,21,철근콘크리트구조
46.73,10100, ,0060,20090326, ,1,전유,21,복수층(하층),3,0000, ,0,주건축물,02003,다세대주택,11110-100002145,11110-100005957,0,서울특별시 종로구 청운동 60번지,23.4,283,11110, ,21,철근콘크리트구조
50.83,10100, ,0060,20090326, ,1,전유,22,복수층(상층),2,0000, ,0,주건축물,02003,다세대주택,11110-100002146,11110-100005957,0,서울특별시 종로구 청운동 60번지,25.6,284,11110, ,21,철근콘크리트구조
27.86,10100, ,0060,20090326, ,1,전유,21,복수층(하층),1,0000, ,0,주건축물,02003,다세대주택,11110-100002147,11110-100005957,0,서울특별시 종로구 청운동 60번지,25.6,285,11110, ,21,철근콘크리트구조
5.21,10100, ,0060,20090326,계단실,2,공용,40,각층,0,0000, ,0,주건축물,02003,다세대주택,11110-100002148,11110-100005957,0,서울특별시 종로구 청운동 60번지,21.7,286,11110, ,21,철근콘크리트구조
5.37,10100, ,0060,20090326,계단실,2,공용,40,각층,0,0000, ,0,주건축물,02003,다세대주택,11110-100002149,11110-100005957,0,서울특별시 종로구 청운동 60번지,22.3,287,11110, ,21,철근콘크리트구조
5.62,10100, ,0060,20090326,계단실,2,공용,40,각층,0,0000, ,0,주건축물,02003,다세대주택,11110-100002150,11110-100005957,0,서울특별시 종로구 청운동 60번지,23.4,288,11110, ,21,철근콘크리트구조
6.16,10100, ,0060,20090326,계단실,2,공용,40,각층,0,0000, ,0,주건축물,02003,다세대주택,11110-100002151,11110-100005957,0,서울특별시 종로구 청운동 60번지,25.6,289,11110, ,21,철근콘크리트구조
65.05,10100, ,0079,20090326, ,1,전유,20,지상,1,0002, ,0,주건축물,02003,다세대주택,11110-12221,11110-1790,0,서울특별시 종로구 청운동 79-2번지,23,290,11110, ,21,철근콘크리트구조
6.6,10100, ,0079,20090326,계단실,2,공용,40,각층,0,0002, ,0,주건축물,02003,다세대주택,11110-12222,11110-1790,0,서울특별시 종로구 청운동 79-2번지,23,291,11110, ,21,철근콘크리트구조
5.15,10100, ,0079,20090326,주차장,2,공용,20,지상,1,0002, ,0,주건축물,02003,다세대주택,11110-12223,11110-1790,0,서울특별시 종로구 청운동 79-2번지,23,292,11110, ,21,철근콘크리트구조
66.35,10100, ,0079,20090326, ,1,전유,20,지상,2,0002, ,0,주건축물,02003,다세대주택,11110-12224,11110-1790,0,서울특별시 종로구 청운동 79-2번지,24,293,11110, ,21,철근콘크리트구조
6.74,10100, ,0079,20090326,계단실,2,공용,40,각층,0,0002, ,0,주건축물,02003,다세대주택,11110-12225,11110-1790,0,서울특별시 종로구 청운동 79-2번지,24,294,11110, ,21,철근콘크리트구조
5.25,10100, ,0079,20090326,주차장,2,공용,20,지상,1,0002, ,0,주건축물,02003,다세대주택,11110-12226,11110-1790,0,서울특별시 종로구 청운동 79-2번지,24,295,11110, ,21,철근콘크리트구조
66.35,10100, ,0079,20090326, ,1,전유,20,지상,3,0002, ,0,주건축물,02003,다세대주택,11110-12227,11110-1790,0,서울특별시 종로구 청운동 79-2번지,40,296,11110, ,21,철근콘크리트구조
6.74,10100, ,0079,20090326,계단실,2,공용,40,각층,0,0002, ,0,주건축물,02003,다세대주택,11110-12228,11110-1790,0,서울특별시 종로구 청운동 79-2번지,40,297,11110, ,21,철근콘크리트구조
0,10100, ,0079,20090326,주차장,2,공용,20,지상,1,0002, ,0,주건축물,02003,다세대주택,11110-12229,11110-1790,0,서울특별시 종로구 청운동 79-2번지,40,298,11110, ,21,철근콘크리트구조
46.22,10100, ,0079,20090326, ,1,전유,20,지상,4,0002, ,0,주건축물,02003,다세대주택,11110-12230,11110-1790,0,서울특별시 종로구 청운동 79-2번지,40,299,11110, ,21,철근콘크리트구조
4.69,10100, ,0079,20090326,계단실,2,공용,40,각층,0,0002, ,0,주건축물,02003,다세대주택,11110-12231,11110-1790,0,서울특별시 종로구 청운동 79-2번지,40,300,11110, ,21,철근콘크리트구조
3.66,10100, ,0079,20090326,주차장,2,공용,20,지상,1,0002, ,0,주건축물,02003,다세대주택,11110-12232,11110-1790,0,서울특별시 종로구 청운동 79-2번지,40,301,11110, ,21,철근콘크리트구조
84.73,10100, ,0089,20090326, ,1,전유,40,각층,0,0005, ,0,주건축물,02002,연립주택,11110-9408,11110-1530,0,서울특별시 종로구 청운동 89-5번지,41.75D,302,11110, ,21,철근콘크리트구조
16.67,10100, ,0089,20090326,계단실,2,공용,40,각층,0,0005, ,0,주건축물,02002,연립주택,11110-9409,11110-1530,0,서울특별시 종로구 청운동 89-5번지,41.75D,303,11110, ,21,철근콘크리트구조
36.63,10100, ,0089,20090326,주차장,2,공용,10,지하,1,0005, ,0,주건축물,02002,연립주택,11110-9410,11110-1530,0,서울특별시 종로구 청운동 89-5번지,41.75D,304,11110, ,21,철근콘크리트구조
84.82,10100, ,0089,20090326, ,1,전유,40,각층,0,0005, ,0,주건축물,02002,연립주택,11110-9411,11110-1530,0,서울특별시 종로구 청운동 89-5번지,41.80C,305,11110, ,21,철근콘크리트구조
16.69,10100, ,0089,20090326,계단실,2,공용,40,각층,0,0005, ,0,주건축물,02002,연립주택,11110-9412,11110-1530,0,서울특별시 종로구 청운동 89-5번지,41.80C,306,11110, ,21,철근콘크리트구조
36.67,10100, ,0089,20090326,주차장,2,공용,10,지하,1,0005, ,0,주건축물,02002,연립주택,11110-9413,11110-1530,0,서울특별시 종로구 청운동 89-5번지,41.80C,307,11110, ,21,철근콘크리트구조
84.93,10100, ,0089,20090326, ,1,전유,40,각층,0,0005, ,0,주건축물,02002,연립주택,11110-9414,11110-1530,0,서울특별시 종로구 청운동 89-5번지,41.85A,308,11110, ,21,철근콘크리트구조
36.71,10100, ,0089,20090326,주차장,2,공용,10,지하,1,0005, ,0,주건축물,02002,연립주택,11110-9415,11110-1530,0,서울특별시 종로구 청운동 89-5번지,41.85A,309,11110, ,21,철근콘크리트구조
16.71,10100, ,0089,20090326,계단실,2,공용,40,각층,0,0005, ,0,주건축물,02002,연립주택,11110-9416,11110-1530,0,서울특별시 종로구 청운동 89-5번지,41.85A,310,11110, ,21,철근콘크리트구조
84.96,10100, ,0089,20090326, ,1,전유,40,각층,0,0005, ,0,주건축물,02002,연립주택,11110-9417,11110-1530,0,서울특별시 종로구 청운동 89-5번지,41.87B,311,11110, ,21,철근콘크리트구조
16.72,10100, ,0089,20090326,계단실,2,공용,40,각층,0,0005, ,0,주건축물,02002,연립주택,11110-9418,11110-1530,0,서울특별시 종로구 청운동 89-5번지,41.87B,312,11110, ,21,철근콘크리트구조
36.73,10100, ,0089,20090326,주차장,2,공용,20,지상,1,0005, ,0,주건축물,02002,연립주택,11110-9419,11110-1530,0,서울특별시 종로구 청운동 89-5번지,41.87B,313,11110, ,21,철근콘크리트구조
10.5,10100, ,0089,20090326,계단실,2,공용,10,지하,1,0017, ,0,주건축물,02003,다세대주택,11110-6436,11110-799,0,서울특별시 종로구 청운동 89-17번지,25.56,314,11110, ,21,철근콘크리트구조
73.98,10100, ,0089,20090326,1세대,1,전유,20,지상,1,0017, ,0,주건축물,02003,다세대주택,11110-6437,11110-799,0,서울특별시 종로구 청운동 89-17번지,25.56,315,11110, ,21,철근콘크리트구조
10.5,10100, ,0089,20090326,계단실,2,공용,20,지상,1,0017, ,0,주건축물,02003,다세대주택,11110-6438,11110-799,0,서울특별시 종로구 청운동 89-17번지,25.56,316,11110, ,21,철근콘크리트구조
73.98,10100, ,0089,20090326,1세대,1,전유,20,지상,2,0017, ,0,주건축물,02003,다세대주택,11110-6439,11110-799,0,서울특별시 종로구 청운동 89-17번지,25.56,317,11110, ,21,철근콘크리트구조
10.5,10100, ,0089,20090326,계단실,2,공용,20,지상,2,0017, ,0,주건축물,02003,다세대주택,11110-6440,11110-799,0,서울특별시 종로구 청운동 89-17번지,25.56,318,11110, ,21,철근콘크리트구조
73.98,10100, ,0089,20090326,1세대,1,전유,20,지상,3,0017, ,0,주건축물,02003,다세대주택,11110-6441,11110-799,0,서울특별시 종로구 청운동 89-17번지,25.56,319,11110, ,21,철근콘크리트구조
10.5,10100, ,0089,20090326,계단실,2,공용,20,지상,3,0017, ,0,주건축물,02003,다세대주택,11110-6442,11110-799,0,서울특별시 종로구 청운동 89-17번지,25.56,320,11110, ,21,철근콘크리트구조
73.98,10100, ,0089,20090326,1세대,1,전유,20,지상,4,0017, ,0,주건축물,02003,다세대주택,11110-6443,11110-799,0,서울특별시 종로구 청운동 89-17번지,25.56,321,11110, ,21,철근콘크리트구조
10.5,10100, ,0089,20090326,계단실,2,공용,20,지상,4,0017, ,0,주건축물,02003,다세대주택,11110-6444,11110-799,0,서울특별시 종로구 청운동 89-17번지,25.56,322,11110, ,21,철근콘크리트구조
74.14,10100, ,0089,20090326,1세대,1,전유,10,지하,1,0017, ,0,주건축물,02003,다세대주택,11110-6445,11110-799,0,서울특별시 종로구 청운동 89-17번지,25.6,323,11110, ,21,철근콘크리트구조
10.5,10100, ,0089,20090326,계단실,2,공용,10,지하,1,0017, ,0,주건축물,02003,다세대주택,11110-6446,11110-799,0,서울특별시 종로구 청운동 89-17번지,25.6,324,11110, ,21,철근콘크리트구조
74.14,10100, ,0089,20090326,1세대,1,전유,20,지상,1,0017, ,0,주건축물,02003,다세대주택,11110-6447,11110-799,0,서울특별시 종로구 청운동 89-17번지,25.6,325,11110, ,21,철근콘크리트구조
10.5,10100, ,0089,20090326,계단실,2,공용,20,지상,1,0017, ,0,주건축물,02003,다세대주택,11110-6448,11110-799,0,서울특별시 종로구 청운동 89-17번지,25.6,326,11110, ,21,철근콘크리트구조
74.14,10100, ,0089,20090326,1세대,1,전유,20,지상,2,0017, ,0,주건축물,02003,다세대주택,11110-6449,11110-799,0,서울특별시 종로구 청운동 89-17번지,25.6,327,11110, ,21,철근콘크리트구조
10.5,10100, ,0089,20090326,계단실,2,공용,20,지상,2,0017, ,0,주건축물,02003,다세대주택,11110-6450,11110-799,0,서울특별시 종로구 청운동 89-17번지,25.6,328,11110, ,21,철근콘크리트구조
74.14,10100, ,0089,20090326,1세대,1,전유,20,지상,3,0017, ,0,주건축물,02003,다세대주택,11110-6451,11110-799,0,서울특별시 종로구 청운동 89-17번지,25.6,329,11110, ,21,철근콘크리트구조
10.5,10100, ,0089,20090326,계단실,2,공용,20,지상,3,0017, ,0,주건축물,02003,다세대주택,11110-6452,11110-799,0,서울특별시 종로구 청운동 89-17번지,25.6,330,11110, ,21,철근콘크리트구조
74.14,10100, ,0089,20090326,1세대,1,전유,20,지상,4,0017, ,0,주건축물,02003,다세대주택,11110-6453,11110-799,0,서울특별시 종로구 청운동 89-17번지,25.6,331,11110, ,21,철근콘크리트구조
10.5,10100, ,0089,20090326,계단실,2,공용,20,지상,4,0017, ,0,주건축물,02003,다세대주택,11110-6454,11110-799,0,서울특별시 종로구 청운동 89-17번지,25.6,332,11110, ,21,철근콘크리트구조
73.98,10100, ,0089,20090326,1세대,1,전유,10,지하,1,0017, ,0,주건축물,02003,다세대주택,11110-6435,11110-799,0,서울특별시 종로구 청운동 89-17번지,25.56,333,11110, ,21,철근콘크리트구조
107.64,10100, ,0089,20090326, ,1,전유,20,지상,1,0022, ,0,주건축물,02003,다세대주택,11110-7840,11110-947,0,서울특별시 종로구 청운동 89-22번지,32,334,11110, ,21,철근콘크리트구조
78.91,10100, ,0107,20180608, ,1,전유,20,지상,1,0000, ,0,주건축물,02003,다세대주택,11110-16178,11110-2326,0,서울특별시 종로구 청운동 107번지,21B,335,11110, ,21,철근콘크리트구조
20.37,10100, ,0107,20180608,주차장,2,공용,10,지하,1,0000, ,0,주건축물,02003,다세대주택,11110-16179,11110-2326,0,서울특별시 종로구 청운동 107번지,21B,336,11110, ,21,철근콘크리트구조
11.64,10100, ,0107,20180608,계단실,2,공용,40,각층,0,0000, ,0,주건축물,02003,다세대주택,11110-16180,11110-2326,0,서울특별시 종로구 청운동 107번지,21B,337,11110, ,21,철근콘크리트구조
84.55,10100, ,0107,20180608, ,1,전유,20,지상,0,0000, ,0,주건축물,02003,다세대주택,11110-16181,11110-2326,0,서울특별시 종로구 청운동 107번지,25A,338,11110, ,21,철근콘크리트구조
21.23,10100, ,0107,20180608,주차장,2,공용,10,지하,1,0000, ,0,주건축물,02003,다세대주택,11110-16182,11110-2326,0,서울특별시 종로구 청운동 107번지,25A,339,11110, ,21,철근콘크리트구조
12.12,10100, ,0107,20180608,계단실,2,공용,40,각층,0,0000, ,0,주건축물,02003,다세대주택,11110-16183,11110-2326,0,서울특별시 종로구 청운동 107번지,25A,340,11110, ,21,철근콘크리트구조
239.83,10200, ,0002,20131126, ,1,전유,20,지상,0,0007, ,0,주건축물,02002,연립주택,11110-1454,11110-291,0,서울특별시 종로구 신교동 2-7번지,83,1,11110, ,21,철근콘크리트구조
6.07,10200, ,0002,20131126,창고,2,공용,40,각층,0,0007, ,0,주건축물,02002,연립주택,11110-1455,11110-291,0,서울특별시 종로구 신교동 2-7번지,83,2,11110, ,21,철근콘크리트구조
1.91,10200, ,0002,20131126,수위실,2,공용,10,지하,0,0007, ,0,주건축물,02002,연립주택,11110-1456,11110-291,0,서울특별시 종로구 신교동 2-7번지,83,3,11110, ,21,철근콘크리트구조
28.67,10200, ,0002,20131126,계단실,2,공용,40,각층,0,0007, ,0,주건축물,02002,연립주택,11110-1457,11110-291,0,서울특별시 종로구 신교동 2-7번지,83,4,11110, ,21,철근콘크리트구조
41.05,10200, ,0002,20131126, ,1,전유,21,복수층(하층),0,0007, ,0,주건축물,02002,연립주택,11110-1458,11110-291,0,서울특별시 종로구 신교동 2-7번지,93,5,11110, ,21,철근콘크리트구조
226.82,10200, ,0002,20131126, ,1,전유,22,복수층(상층),0,0007, ,0,주건축물,02002,연립주택,11110-1459,11110-291,0,서울특별시 종로구 신교동 2-7번지,93,6,11110, ,21,철근콘크리트구조
6.77,10200, ,0002,20131126,창고,2,공용,40,각층,0,0007, ,0,주건축물,02002,연립주택,11110-1460,11110-291,0,서울특별시 종로구 신교동 2-7번지,93,7,11110, ,21,철근콘크리트구조
2.13,10200, ,0002,20131126,수위실,2,공용,10,지하,0,0007, ,0,주건축물,02002,연립주택,11110-1461,11110-291,0,서울특별시 종로구 신교동 2-7번지,93,8,11110, ,21,철근콘크리트구조
32.01,10200, ,0002,20131126,계단실,2,공용,40,각층,0,0007, ,0,주건축물,02002,연립주택,11110-1462,11110-291,0,서울특별시 종로구 신교동 2-7번지,93,9,11110, ,21,철근콘크리트구조
78.89,10200, ,0006,20150107,다세대주택,1,전유,40,각층,0,0006, ,0,주건축물,02003,다세대주택,11110-100014247,11110-100017446,0,서울특별시 종로구 신교동 6-6번지,A,10,11110, ,21,철근콘크리트구조
53.39,10200, ,0006,20150107,다세대주택,1,전유,20,지상,4,0006, ,0,주건축물,02003,다세대주택,11110-100014248,11110-100017446,0,서울특별시 종로구 신교동 6-6번지,B,11,11110, ,21,철근콘크리트구조
40.41,10200, ,0006,20150107,다세대주택,1,전유,20,지상,5,0006, ,0,주건축물,02003,다세대주택,11110-100014249,11110-100017446,0,서울특별시 종로구 신교동 6-6번지,C,12,11110, ,21,철근콘크리트구조
44.14,10200, ,0006,20150107,다세대주택,1,전유,20,지상,5,0006, ,0,주건축물,02003,다세대주택,11110-100014250,11110-100017446,0,서울특별시 종로구 신교동 6-6번지,D,13,11110, ,21,철근콘크리트구조
11.41,10200, ,0006,20150107,계단실,2,공용,40,각층,0,0006, ,0,주건축물,02003,다세대주택,11110-100014251,11110-100017446,0,서울특별시 종로구 신교동 6-6번지,A,14,11110, ,21,철근콘크리트구조
7.72,10200, ,0006,20150107,계단실,2,공용,40,각층,0,0006, ,0,주건축물,02003,다세대주택,11110-100014252,11110-100017446,0,서울특별시 종로구 신교동 6-6번지,B,15,11110, ,21,철근콘크리트구조
5.84,10200, ,0006,20150107,계단실,2,공용,40,각층,0,0006, ,0,주건축물,02003,다세대주택,11110-100014253,11110-100017446,0,서울특별시 종로구 신교동 6-6번지,C,16,11110, ,21,철근콘크리트구조
6.38,10200, ,0006,20150107,계단실,2,공용,40,각층,0,0006, ,0,주건축물,02003,다세대주택,11110-100014254,11110-100017446,0,서울특별시 종로구 신교동 6-6번지,D,17,11110, ,21,철근콘크리트구조
82.71,10200, ,0006,20140724,주택,1,전유,10,지하,1,0025, ,0,주건축물,02003,다세대주택,11110-100003723,11110-100012519,0,서울특별시 종로구 신교동 6-25번지,101동,18,11110, ,21,철근콘크리트구조
59.4,10200, ,0006,20090326, ,1,전유,20,지상,0,0049, ,0,주건축물,02003,다세대주택,11110-8798,11110-1444,0,서울특별시 종로구 신교동 6-49번지,18A,19,11110, ,21,철근콘크리트구조
11.01,10200, ,0006,20090326,계단실,2,공용,40,각층,0,0049, ,0,주건축물,02003,다세대주택,11110-8799,11110-1444,0,서울특별시 종로구 신교동 6-49번지,18A,20,11110, ,21,철근콘크리트구조
58.63,10200, ,0006,20090326, ,1,전유,20,지상,0,0049, ,0,주건축물,02003,다세대주택,11110-8800,11110-1444,0,서울특별시 종로구 신교동 6-49번지,18B,21,11110, ,21,철근콘크리트구조
10.87,10200, ,0006,20090326,계단실,2,공용,40,각층,0,0049, ,0,주건축물,02003,다세대주택,11110-8801,11110-1444,0,서울특별시 종로구 신교동 6-49번지,18B,22,11110, ,21,철근콘크리트구조
21.06,10200, ,0006,20090326, ,1,전유,20,지상,0,0049, ,0,주건축물,02003,다세대주택,11110-8802,11110-1444,0,서울특별시 종로구 신교동 6-49번지,6A,23,11110, ,21,철근콘크리트구조
3.91,10200, ,0006,20090326,계단실,2,공용,20,지상,0,0049, ,0,주건축물,02003,다세대주택,11110-8803,11110-1444,0,서울특별시 종로구 신교동 6-49번지,6A,24,11110, ,21,철근콘크리트구조
24.21,10200, ,0006,20090326, ,1,전유,20,지상,0,0049, ,0,주건축물,02003,다세대주택,11110-8804,11110-1444,0,서울특별시 종로구 신교동 6-49번지,7A,25,11110, ,21,철근콘크리트구조
4.49,10200, ,0006,20090326,계단실,2,공용,40,각층,0,0049, ,0,주건축물,02003,다세대주택,11110-8805,11110-1444,0,서울특별시 종로구 신교동 6-49번지,7A,26,11110, ,21,철근콘크리트구조
51.16,10200, ,0006,20131010, ,1,전유,20,지상,4,0053, ,0,주건축물,02003,다세대주택,11110-9602,11110-1541,0,서울특별시 종로구 신교동 6-53번지,22C,27,11110, ,21,철근콘크리트구조
16.72,10200, ,0006,20131010,주차장,2,공용, , ,0,0053, ,0,주건축물,02003,다세대주택,11110-9603,11110-1541,0,서울특별시 종로구 신교동 6-53번지,22C,28,11110, ,21,철근콘크리트구조
5.17,10200, ,0006,20131010,계단실,2,공용, , ,0,0053, ,0,주건축물,02003,다세대주택,11110-9604,11110-1541,0,서울특별시 종로구 신교동 6-53번지,22C,29,11110, ,21,철근콘크리트구조
60.82,10200, ,0006,20131010, ,1,전유,20,지상,1,0053, ,0,주건축물,02003,다세대주택,11110-9605,11110-1541,0,서울특별시 종로구 신교동 6-53번지,26A,30,11110, ,21,철근콘크리트구조
19.89,10200, ,0006,20131010,주차장,2,공용, , ,0,0053, ,0,주건축물,02003,다세대주택,11110-9606,11110-1541,0,서울특별시 종로구 신교동 6-53번지,26A,31,11110, ,21,철근콘크리트구조
6.17,10200, ,0006,20131010,계단실,2,공용, , ,0,0053, ,0,주건축물,02003,다세대주택,11110-9607,11110-1541,0,서울특별시 종로구 신교동 6-53번지,26A,32,11110, ,21,철근콘크리트구조
60.82,10200, ,0006,20131010, ,1,전유,20,지상,2,0053, ,0,주건축물,02003,다세대주택,11110-9608,11110-1541,0,서울특별시 종로구 신교동 6-53번지,26A,33,11110, ,21,철근콘크리트구조
19.89,10200, ,0006,20131010,주차장,2,공용, , ,0,0053, ,0,주건축물,02003,다세대주택,11110-9609,11110-1541,0,서울특별시 종로구 신교동 6-53번지,26A,34,11110, ,21,철근콘크리트구조
6.17,10200, ,0006,20131010,계단실,2,공용, , ,0,0053, ,0,주건축물,02003,다세대주택,11110-9610,11110-1541,0,서울특별시 종로구 신교동 6-53번지,26A,35,11110, ,21,철근콘크리트구조
60.82,10200, ,0006,20131010, ,1,전유,20,지상,3,0053, ,0,주건축물,02003,다세대주택,11110-9611,11110-1541,0,서울특별시 종로구 신교동 6-53번지,26A,36,11110, ,21,철근콘크리트구조
19.89,10200, ,0006,20131010,주차장,2,공용, , ,0,0053, ,0,주건축물,02003,다세대주택,11110-9612,11110-1541,0,서울특별시 종로구 신교동 6-53번지,26A,37,11110, ,21,철근콘크리트구조
6.17,10200, ,0006,20131010,계단실,2,공용, , ,0,0053, ,0,주건축물,02003,다세대주택,11110-9613,11110-1541,0,서울특별시 종로구 신교동 6-53번지,26A,38,11110, ,21,철근콘크리트구조
64.83,10200, ,0006,20131010, ,1,전유,20,지상,1,0053, ,0,주건축물,02003,다세대주택,11110-9614,11110-1541,0,서울특별시 종로구 신교동 6-53번지,28B,39,11110, ,21,철근콘크리트구조
21.2,10200, ,0006,20131010,주차장,2,공용, , ,0,0053, ,0,주건축물,02003,다세대주택,11110-9615,11110-1541,0,서울특별시 종로구 신교동 6-53번지,28B,40,11110, ,21,철근콘크리트구조
6.58,10200, ,0006,20131010,계단실,2,공용, , ,0,0053, ,0,주건축물,02003,다세대주택,11110-9616,11110-1541,0,서울특별시 종로구 신교동 6-53번지,28B,41,11110, ,21,철근콘크리트구조
64.83,10200, ,0006,20131010, ,1,전유,20,지상,2,0053, ,0,주건축물,02003,다세대주택,11110-9617,11110-1541,0,서울특별시 종로구 신교동 6-53번지,28B,42,11110, ,21,철근콘크리트구조
21.2,10200, ,0006,20131010,주차장,2,공용, , ,0,0053, ,0,주건축물,02003,다세대주택,11110-9618,11110-1541,0,서울특별시 종로구 신교동 6-53번지,28B,43,11110, ,21,철근콘크리트구조
6.58,10200, ,0006,20131010,계단실,2,공용, , ,0,0053, ,0,주건축물,02003,다세대주택,11110-9619,11110-1541,0,서울특별시 종로구 신교동 6-53번지,28B,44,11110, ,21,철근콘크리트구조
64.83,10200, ,0006,20131010, ,1,전유,20,지상,3,0053, ,0,주건축물,02003,다세대주택,11110-9620,11110-1541,0,서울특별시 종로구 신교동 6-53번지,28B,45,11110, ,21,철근콘크리트구조
21.2,10200, ,0006,20131010,주차장,2,공용, , ,0,0053, ,0,주건축물,02003,다세대주택,11110-9621,11110-1541,0,서울특별시 종로구 신교동 6-53번지,28B,46,11110, ,21,철근콘크리트구조
6.58,10200, ,0006,20131010,계단실,2,공용, , ,0,0053, ,0,주건축물,02003,다세대주택,11110-9622,11110-1541,0,서울특별시 종로구 신교동 6-53번지,28B,47,11110, ,21,철근콘크리트구조
64.83,10200, ,0006,20131010, ,1,전유,20,지상,4,0053, ,0,주건축물,02003,다세대주택,11110-9623,11110-1541,0,서울특별시 종로구 신교동 6-53번지,28B,48,11110, ,21,철근콘크리트구조
21.2,10200, ,0006,20131010,주차장,2,공용, , ,0,0053, ,0,주건축물,02003,다세대주택,11110-9624,11110-1541,0,서울특별시 종로구 신교동 6-53번지,28B,49,11110, ,21,철근콘크리트구조
6.58,10200, ,0006,20131010,계단실,2,공용, , ,0,0053, ,0,주건축물,02003,다세대주택,11110-9625,11110-1541,0,서울특별시 종로구 신교동 6-53번지,28B,50,11110, ,21,철근콘크리트구조
84.84,10200, ,0006,20150331,다세대주택,1,전유,20,지상,0,0080, ,0,주건축물,02003,다세대주택,11110-100015209,11110-100020854,0,서울특별시 종로구 신교동 6-80번지,30A,51,11110, ,21,철근콘크리트구조
52.14,10200, ,0006,20150331,다세대주택,1,전유,21,복수층(하층),0,0080, ,0,주건축물,02003,다세대주택,11110-100015210,11110-100020854,0,서울특별시 종로구 신교동 6-80번지,30B,52,11110, ,21,철근콘크리트구조
31.16,10200, ,0006,20150331,다세대주택,1,전유,22,복수층(상층),0,0080, ,0,주건축물,02003,다세대주택,11110-100015211,11110-100020854,0,서울특별시 종로구 신교동 6-80번지,30B,53,11110, ,21,철근콘크리트구조
13.16,10200, ,0006,20150331,계단실,2,공용,40,각층,0,0080, ,0,주건축물,02003,다세대주택,11110-100015212,11110-100020854,0,서울특별시 종로구 신교동 6-80번지,30A,54,11110, ,21,철근콘크리트구조
13.16,10200, ,0006,20150331,계단실,2,공용,40,각층,0,0080, ,0,주건축물,02003,다세대주택,11110-100015213,11110-100020854,0,서울특별시 종로구 신교동 6-80번지,30B,55,11110, ,21,철근콘크리트구조
30.53,10200,12,0012,20131126, ,1,전유,10,지하,0,0000, ,0,주건축물,02003,다세대주택,11110-1424,11110-265,0,서울특별시 종로구 신교동 12번지,11.12,56,11110,서울특별시 종로구 신교동,21,철근콘크리트구조
4.29,10200,12,0012,20131126,계단실,2,공용,10,지하,0,0000, ,0,주건축물,02005,부대시설,11110-1425,11110-265,0,서울특별시 종로구 신교동 12번지,11.12,57,11110,서울특별시 종로구 신교동,21,철근콘크리트구조
1.87,10200,12,0012,20131126,복도,2,공용,10,지하,0,0000, ,0,주건축물,02003,다세대주택,11110-1426,11110-265,0,서울특별시 종로구 신교동 12번지,11.12,58,11110,서울특별시 종로구 신교동,21,철근콘크리트구조
49.46,10200,12,0012,20131126, ,1,전유,10,지하,0,0000, ,0,주건축물,02003,다세대주택,11110-1427,11110-265,0,서울특별시 종로구 신교동 12번지,18,59,11110,서울특별시 종로구 신교동,21,철근콘크리트구조
6.94,10200,12,0012,20131126,계단실,2,공용,10,지하,0,0000, ,0,주건축물,02005,부대시설,11110-1428,11110-265,0,서울특별시 종로구 신교동 12번지,18,60,11110,서울특별시 종로구 신교동,21,철근콘크리트구조
3.02,10200,12,0012,20131126,복도,2,공용,10,지하,0,0000, ,0,주건축물,02005,부대시설,11110-1429,11110-265,0,서울특별시 종로구 신교동 12번지,18,61,11110,서울특별시 종로구 신교동,21,철근콘크리트구조
34.61,10200, ,0017,20140905,1세대,1,전유,20,지상,6,0006, ,0,주건축물,02003,다세대주택,11110-100012580,11110-100020680,0,서울특별시 종로구 신교동 17-6번지,a,62,11110, ,32,경량철골구조
9.5,10200, ,0017,20140905,계단실,2,공용,20,지상,6,0006, ,0,주건축물,02003,다세대주택,11110-100012581,11110-100020680,0,서울특별시 종로구 신교동 17-6번지,a,63,11110, ,21,철근콘크리트구조
28.56,10200, ,0017,20090326, ,1,전유, , ,0,0009, ,0,주건축물,02003,다세대주택,11110-21833,11110-4615,0,서울특별시 종로구 신교동 17-9번지,12A,64,11110, ,21,철근콘크리트구조
10.08,10200, ,0017,20090326,계단실,2,공용,40,각층,0,0009, ,0,주건축물,02003,다세대주택,11110-21834,11110-4615,0,서울특별시 종로구 신교동 17-9번지,12A,65,11110, ,21,철근콘크리트구조
28.56,10200, ,0017,20090326,401호복하층,1,전유,20,지상,4,0009, ,0,주건축물,02003,다세대주택,11110-21835,11110-4615,0,서울특별시 종로구 신교동 17-9번지,15A,66,11110, ,21,철근콘크리트구조
10.08,10200, ,0017,20090326,계단실,2,공용,40,각층,0,0009, ,0,주건축물,02003,다세대주택,11110-21836,11110-4615,0,서울특별시 종로구 신교동 17-9번지,15A,67,11110, ,21,철근콘크리트구조
10.6,10200, ,0017,20090326,401호복상층,1,전유,20,지상,5,0009, ,0,주건축물,02003,다세대주택,11110-21837,11110-4615,0,서울특별시 종로구 신교동 17-9번지,15AA,68,11110, ,21,철근콘크리트구조
59.95,10200, ,0017,20170524, ,1,전유,20,지상,1,0010, ,0,주건축물,02003,다세대주택,11110-100018653,11110-100026235,0,서울특별시 종로구 신교동 17-10번지,A,69,11110, ,21,철근콘크리트구조
59.12,10200, ,0017,20170524, ,1,전유,20,지상,2,0010, ,0,주건축물,02003,다세대주택,11110-100018654,11110-100026235,0,서울특별시 종로구 신교동 17-10번지,B,70,11110, ,21,철근콘크리트구조
58.05,10200, ,0017,20170524, ,1,전유,20,지상,2,0010, ,0,주건축물,02003,다세대주택,11110-100018655,11110-100026235,0,서울특별시 종로구 신교동 17-10번지,C,71,11110, ,21,철근콘크리트구조
57.77,10200, ,0017,20170524, ,1,전유,20,지상,2,0010, ,0,주건축물,02003,다세대주택,11110-100018656,11110-100026235,0,서울특별시 종로구 신교동 17-10번지,D,72,11110, ,21,철근콘크리트구조
53.56,10200, ,0017,20170524, ,1,전유,20,지상,4,0010, ,0,주건축물,02003,다세대주택,11110-100018657,11110-100026235,0,서울특별시 종로구 신교동 17-10번지,E,73,11110, ,21,철근콘크리트구조
55.63,10200, ,0017,20170524, ,1,전유,20,지상,4,0010, ,0,주건축물,02003,다세대주택,11110-100018658,11110-100026235,0,서울특별시 종로구 신교동 17-10번지,F,74,11110, ,21,철근콘크리트구조
7.16,10200, ,0017,20170524,계단실,2,공용,40,각층,0,0010, ,0,주건축물,02003,다세대주택,11110-100018659,11110-100026235,0,서울특별시 종로구 신교동 17-10번지,A,75,11110, ,21,철근콘크리트구조
7.07,10200, ,0017,20170524,계단실,2,공용,40,각층,0,0010, ,0,주건축물,02003,다세대주택,11110-100018660,11110-100026235,0,서울특별시 종로구 신교동 17-10번지,B,76,11110, ,21,철근콘크리트구조
6.93,10200, ,0017,20170524,계단실,2,공용,40,각층,0,0010, ,0,주건축물,02003,다세대주택,11110-100018661,11110-100026235,0,서울특별시 종로구 신교동 17-10번지,C,77,11110, ,21,철근콘크리트구조
6.9,10200, ,0017,20170524,계단실,2,공용,40,각층,0,0010, ,0,주건축물,02003,다세대주택,11110-100018662,11110-100026235,0,서울특별시 종로구 신교동 17-10번지,D,78,11110, ,21,철근콘크리트구조
6.4,10200, ,0017,20170524,계단실,2,공용,40,각층,0,0010, ,0,주건축물,02003,다세대주택,11110-100018663,11110-100026235,0,서울특별시 종로구 신교동 17-10번지,E,79,11110, ,21,철근콘크리트구조
6.65,10200, ,0017,20170524,계단실,2,공용,40,각층,0,0010, ,0,주건축물,02003,다세대주택,11110-100018664,11110-100026235,0,서울특별시 종로구 신교동 17-10번지,F,80,11110, ,21,철근콘크리트구조
38.16,10200, ,0017,20110723, ,1,전유,10,지하,1,0021, ,0,주건축물,02003,다세대주택,11110-21921,11110-4627,0,서울특별시 종로구 신교동 17-21번지,14.83a,81,11110, ,21,철근콘크리트구조
10.86,10200, ,0017,20110723,계단실,2,공용,40,각층,0,0021, ,0,주건축물,02003,다세대주택,11110-21922,11110-4627,0,서울특별시 종로구 신교동 17-21번지,14.83a,82,11110, ,21,철근콘크리트구조
38.16,10200, ,0017,20110723, ,1,전유,20,지상,1,0021, ,0,주건축물,02003,다세대주택,11110-21923,11110-4627,0,서울특별시 종로구 신교동 17-21번지,14.83b,83,11110, ,21,철근콘크리트구조
10.86,10200, ,0017,20110723,계단실,2,공용,40,각층,0,0021, ,0,주건축물,02003,다세대주택,11110-21924,11110-4627,0,서울특별시 종로구 신교동 17-21번지,14.83b,84,11110, ,21,철근콘크리트구조
38.16,10200, ,0017,20110723, ,1,전유,20,지상,2,0021, ,0,주건축물,02003,다세대주택,11110-21925,11110-4627,0,서울특별시 종로구 신교동 17-21번지,14.83c,85,11110, ,21,철근콘크리트구조
10.86,10200, ,0017,20110723,계단실,2,공용,40,각층,0,0021, ,0,주건축물,02003,다세대주택,11110-21926,11110-4627,0,서울특별시 종로구 신교동 17-21번지,14.83c,86,11110, ,21,철근콘크리트구조
38.16,10200, ,0017,20110723, ,1,전유,20,지상,3,0021, ,0,주건축물,02003,다세대주택,11110-21927,11110-4627,0,서울특별시 종로구 신교동 17-21번지,14.83d,87,11110, ,21,철근콘크리트구조
10.86,10200, ,0017,20110723,계단실,2,공용,40,각층,0,0021, ,0,주건축물,02003,다세대주택,11110-21928,11110-4627,0,서울특별시 종로구 신교동 17-21번지,14.83d,88,11110, ,21,철근콘크리트구조
38.16,10200, ,0017,20110723, ,1,전유,21,복수층(하층),0,0021, ,0,주건축물,02003,다세대주택,11110-21929,11110-4627,0,서울특별시 종로구 신교동 17-21번지,17.36a,89,11110, ,21,철근콘크리트구조
6.5,10200, ,0017,20110723, ,1,전유,22,복수층(상층),0,0021, ,0,주건축물,02003,다세대주택,11110-21930,11110-4627,0,서울특별시 종로구 신교동 17-21번지,17.36a,90,11110, ,21,철근콘크리트구조
12.72,10200, ,0017,20110723,계단실,2,공용,40,각층,0,0021, ,0,주건축물,02003,다세대주택,11110-21931,11110-4627,0,서울특별시 종로구 신교동 17-21번지,17.36a,91,11110, ,21,철근콘크리트구조
31.2,10200, ,0017,20100827, ,1,전유,20,지상,0,0044, ,0,주건축물,02003,다세대주택,11110-159,11110-141,0,서울특별시 종로구 신교동 17-44번지,9.44,92,11110, ,21,철근콘크리트구조
6.97,10200, ,0017,20100827,계단실,2,공용,40,각층,0,0044, ,0,주건축물,02003,다세대주택,11110-160,11110-141,0,서울특별시 종로구 신교동 17-44번지,9.44,93,11110, ,21,철근콘크리트구조
31.8,10200, ,0017,20100827, ,1,전유,20,지상,0,0044, ,0,주건축물,02003,다세대주택,11110-161,11110-141,0,서울특별시 종로구 신교동 17-44번지,9.62,94,11110, ,21,철근콘크리트구조
7.11,10200, ,0017,20100827,계단실,2,공용,40,각층,0,0044, ,0,주건축물,02003,다세대주택,11110-162,11110-141,0,서울특별시 종로구 신교동 17-44번지,9.62,95,11110, ,21,철근콘크리트구조
33.35,10200, ,0017,20090326, ,1,전유, , ,0,0046, ,0,주건축물,02003,다세대주택,11110-19133,11110-3238,0,서울특별시 종로구 신교동 17-46번지,11.88,96,11110, ,21,철근콘크리트구조
5.93,10200, ,0017,20090326,계단실,2,공용,40,각층,0,0046, ,0,주건축물,02003,다세대주택,11110-19134,11110-3238,0,서울특별시 종로구 신교동 17-46번지,11.88,97,11110, ,21,철근콘크리트구조
32.21,10200, ,0017,20090326, ,1,전유,20,지상,0,0046, ,0,주건축물,02003,다세대주택,11110-19135,11110-3238,0,서울특별시 종로구 신교동 17-46번지,11.91,98,11110, ,21,철근콘크리트구조
7.17,10200, ,0017,20090326,계단실,2,공용,40,각층,0,0046, ,0,주건축물,02003,다세대주택,11110-19136,11110-3238,0,서울특별시 종로구 신교동 17-46번지,11.91,99,11110, ,21,철근콘크리트구조
34.12,10200, ,0017,20090326, ,1,전유,20,지상,0,0046, ,0,주건축물,02003,다세대주택,11110-19137,11110-3238,0,서울특별시 종로구 신교동 17-46번지,12.62,100,11110, ,21,철근콘크리트구조
7.59,10200, ,0017,20090326,계단실,2,공용,40,각층,0,0046, ,0,주건축물,02003,다세대주택,11110-19138,11110-3238,0,서울특별시 종로구 신교동 17-46번지,12.62,101,11110, ,21,철근콘크리트구조
38.25,10200, ,0017,20090326, ,1,전유, , ,0,0046, ,0,주건축물,02003,다세대주택,11110-19139,11110-3238,0,서울특별시 종로구 신교동 17-46번지,13.63,102,11110, ,21,철근콘크리트구조
6.8,10200, ,0017,20090326,계단실,2,공용,40,각층,0,0046, ,0,주건축물,02003,다세대주택,11110-19140,11110-3238,0,서울특별시 종로구 신교동 17-46번지,13.63,103,11110, ,21,철근콘크리트구조
97.5,10200, ,0059,20120831,학원,1,전유,20,지상,2,0000, ,0,주건축물,04010,학원,11110-100006829,11110-100016304,0,서울특별시 종로구 신교동 59번지,202,104,11110, ,21,철근콘크리트구조
116.79,10200, ,0059,20130417, ,1,전유,20,지상,2,0000, ,0,주건축물,03020,체육도장,11110-100008639,11110-100017374,0,서울특별시 종로구 신교동 59번지,201,105,11110, ,21,철근콘크리트구조
27.58,10200, ,0059,20130417,"계단실, 화장실",2,공용,20,지상,2,0000, ,0,주건축물,03020,체육도장,11110-100008640,11110-100017374,0,서울특별시 종로구 신교동 59번지,201,106,11110, ,21,철근콘크리트구조
15.21,10200, ,0059,20130417,주차장,2,공용,20,지상,2,0000, ,0,주건축물,03020,체육도장,11110-100008641,11110-100017374,0,서울특별시 종로구 신교동 59번지,201,107,11110, ,21,철근콘크리트구조
67.44,10200, ,0070,20131126, ,1,전유,20,지상,0,0001, ,0,주건축물,02003,다세대주택,11110-3787,11110-550,0,서울특별시 종로구 신교동 70-1번지,24.14,108,11110, ,21,철근콘크리트구조
9.63,10200, ,0070,20131126,계단실,2,공용,40,각층,0,0001, ,0,주건축물,02003,다세대주택,11110-3788,11110-550,0,서울특별시 종로구 신교동 70-1번지,24.14,109,11110, ,21,철근콘크리트구조
2.73,10200, ,0070,20131126,ELEV,2,공용,40,각층,0,0001, ,0,주건축물,02003,다세대주택,11110-3789,11110-550,0,서울특별시 종로구 신교동 70-1번지,24.14,110,11110, ,21,철근콘크리트구조
74.67,10200, ,0070,20131126, ,1,전유,20,지상,0,0001, ,0,주건축물,02003,다세대주택,11110-3790,11110-550,0,서울특별시 종로구 신교동 70-1번지,26.73,111,11110, ,21,철근콘크리트구조
10.67,10200, ,0070,20131126,계단실,2,공용,40,각층,0,0001, ,0,주건축물,02003,다세대주택,11110-3791,11110-550,0,서울특별시 종로구 신교동 70-1번지,26.73,112,11110, ,21,철근콘크리트구조
3.02,10200, ,0070,20131126,ELEV,2,공용,40,각층,0,0001, ,0,주건축물,02003,다세대주택,11110-3792,11110-550,0,서울특별시 종로구 신교동 70-1번지,26.73,113,11110, ,21,철근콘크리트구조
130.74,10200, ,0070,20131126, ,1,전유,20,지상,5,0001, ,0,주건축물,02003,다세대주택,11110-3793,11110-550,0,서울특별시 종로구 신교동 70-1번지,46.80,114,11110, ,21,철근콘크리트구조
18.68,10200, ,0070,20131126,계단실,2,공용,40,각층,0,0001, ,0,주건축물,02003,다세대주택,11110-3794,11110-550,0,서울특별시 종로구 신교동 70-1번지,46.80,115,11110, ,21,철근콘크리트구조
5.3,10200, ,0070,20131126,ELEV,2,공용,40,각층,0,0001, ,0,주건축물,02003,다세대주택,11110-3795,11110-550,0,서울특별시 종로구 신교동 70-1번지,46.80,116,11110, ,21,철근콘크리트구조
