area,bjdongCd,block,bun,crtnDay,etcPurps,exposPubuseGbCd,exposPubuseGbCdNm,flrGbCd,flrGbCdNm,flrNo,ji,lot,mainAtchGbCd,mainAtchGbCdNm,mainPurpsCd,mainPurpsCdNm,mgmHoDetlPk,mgmHoExposPubuseAreaPk,platGbCd,platPlc,pngtypGbNm,rnum,sigunguCd,splotNm,strctCd,strctCdNm
43.49,10100, ,0004,20090326, ,2,공용,40,각층,0,0001, ,0,주건축물,02002,연립주택,11110-19090,11110-84951,0,서울특별시 종로구 청운동 4-1번지,72.31,1,11110, ,21,철근콘크리트구조
239.03,10100, ,0004,20090326, ,1,전유,40,각층,-1,0001, ,0,주건축물,02002,연립주택,11110-19090,11110-84952,0,서울특별시 종로구 청운동 4-1번지,72.31,2,11110, ,21,철근콘크리트구조
35.84,10100, ,0004,20090326, ,2,공용,40,각층,0,0001, ,0,주건축물,02002,연립주택,11110-19094,11110-84959,0,서울특별시 종로구 청운동 4-1번지,73.21,3,11110, ,21,철근콘크리트구조
242.01,10100, ,0004,20090326, ,1,전유,40,각층,2,0001, ,0,주건축물,02002,연립주택,11110-19094,11110-84960,0,서울특별시 종로구 청운동 4-1번지,73.21,4,11110, ,21,철근콘크리트구조
43.49,10100, ,0004,20090326, ,2,공용,40,각층,0,0001, ,0,주건축물,02002,연립주택,11110-19093,11110-84957,0,서울특별시 종로구 청운동 4-1번지,72.31,5,11110, ,21,철근콘크리트구조
239.03,10100, ,0004,20090326, ,1,전유,40,각층,1,0001, ,0,주건축물,02002,연립주택,11110-19093,11110-84958,0,서울특별시 종로구 청운동 4-1번지,72.31,6,11110, ,21,철근콘크리트구조
36.24,10100, ,0004,20090326, ,2,공용,40,각층,0,0001, ,0,주건축물,02002,연립주택,11110-19095,11110-84961,0,서울특별시 종로구 청운동 4-1번지,74.03,7,11110, ,21,철근콘크리트구조
244.72,10100, ,0004,20090326, ,1,전유,40,각층,2,0001, ,0,주건축물,02002,연립주택,11110-19095,11110-84962,0,서울특별시 종로구 청운동 4-1번지,74.03,8,11110, ,21,철근콘크리트구조
43.49,10100, ,0004,20090326, ,2,공용,40,각층,0,0001, ,0,주건축물,02002,연립주택,11110-19096,11110-84963,0,서울특별시 종로구 청운동 4-1번지,72.31,9,11110, ,21,철근콘크리트구조
239.03,10100, ,0004,20090326, ,1,전유,40,각층,2,0001, ,0,주건축물,02002,연립주택,11110-19096,11110-84964,0,서울특별시 종로구 청운동 4-1번지,72.31,10,11110, ,21,철근콘크리트구조
36.24,10100, ,0004,20090326, ,2,공용,40,각층,0,0001, ,0,주건축물,02002,연립주택,11110-19098,11110-84967,0,서울특별시 종로구 청운동 4-1번지,74.03,11,11110, ,21,철근콘크리트구조
244.72,10100, ,0004,20090326, ,1,전유,40,각층,3,0001, ,0,주건축물,02002,연립주택,11110-19098,11110-84968,0,서울특별시 종로구 청운동 4-1번지,74.03,12,11110, ,21,철근콘크리트구조
36.24,10100, ,0004,20090326, ,2,공용,40,각층,0,0001, ,0,주건축물,02002,연립주택,11110-19089,11110-84949,0,서울특별시 종로구 청운동 4-1번지,74.03,13,11110, ,21,철근콘크리트구조
244.72,10100, ,0004,20090326, ,1,전유,40,각층,-1,0001, ,0,주건축물,02002,연립주택,11110-19089,11110-84950,0,서울특별시 종로구 청운동 4-1번지,74.03,14,11110, ,21,철근콘크리트구조
35.84,10100, ,0004,20090326, ,2,공용,40,각층,0,0001, ,0,주건축물,02002,연립주택,11110-19088,11110-84947,0,서울특별시 종로구 청운동 4-1번지,73.21,15,11110, ,21,철근콘크리트구조
242.01,10100, ,0004,20090326, ,1,전유,40,각층,-1,0001, ,0,주건축물,02002,연립주택,11110-19088,11110-84948,0,서울특별시 종로구 청운동 4-1번지,73.21,16,11110, ,21,철근콘크리트구조
43.49,10100, ,0004,20090326, ,2,공용,40,각층,0,0001, ,0,주건축물,02002,연립주택,11110-19099,11110-84969,0,서울특별시 종로구 청운동 4-1번지,72.31,17,11110, ,21,철근콘크리트구조
239.03,10100, ,0004,20090326, ,1,전유,40,각층,3,0001, ,0,주건축물,02002,연립주택,11110-19099,11110-84970,0,서울특별시 종로구 청운동 4-1번지,72.31,18,11110, ,21,철근콘크리트구조
35.84,10100, ,0004,20090326, ,2,공용,40,각층,0,0001, ,0,주건축물,02002,연립주택,11110-19097,11110-84965,0,서울특별시 종로구 청운동 4-1번지,73.21,19,11110, ,21,철근콘크리트구조
242.01,10100, ,0004,20090326, ,1,전유,40,각층,3,0001, ,0,주건축물,02002,연립주택,11110-19097,11110-84966,0,서울특별시 종로구 청운동 4-1번지,73.21,20,11110, ,21,철근콘크리트구조
36.24,10100, ,0004,20090326, ,2,공용,40,각층,0,0001, ,0,주건축물,02002,연립주택,11110-19092,11110-84955,0,서울특별시 종로구 청운동 4-1번지,74.03,21,11110, ,21,철근콘크리트구조
244.72,10100, ,0004,20090326, ,1,전유,40,각층,1,0001, ,0,주건축물,02002,연립주택,11110-19092,11110-84956,0,서울특별시 종로구 청운동 4-1번지,74.03,22,11110, ,21,철근콘크리트구조
35.84,10100, ,0004,20090326, ,2,공용,40,각층,0,0001, ,0,주건축물,02002,연립주택,11110-19091,11110-84953,0,서울특별시 종로구 청운동 4-1번지,73.21,23,11110, ,21,철근콘크리트구조
242.01,10100, ,0004,20090326, ,1,전유,40,각층,1,0001, ,0,주건축물,02002,연립주택,11110-19091,11110-84954,0,서울특별시 종로구 청운동 4-1번지,73.21,24,11110, ,21,철근콘크리트구조
216.55,10100, ,0004,20090326, ,1,전유,20,지상,2,0003, ,0,주건축물,02002,연립주택,11110-19272,11110-85691,0,서울특별시 종로구 청운동 4-3번지,46.51,25,11110, ,21,철근콘크리트구조
106.34,10100, ,0004,20090326,지하주차장,2,공용,10,지하,2,0003, ,0,주건축물,02005,부대시설,11110-19272,11110-85692,0,서울특별시 종로구 청운동 4-3번지,46.51,26,11110, ,21,철근콘크리트구조
30.05,10100, ,0004,20090326,계단실,2,공용,40,각층,0,0003, ,0,주건축물,02005,부대시설,11110-19272,11110-85693,0,서울특별시 종로구 청운동 4-3번지,46.51,27,11110, ,21,철근콘크리트구조
15.18,10100, ,0004,20090326,창고,2,공용,10,지하,2,0003, ,0,주건축물,02005,부대시설,11110-19272,11110-85694,0,서울특별시 종로구 청운동 4-3번지,46.51,28,11110, ,21,철근콘크리트구조
2.18,10100, ,0004,20090326,경비실,2,공용,10,지하,2,0003, ,0,주건축물,02005,부대시설,11110-19272,11110-85695,0,서울특별시 종로구 청운동 4-3번지,46.51,29,11110, ,21,철근콘크리트구조
216.55,10100, ,0004,20090326, ,1,전유,20,지상,1,0003, ,0,주건축물,02002,연립주택,11110-19271,11110-85686,0,서울특별시 종로구 청운동 4-3번지,46.51,30,11110, ,21,철근콘크리트구조
106.34,10100, ,0004,20090326,지하주차장,2,공용,10,지하,2,0003, ,0,주건축물,02005,부대시설,11110-19271,11110-85687,0,서울특별시 종로구 청운동 4-3번지,46.51,31,11110, ,21,철근콘크리트구조
30.05,10100, ,0004,20090326,계단실,2,공용,40,각층,0,0003, ,0,주건축물,02005,부대시설,11110-19271,11110-85688,0,서울특별시 종로구 청운동 4-3번지,46.51,32,11110, ,21,철근콘크리트구조
15.18,10100, ,0004,20090326,창고,2,공용,10,지하,2,0003, ,0,주건축물,02005,부대시설,11110-19271,11110-85689,0,서울특별시 종로구 청운동 4-3번지,46.51,33,11110, ,21,철근콘크리트구조
2.18,10100, ,0004,20090326,경비실,2,공용,10,지하,2,0003, ,0,주건축물,02005,부대시설,11110-19271,11110-85690,0,서울특별시 종로구 청운동 4-3번지,46.51,34,11110, ,21,철근콘크리트구조
2.18,10100, ,0004,20090326,경비실,2,공용,10,지하,2,0003, ,0,주건축물,02005,부대시설,11110-19273,11110-85700,0,서울특별시 종로구 청운동 4-3번지,47.14,35,11110, ,21,철근콘크리트구조
216.55,10100, ,0004,20090326, ,1,전유,20,지상,3,0003, ,0,주건축물,02002,연립주택,11110-19273,11110-85696,0,서울특별시 종로구 청운동 4-3번지,47.14,36,11110, ,21,철근콘크리트구조
106.34,10100, ,0004,20090326,지하주차장,2,공용,10,지하,2,0003, ,0,주건축물,02005,부대시설,11110-19273,11110-85697,0,서울특별시 종로구 청운동 4-3번지,47.14,37,11110, ,21,철근콘크리트구조
30.05,10100, ,0004,20090326,계단실,2,공용,40,각층,0,0003, ,0,주건축물,02005,부대시설,11110-19273,11110-85698,0,서울특별시 종로구 청운동 4-3번지,47.14,38,11110, ,21,철근콘크리트구조
17.25,10100, ,0004,20090326,창고,2,공용,10,지하,2,0003, ,0,주건축물,02005,부대시설,11110-19273,11110-85699,0,서울특별시 종로구 청운동 4-3번지,47.14,39,11110, ,21,철근콘크리트구조
244.08,10100, ,0004,20090326, ,1,전유,10,지하,1,0003, ,0,주건축물,02002,연립주택,11110-19270,11110-85681,0,서울특별시 종로구 청운동 4-3번지,54.17,40,11110, ,21,철근콘크리트구조
119.84,10100, ,0004,20090326,지하주차장,2,공용,10,지하,2,0003, ,0,주건축물,02005,부대시설,11110-19270,11110-85682,0,서울특별시 종로구 청운동 4-3번지,54.17,41,11110, ,21,철근콘크리트구조
33.85,10100, ,0004,20090326,계단실,2,공용,40,각층,0,0003, ,0,주건축물,02005,부대시설,11110-19270,11110-85683,0,서울특별시 종로구 청운동 4-3번지,54.17,42,11110, ,21,철근콘크리트구조
22.91,10100, ,0004,20090326,창고,2,공용,10,지하,2,0003, ,0,주건축물,02005,부대시설,11110-19270,11110-85684,0,서울특별시 종로구 청운동 4-3번지,54.17,43,11110, ,21,철근콘크리트구조
2.46,10100, ,0004,20090326,경비실,2,공용,10,지하,2,0003, ,0,주건축물,02005,부대시설,11110-19270,11110-85685,0,서울특별시 종로구 청운동 4-3번지,54.17,44,11110, ,21,철근콘크리트구조
78.66,10100, ,0004,20140711, ,1,전유,20,지상,1,0014, ,0,주건축물,02003,다세대주택,11110-17100,11110-76573,0,서울특별시 종로구 청운동 4-14번지,44.47B,45,11110, ,21,철근콘크리트구조
68.36,10100, ,0004,20140711, ,1,전유,10,지하,1,0014, ,0,주건축물,02003,다세대주택,11110-17100,11110-76574,0,서울특별시 종로구 청운동 4-14번지,44.47B,46,11110, ,21,철근콘크리트구조
47.5,10100, ,0004,20140711,"계단실,주차장",2,공용,40,각층,0,0014, ,0,주건축물,02003,다세대주택,11110-17100,11110-76575,0,서울특별시 종로구 청운동 4-14번지,44.47B,47,11110, ,21,철근콘크리트구조
76.78,10100, ,0004,20140711, ,1,전유,20,지상,2,0014, ,0,주건축물,02003,다세대주택,11110-17102,11110-76579,0,서울특별시 종로구 청운동 4-14번지,48.47D,48,11110, ,21,철근콘크리트구조
83.47,10100, ,0004,20140711, ,1,전유,20,지상,3,0014, ,0,주건축물,02003,다세대주택,11110-17102,11110-76580,0,서울특별시 종로구 청운동 4-14번지,48.47D,49,11110, ,21,철근콘크리트구조
51.78,10100, ,0004,20140711,"계단실,주차장",2,공용,40,각층,0,0014, ,0,주건축물,02003,다세대주택,11110-17102,11110-76581,0,서울특별시 종로구 청운동 4-14번지,48.47D,50,11110, ,21,철근콘크리트구조
77.43,10100, ,0004,20140711, ,1,전유,20,지상,2,0014, ,0,주건축물,02003,다세대주택,11110-17101,11110-76576,0,서울특별시 종로구 청운동 4-14번지,48.67C,51,11110, ,21,철근콘크리트구조
83.47,10100, ,0004,20140711, ,1,전유,20,지상,3,0014, ,0,주건축물,02003,다세대주택,11110-17101,11110-76577,0,서울특별시 종로구 청운동 4-14번지,48.67C,52,11110, ,21,철근콘크리트구조
51.99,10100, ,0004,20140711,"계단실,주차장",2,공용,40,각층,0,0014, ,0,주건축물,02003,다세대주택,11110-17101,11110-76578,0,서울특별시 종로구 청운동 4-14번지,48.67C,53,11110, ,21,철근콘크리트구조
78.66,10100, ,0004,20140711, ,1,전유,20,지상,1,0014, ,0,주건축물,02003,다세대주택,11110-17099,11110-76570,0,서울특별시 종로구 청운동 4-14번지,44.47A,54,11110, ,21,철근콘크리트구조
68.36,10100, ,0004,20140711, ,1,전유,10,지하,1,0014, ,0,주건축물,02003,다세대주택,11110-17099,11110-76571,0,서울특별시 종로구 청운동 4-14번지,44.47A,55,11110, ,21,철근콘크리트구조
47.5,10100, ,0004,20140711,"계단실,주차장",2,공용,40,각층,0,0014, ,0,주건축물,02003,다세대주택,11110-17099,11110-76572,0,서울특별시 종로구 청운동 4-14번지,44.47A,56,11110, ,21,철근콘크리트구조
89.1,10100, ,0008,20170307, ,1,전유,20,지상,1,0004, ,0,주건축물,04402,사무소,11110-19303,11110-85750,0,서울특별시 종로구 청운동 8-4번지,66A,57,11110, ,21,철근콘크리트구조
129.69,10100, ,0008,20170307, ,1,전유,20,지상,2,0004, ,0,주건축물,04402,사무소,11110-19303,11110-85751,0,서울특별시 종로구 청운동 8-4번지,66A,58,11110, ,21,철근콘크리트구조
5.28,10100, ,0008,20170307,지하보일러실,2,공용,20,지상,1,0004, ,0,주건축물,04402,사무소,11110-19303,11110-85752,0,서울특별시 종로구 청운동 8-4번지,66A,59,11110, ,21,철근콘크리트구조
15.02,10100, ,0008,20170307,지하대피소,2,공용,20,지상,1,0004, ,0,주건축물,04402,사무소,11110-19303,11110-85753,0,서울특별시 종로구 청운동 8-4번지,66A,60,11110, ,21,철근콘크리트구조
2.2,10100, ,0008,20170307,계단,2,공용,20,지상,1,0004, ,0,주건축물,04402,사무소,11110-19303,11110-85754,0,서울특별시 종로구 청운동 8-4번지,66A,61,11110, ,21,철근콘크리트구조
14.05,10100, ,0008,20170307,계단,2,공용,40,각층,0,0004, ,0,주건축물,04402,사무소,11110-19303,11110-85755,0,서울특별시 종로구 청운동 8-4번지,66A,62,11110, ,21,철근콘크리트구조
0.64,10100, ,0008,20170307,수위실,2,공용,20,지상,1,0004, ,1,부속건축물,04402,사무소,11110-19303,11110-85756,0,서울특별시 종로구 청운동 8-4번지,66A,63,11110, ,11,벽돌구조
5.28,10100, ,0008,20170307,지하보일러실,2,공용,20,지상,1,0004, ,0,주건축물,04402,사무소,11110-19304,11110-85759,0,서울특별시 종로구 청운동 8-4번지,63B,64,11110, ,21,철근콘크리트구조
14.52,10100, ,0008,20170307,(지하대피소),2,공용,10,지하,1,0004, ,0,주건축물,04402,사무소,11110-19304,11110-85760,0,서울특별시 종로구 청운동 8-4번지,63B,65,11110, ,21,철근콘크리트구조
2,10100, ,0008,20170307,계단,2,공용,20,지상,1,0004, ,0,주건축물,04402,사무소,11110-19304,11110-85761,0,서울특별시 종로구 청운동 8-4번지,63B,66,11110, ,21,철근콘크리트구조
13.48,10100, ,0008,20170307,계단,2,공용,40,각층,0,0004, ,0,주건축물,04402,사무소,11110-19304,11110-85762,0,서울특별시 종로구 청운동 8-4번지,63B,67,11110, ,21,철근콘크리트구조
0.64,10100, ,0008,20170307,수위실,2,공용,20,지상,1,0004, ,1,부속건축물,04402,사무소,11110-19304,11110-85763,0,서울특별시 종로구 청운동 8-4번지,63B,68,11110, ,11,벽돌구조
84.69,10100, ,0008,20170307, ,1,전유,20,지상,1,0004, ,0,주건축물,04402,사무소,11110-19304,11110-85757,0,서울특별시 종로구 청운동 8-4번지,63B,69,11110, ,21,철근콘크리트구조
125.19,10100, ,0008,20170307, ,1,전유,20,지상,2,0004, ,0,주건축물,04402,사무소,11110-19304,11110-85758,0,서울특별시 종로구 청운동 8-4번지,63B,70,11110, ,21,철근콘크리트구조
221.49,10100, ,0015,20130618,1세대,1,전유,20,지상,2,0000, ,0,주건축물,02002,연립주택,11110-14950,11110-62788,0,서울특별시 종로구 청운동 15번지,105.6,71,11110, ,21,철근콘크리트구조
28.26,10100, ,0015,20130618,계단실,2,공용,40,각층,0,0000, ,0,주건축물,02002,연립주택,11110-14950,11110-62789,0,서울특별시 종로구 청운동 15번지,105.6,72,11110, ,21,철근콘크리트구조
92.38,10100, ,0015,20130618,주차장,2,공용,10,지하,1,0000, ,0,주건축물,02002,연립주택,11110-14950,11110-62790,0,서울특별시 종로구 청운동 15번지,105.6,73,11110, ,21,철근콘크리트구조
6.9,10100, ,0015,20130618,경비실,2,공용,10,지하,1,0000, ,0,주건축물,02002,연립주택,11110-14950,11110-62791,0,서울특별시 종로구 청운동 15번지,105.6,74,11110, ,21,철근콘크리트구조
266.17,10100, ,0015,20130618,1세대,1,전유,21,복수층(하층),1,0000, ,0,주건축물,02002,연립주택,11110-14949,11110-62784,0,서울특별시 종로구 청운동 15번지,128.8,75,11110, ,21,철근콘크리트구조
33.96,10100, ,0015,20130618,계단실,2,공용,40,각층,0,0000, ,0,주건축물,02002,연립주택,11110-14949,11110-62785,0,서울특별시 종로구 청운동 15번지,128.8,76,11110, ,21,철근콘크리트구조
111.03,10100, ,0015,20130618,주차장,2,공용,10,지하,1,0000, ,0,주건축물,02002,연립주택,11110-14949,11110-62786,0,서울특별시 종로구 청운동 15번지,128.8,77,11110, ,21,철근콘크리트구조
8.29,10100, ,0015,20130618,경비실,2,공용,10,지하,1,0000, ,0,주건축물,02002,연립주택,11110-14949,11110-62787,0,서울특별시 종로구 청운동 15번지,128.8,78,11110, ,21,철근콘크리트구조
221.49,10100, ,0015,20130618,1세대,1,전유,20,지상,3,0000, ,0,주건축물,02002,연립주택,11110-14951,11110-62792,0,서울특별시 종로구 청운동 15번지,105.6,79,11110, ,21,철근콘크리트구조
28.26,10100, ,0015,20130618,계단실,2,공용,40,각층,0,0000, ,0,주건축물,02002,연립주택,11110-14951,11110-62793,0,서울특별시 종로구 청운동 15번지,105.6,80,11110, ,21,철근콘크리트구조
92.38,10100, ,0015,20130618,주차장,2,공용,10,지하,1,0000, ,0,주건축물,02002,연립주택,11110-14951,11110-62794,0,서울특별시 종로구 청운동 15번지,105.6,81,11110, ,21,철근콘크리트구조
6.9,10100, ,0015,20130618,경비실,2,공용,10,지하,1,0000, ,0,주건축물,02002,연립주택,11110-14951,11110-62795,0,서울특별시 종로구 청운동 15번지,105.6,82,11110, ,21,철근콘크리트구조
153.57,10100, ,0015,20130618, ,1,전유,20,지상,2,0007, ,0,주건축물,02003,다세대주택,11110-12067,11110-48674,0,서울특별시 종로구 청운동 15-7번지,58,83,11110, ,21,철근콘크리트구조
16.59,10100, ,0015,20130618,서재,1,전유,20,지상,2,0007, ,0,주건축물,02003,다세대주택,11110-12067,11110-48675,0,서울특별시 종로구 청운동 15-7번지,58,84,11110, ,21,철근콘크리트구조
22.73,10100, ,0015,20130618,계단실/창고,2,공용,20,지상,2,0007, ,0,주건축물,02003,다세대주택,11110-12067,11110-48676,0,서울특별시 종로구 청운동 15-7번지,58,85,11110, ,21,철근콘크리트구조
21.62,10100, ,0015,20130618,주차장,2,공용,20,지상,2,0007, ,0,주건축물,02003,다세대주택,11110-12067,11110-48677,0,서울특별시 종로구 청운동 15-7번지,58,86,11110, ,21,철근콘크리트구조
153.57,10100, ,0015,20130618, ,1,전유,20,지상,3,0007, ,0,주건축물,02003,다세대주택,11110-12068,11110-48678,0,서울특별시 종로구 청운동 15-7번지,64,87,11110, ,21,철근콘크리트구조
34.16,10100, ,0015,20130618,서재,1,전유,20,지상,3,0007, ,0,주건축물,02003,다세대주택,11110-12068,11110-48679,0,서울특별시 종로구 청운동 15-7번지,64,88,11110, ,21,철근콘크리트구조
25.07,10100, ,0015,20130618,계단실/창고,2,공용,20,지상,3,0007, ,0,주건축물,02003,다세대주택,11110-12068,11110-48680,0,서울특별시 종로구 청운동 15-7번지,64,89,11110, ,21,철근콘크리트구조
23.86,10100, ,0015,20130618,주차장,2,공용,20,지상,3,0007, ,0,주건축물,02003,다세대주택,11110-12068,11110-48681,0,서울특별시 종로구 청운동 15-7번지,64,90,11110, ,21,철근콘크리트구조
153.57,10100, ,0015,20130618, ,1,전유,20,지상,1,0007, ,0,주건축물,02003,다세대주택,11110-12066,11110-48670,0,서울특별시 종로구 청운동 15-7번지,56,91,11110, ,21,철근콘크리트구조
21.91,10100, ,0015,20130618,계단실/창고,2,공용,20,지상,1,0007, ,0,주건축물,02003,다세대주택,11110-12066,11110-48671,0,서울특별시 종로구 청운동 15-7번지,56,92,11110, ,21,철근콘크리트구조
10.5,10100, ,0015,20130618,서재,1,전유,20,지상,1,0007, ,0,주건축물,02003,다세대주택,11110-12066,11110-48672,0,서울특별시 종로구 청운동 15-7번지,56,93,11110, ,21,철근콘크리트구조
20.85,10100, ,0015,20130618,주차장,2,공용,20,지상,1,0007, ,0,주건축물,02003,다세대주택,11110-12066,11110-48673,0,서울특별시 종로구 청운동 15-7번지,56,94,11110, ,21,철근콘크리트구조
151.8,10100, ,0030,20140711, ,1,전유,20,지상,-1,0001, ,0,주건축물,02002,연립주택,11110-17504,11110-78228,0,서울특별시 종로구 청운동 30-1번지,64.41,95,11110, ,21,철근콘크리트구조
48.93,10100, ,0030,20140711,주차장,2,공용,10,지하,2,0001, ,0,주건축물,02002,연립주택,11110-17504,11110-78229,0,서울특별시 종로구 청운동 30-1번지,64.41,96,11110, ,21,철근콘크리트구조
10.51,10100, ,0030,20140711,계단실,2,공용,40,각층,0,0001, ,0,주건축물,02002,연립주택,11110-17504,11110-78230,0,서울특별시 종로구 청운동 30-1번지,64.41,97,11110, ,21,철근콘크리트구조
2.89,10100, ,0030,20140711,ELEV,2,공용,40,각층,0,0001, ,0,주건축물,02002,연립주택,11110-17504,11110-78231,0,서울특별시 종로구 청운동 30-1번지,64.41,98,11110, ,21,철근콘크리트구조
151.8,10100, ,0030,20140711, ,1,전유,20,지상,-1,0001, ,0,주건축물,02002,연립주택,11110-17503,11110-78224,0,서울특별시 종로구 청운동 30-1번지,64.41,99,11110, ,21,철근콘크리트구조
48.93,10100, ,0030,20140711,주차장,2,공용,10,지하,2,0001, ,0,주건축물,02002,연립주택,11110-17503,11110-78225,0,서울특별시 종로구 청운동 30-1번지,64.41,100,11110, ,21,철근콘크리트구조
151.8,10100, ,0030,20140711, ,1,전유,20,지상,1,0001, ,0,주건축물,02002,연립주택,11110-17506,11110-78236,0,서울특별시 종로구 청운동 30-1번지,64.41,101,11110, ,21,철근콘크리트구조
48.93,10100, ,0030,20140711,주차장,2,공용,10,지하,2,0001, ,0,주건축물,02002,연립주택,11110-17506,11110-78237,0,서울특별시 종로구 청운동 30-1번지,64.41,102,11110, ,21,철근콘크리트구조
10.51,10100, ,0030,20140711,계단실,2,공용,40,각층,0,0001, ,0,주건축물,02002,연립주택,11110-17506,11110-78238,0,서울특별시 종로구 청운동 30-1번지,64.41,103,11110, ,21,철근콘크리트구조
2.89,10100, ,0030,20140711,ELEV,2,공용,40,각층,0,0001, ,0,주건축물,02002,연립주택,11110-17506,11110-78239,0,서울특별시 종로구 청운동 30-1번지,64.41,104,11110, ,21,철근콘크리트구조
10.51,10100, ,0030,20140711,계단실,2,공용,40,각층,0,0001, ,0,주건축물,02002,연립주택,11110-17503,11110-78226,0,서울특별시 종로구 청운동 30-1번지,64.41,105,11110, ,21,철근콘크리트구조
2.89,10100, ,0030,20140711,ELEV,2,공용,40,각층,0,0001, ,0,주건축물,02002,연립주택,11110-17503,11110-78227,0,서울특별시 종로구 청운동 30-1번지,64.41,106,11110, ,21,철근콘크리트구조
151.8,10100, ,0030,20140711, ,1,전유,20,지상,1,0001, ,0,주건축물,02002,연립주택,11110-17505,11110-78232,0,서울특별시 종로구 청운동 30-1번지,64.41,107,11110, ,21,철근콘크리트구조
48.93,10100, ,0030,20140711,주차장,2,공용,10,지하,2,0001, ,0,주건축물,02002,연립주택,11110-17505,11110-78233,0,서울특별시 종로구 청운동 30-1번지,64.41,108,11110, ,21,철근콘크리트구조
10.51,10100, ,0030,20140711,계단실,2,공용,40,각층,0,0001, ,0,주건축물,02002,연립주택,11110-17505,11110-78234,0,서울특별시 종로구 청운동 30-1번지,64.41,109,11110, ,21,철근콘크리트구조
2.89,10100, ,0030,20140711,ELEV,2,공용,40,각층,0,0001, ,0,주건축물,02002,연립주택,11110-17505,11110-78235,0,서울특별시 종로구 청운동 30-1번지,64.41,110,11110, ,21,철근콘크리트구조
149.7,10100, ,0030,20140711, ,1,전유,20,지상,3,0001, ,0,주건축물,02002,연립주택,11110-17509,11110-78248,0,서울특별시 종로구 청운동 30-1번지,63.52,111,11110, ,21,철근콘크리트구조
48.22,10100, ,0030,20140711,주차장,2,공용,10,지하,2,0001, ,0,주건축물,02002,연립주택,11110-17509,11110-78249,0,서울특별시 종로구 청운동 30-1번지,63.52,112,11110, ,21,철근콘크리트구조
10.4,10100, ,0030,20140711,계단실,2,공용,40,각층,0,0001, ,0,주건축물,02002,연립주택,11110-17509,11110-78250,0,서울특별시 종로구 청운동 30-1번지,63.52,113,11110, ,21,철근콘크리트구조
2.87,10100, ,0030,20140711,ELEV,2,공용,40,각층,0,0001, ,0,주건축물,02002,연립주택,11110-17509,11110-78251,0,서울특별시 종로구 청운동 30-1번지,63.52,114,11110, ,21,철근콘크리트구조
151.8,10100, ,0030,20140711, ,1,전유,20,지상,2,0001, ,0,주건축물,02002,연립주택,11110-17507,11110-78240,0,서울특별시 종로구 청운동 30-1번지,64.41,115,11110, ,21,철근콘크리트구조
48.93,10100, ,0030,20140711,주차장,2,공용,10,지하,2,0001, ,0,주건축물,02002,연립주택,11110-17507,11110-78241,0,서울특별시 종로구 청운동 30-1번지,64.41,116,11110, ,21,철근콘크리트구조
10.51,10100, ,0030,20140711,계단실,2,공용,40,각층,0,0001, ,0,주건축물,02002,연립주택,11110-17507,11110-78242,0,서울특별시 종로구 청운동 30-1번지,64.41,117,11110, ,21,철근콘크리트구조
2.89,10100, ,0030,20140711,ELEV,2,공용,40,각층,0,0001, ,0,주건축물,02002,연립주택,11110-17507,11110-78243,0,서울특별시 종로구 청운동 30-1번지,64.41,118,11110, ,21,철근콘크리트구조
151.8,10100, ,0030,20140711, ,1,전유,20,지상,3,0001, ,0,주건축물,02002,연립주택,11110-17510,11110-78252,0,서울특별시 종로구 청운동 30-1번지,64.41,119,11110, ,21,철근콘크리트구조
48.93,10100, ,0030,20140711,주차장,2,공용,10,지하,2,0001, ,0,주건축물,02002,연립주택,11110-17510,11110-78253,0,서울특별시 종로구 청운동 30-1번지,64.41,120,11110, ,21,철근콘크리트구조
10.51,10100, ,0030,20140711,계단실,2,공용,40,각층,0,0001, ,0,주건축물,02002,연립주택,11110-17510,11110-78254,0,서울특별시 종로구 청운동 30-1번지,64.41,121,11110, ,21,철근콘크리트구조
2.89,10100, ,0030,20140711,ELEV,2,공용,40,각층,0,0001, ,0,주건축물,02002,연립주택,11110-17510,11110-78255,0,서울특별시 종로구 청운동 30-1번지,64.41,122,11110, ,21,철근콘크리트구조
151.8,10100, ,0030,20140711, ,1,전유,20,지상,2,0001, ,0,주건축물,02002,연립주택,11110-17508,11110-78244,0,서울특별시 종로구 청운동 30-1번지,64.41,123,11110, ,21,철근콘크리트구조
48.93,10100, ,0030,20140711,주차장,2,공용,10,지하,2,0001, ,0,주건축물,02002,연립주택,11110-17508,11110-78245,0,서울특별시 종로구 청운동 30-1번지,64.41,124,11110, ,21,철근콘크리트구조
10.51,10100, ,0030,20140711,계단실,2,공용,40,각층,0,0001, ,0,주건축물,02002,연립주택,11110-17508,11110-78246,0,서울특별시 종로구 청운동 30-1번지,64.41,125,11110, ,21,철근콘크리트구조
2.89,10100, ,0030,20140711,ELEV,2,공용,40,각층,0,0001, ,0,주건축물,02002,연립주택,11110-17508,11110-78247,0,서울특별시 종로구 청운동 30-1번지,64.41,126,11110, ,21,철근콘크리트구조
57.34,10100, ,0050,20131206, ,1,전유,20,지상,5,0010, ,0,주건축물,02003,다세대주택,11110-11179,11110-45964,0,서울특별시 종로구 청운동 50-10번지,18.99B,127,11110, ,21,철근콘크리트구조
5.43,10100, ,0050,20131206, ,2,공용,20,지상,5,0010, ,0,주건축물,02003,다세대주택,11110-11179,11110-45965,0,서울특별시 종로구 청운동 50-10번지,18.99B,128,11110, ,21,철근콘크리트구조
79.14,10100, ,0050,20131206, ,1,전유,20,지상,2,0010, ,0,주건축물,02003,다세대주택,11110-11175,11110-45956,0,서울특별시 종로구 청운동 50-10번지,26.21A,129,11110, ,21,철근콘크리트구조
7.5,10100, ,0050,20131206, ,2,공용,20,지상,2,0010, ,0,주건축물,02003,다세대주택,11110-11175,11110-45957,0,서울특별시 종로구 청운동 50-10번지,26.21A,130,11110, ,21,철근콘크리트구조
79.14,10100, ,0050,20131206, ,1,전유,20,지상,2,0010, ,0,주건축물,02003,다세대주택,11110-11174,11110-45954,0,서울특별시 종로구 청운동 50-10번지,26.21A,131,11110, ,21,철근콘크리트구조
7.5,10100, ,0050,20131206, ,2,공용,20,지상,2,0010, ,0,주건축물,02003,다세대주택,11110-11174,11110-45955,0,서울특별시 종로구 청운동 50-10번지,26.21A,132,11110, ,21,철근콘크리트구조
79.14,10100, ,0050,20131206, ,1,전유,20,지상,2,0010, ,0,주건축물,02003,다세대주택,11110-11178,11110-45962,0,서울특별시 종로구 청운동 50-10번지,26.21A,133,11110, ,21,철근콘크리트구조
7.5,10100, ,0050,20131206, ,2,공용,20,지상,2,0010, ,0,주건축물,02003,다세대주택,11110-11178,11110-45963,0,서울특별시 종로구 청운동 50-10번지,26.21A,134,11110, ,21,철근콘크리트구조
79.14,10100, ,0050,20131206, ,1,전유,20,지상,2,0010, ,0,주건축물,02003,다세대주택,11110-11173,11110-45952,0,서울특별시 종로구 청운동 50-10번지,26.21 A,135,11110, ,21,철근콘크리트구조
7.5,10100, ,0050,20131206, ,2,공용,20,지상,2,0010, ,0,주건축물,02003,다세대주택,11110-11173,11110-45953,0,서울특별시 종로구 청운동 50-10번지,26.21 A,136,11110, ,21,철근콘크리트구조
79.14,10100, ,0050,20131206, ,1,전유,20,지상,2,0010, ,0,주건축물,02003,다세대주택,11110-11176,11110-45958,0,서울특별시 종로구 청운동 50-10번지,26.21 A,137,11110, ,21,철근콘크리트구조
7.5,10100, ,0050,20131206, ,2,공용,20,지상,2,0010, ,0,주건축물,02003,다세대주택,11110-11176,11110-45959,0,서울특별시 종로구 청운동 50-10번지,26.21 A,138,11110, ,21,철근콘크리트구조
68.71,10100, ,0050,20131206, ,1,전유,20,지상,5,0010, ,0,주건축물,02003,다세대주택,11110-11180,11110-45966,0,서울특별시 종로구 청운동 50-10번지,22.75C,139,11110, ,21,철근콘크리트구조
6.51,10100, ,0050,20131206, ,2,공용,20,지상,5,0010, ,0,주건축물,02003,다세대주택,11110-11180,11110-45967,0,서울특별시 종로구 청운동 50-10번지,22.75C,140,11110, ,21,철근콘크리트구조
79.14,10100, ,0050,20131206, ,1,전유,20,지상,2,0010, ,0,주건축물,02003,다세대주택,11110-11177,11110-45960,0,서울특별시 종로구 청운동 50-10번지,26.21A,141,11110, ,21,철근콘크리트구조
7.5,10100, ,0050,20131206, ,2,공용,20,지상,2,0010, ,0,주건축물,02003,다세대주택,11110-11177,11110-45961,0,서울특별시 종로구 청운동 50-10번지,26.21A,142,11110, ,21,철근콘크리트구조
65.2,10100, ,0050,20190213, ,1,전유,20,지상,2,0030, ,0,주건축물,02003,다세대주택,11110-100015898,11110-100042628,0,서울특별시 종로구 청운동 50-30번지,65.20,143,11110, ,21,철근콘크리트구조
2.63,10100, ,0050,20190213,주민공동시설,2,공용,20,지상,1,0030, ,0,주건축물,02003,다세대주택,11110-100015898,11110-100042629,0,서울특별시 종로구 청운동 50-30번지,65.20,144,11110, ,21,철근콘크리트구조
15.04,10100, ,0050,20190213,계단실,2,공용,40,각층,0,0030, ,0,주건축물,02003,다세대주택,11110-100015898,11110-100042630,0,서울특별시 종로구 청운동 50-30번지,65.20,145,11110, ,21,철근콘크리트구조
72.88,10100, ,0050,20190213, ,1,전유,20,지상,4,0030, ,0,주건축물,02003,다세대주택,11110-100015895,11110-100042619,0,서울특별시 종로구 청운동 50-30번지,72.88,146,11110, ,21,철근콘크리트구조
2.92,10100, ,0050,20190213,주민공동시설,2,공용,20,지상,1,0030, ,0,주건축물,02003,다세대주택,11110-100015895,11110-100042620,0,서울특별시 종로구 청운동 50-30번지,72.88,147,11110, ,21,철근콘크리트구조
16.82,10100, ,0050,20190213,계단실,2,공용,40,각층,0,0030, ,0,주건축물,02003,다세대주택,11110-100015895,11110-100042621,0,서울특별시 종로구 청운동 50-30번지,72.88,148,11110, ,21,철근콘크리트구조
65.2,10100, ,0050,20190213, ,1,전유,20,지상,4,0030, ,0,주건축물,02003,다세대주택,11110-100015897,11110-100042625,0,서울특별시 종로구 청운동 50-30번지,65.20,149,11110, ,21,철근콘크리트구조
2.63,10100, ,0050,20190213,주민공동시설,2,공용,20,지상,1,0030, ,0,주건축물,02003,다세대주택,11110-100015897,11110-100042626,0,서울특별시 종로구 청운동 50-30번지,65.20,150,11110, ,21,철근콘크리트구조
15.04,10100, ,0050,20190213,계단실,2,공용,40,각층,0,0030, ,0,주건축물,02003,다세대주택,11110-100015897,11110-100042627,0,서울특별시 종로구 청운동 50-30번지,65.20,151,11110, ,21,철근콘크리트구조
2.89,10100, ,0050,20190213,주민공동시설,2,공용,20,지상,1,0030, ,0,주건축물,02003,다세대주택,11110-100015896,11110-100042623,0,서울특별시 종로구 청운동 50-30번지,71.70,152,11110, ,21,철근콘크리트구조
16.55,10100, ,0050,20190213,계단실,2,공용,40,각층,0,0030, ,0,주건축물,02003,다세대주택,11110-100015896,11110-100042624,0,서울특별시 종로구 청운동 50-30번지,71.70,153,11110, ,21,철근콘크리트구조
71.7,10100, ,0050,20190213, ,1,전유,20,지상,3,0030, ,0,주건축물,02003,다세대주택,11110-100015896,11110-100042622,0,서울특별시 종로구 청운동 50-30번지,71.70,154,11110, ,21,철근콘크리트구조
65.2,10100, ,0050,20190213, ,1,전유,20,지상,3,0030, ,0,주건축물,02003,다세대주택,11110-100015893,11110-100042613,0,서울특별시 종로구 청운동 50-30번지,65.20,155,11110, ,21,철근콘크리트구조
2.63,10100, ,0050,20190213,주민공동시설,2,공용,20,지상,1,0030, ,0,주건축물,02003,다세대주택,11110-100015893,11110-100042614,0,서울특별시 종로구 청운동 50-30번지,65.20,156,11110, ,21,철근콘크리트구조
15.04,10100, ,0050,20190213,계단실,2,공용,40,각층,0,0030, ,0,주건축물,02003,다세대주택,11110-100015893,11110-100042615,0,서울특별시 종로구 청운동 50-30번지,65.20,157,11110, ,21,철근콘크리트구조
65.2,10100, ,0050,20190213, ,1,전유,20,지상,5,0030, ,0,주건축물,02003,다세대주택,11110-100015892,11110-100042610,0,서울특별시 종로구 청운동 50-30번지,65.20,158,11110, ,21,철근콘크리트구조
2.63,10100, ,0050,20190213,주민공동시설,2,공용,20,지상,1,0030, ,0,주건축물,02003,다세대주택,11110-100015892,11110-100042611,0,서울특별시 종로구 청운동 50-30번지,65.20,159,11110, ,21,철근콘크리트구조
15.04,10100, ,0050,20190213,계단실,2,공용,40,각층,0,0030, ,0,주건축물,02003,다세대주택,11110-100015892,11110-100042612,0,서울특별시 종로구 청운동 50-30번지,65.20,160,11110, ,21,철근콘크리트구조
71.7,10100, ,0050,20190213, ,1,전유,20,지상,2,0030, ,0,주건축물,02003,다세대주택,11110-100015894,11110-100042616,0,서울특별시 종로구 청운동 50-30번지,71.70,161,11110, ,21,철근콘크리트구조
2.89,10100, ,0050,20190213,주민공동시설,2,공용,20,지상,1,0030, ,0,주건축물,02003,다세대주택,11110-100015894,11110-100042617,0,서울특별시 종로구 청운동 50-30번지,71.70,162,11110, ,21,철근콘크리트구조
16.55,10100, ,0050,20190213,계단실,2,공용,40,각층,0,0030, ,0,주건축물,02003,다세대주택,11110-100015894,11110-100042618,0,서울특별시 종로구 청운동 50-30번지,71.70,163,11110, ,21,철근콘크리트구조
57.71,10100, ,0052,20101123, ,1,전유,20,지상,2,0005, ,0,주건축물,02003,다세대주택,11110-100003753,11110-100006923,0,서울특별시 종로구 청운동 52-5번지,57.71 A,164,11110, ,21,철근콘크리트구조
8.23,10100, ,0052,20101123,계단실,2,공용,40,각층,0,0005, ,0,주건축물,02003,다세대주택,11110-100003753,11110-100006924,0,서울특별시 종로구 청운동 52-5번지,57.71 A,165,11110, ,21,철근콘크리트구조
41.38,10100, ,0052,20101123, ,1,전유,20,지상,5,0005, ,0,주건축물,02003,다세대주택,11110-100003749,11110-100006915,0,서울특별시 종로구 청운동 52-5번지,41.38,166,11110, ,21,철근콘크리트구조
5.89,10100, ,0052,20101123,계단실,2,공용,40,각층,0,0005, ,0,주건축물,02003,다세대주택,11110-100003749,11110-100006916,0,서울특별시 종로구 청운동 52-5번지,41.38,167,11110, ,21,철근콘크리트구조
65.59,10100, ,0052,20101123, ,1,전유,20,지상,3,0005, ,0,주건축물,02003,다세대주택,11110-100003747,11110-100006911,0,서울특별시 종로구 청운동 52-5번지,65.59 B,168,11110, ,21,철근콘크리트구조
9.35,10100, ,0052,20101123,계단실,2,공용,40,각층,0,0005, ,0,주건축물,02003,다세대주택,11110-100003747,11110-100006912,0,서울특별시 종로구 청운동 52-5번지,65.59 B,169,11110, ,21,철근콘크리트구조
65.59,10100, ,0052,20101123, ,1,전유,20,지상,4,0005, ,0,주건축물,02003,다세대주택,11110-100003750,11110-100006917,0,서울특별시 종로구 청운동 52-5번지,65.59 C,170,11110, ,21,철근콘크리트구조
9.35,10100, ,0052,20101123,계단실,2,공용,40,각층,0,0005, ,0,주건축물,02003,다세대주택,11110-100003750,11110-100006918,0,서울특별시 종로구 청운동 52-5번지,65.59 C,171,11110, ,21,철근콘크리트구조
65.59,10100, ,0052,20101123, ,1,전유,20,지상,2,0005, ,0,주건축물,02003,다세대주택,11110-100003746,11110-100006909,0,서울특별시 종로구 청운동 52-5번지,65.59 A,172,11110, ,21,철근콘크리트구조
9.35,10100, ,0052,20101123,계단실,2,공용,40,각층,0,0005, ,0,주건축물,02003,다세대주택,11110-100003746,11110-100006910,0,서울특별시 종로구 청운동 52-5번지,65.59 A,173,11110, ,21,철근콘크리트구조
65.59,10100, ,0052,20101123, ,1,전유,20,지상,5,0005, ,0,주건축물,02003,다세대주택,11110-100003752,11110-100006921,0,서울특별시 종로구 청운동 52-5번지,65.59 D,174,11110, ,21,철근콘크리트구조
9.35,10100, ,0052,20101123,계단실,2,공용,40,각층,0,0005, ,0,주건축물,02003,다세대주택,11110-100003752,11110-100006922,0,서울특별시 종로구 청운동 52-5번지,65.59 D,175,11110, ,21,철근콘크리트구조
57.71,10100, ,0052,20101123, ,1,전유,20,지상,3,0005, ,0,주건축물,02003,다세대주택,11110-100003751,11110-100006919,0,서울특별시 종로구 청운동 52-5번지,57.71 B,176,11110, ,21,철근콘크리트구조
8.23,10100, ,0052,20101123,계단실,2,공용,40,각층,0,0005, ,0,주건축물,02003,다세대주택,11110-100003751,11110-100006920,0,서울특별시 종로구 청운동 52-5번지,57.71 B,177,11110, ,21,철근콘크리트구조
59.85,10100, ,0052,20101123, ,1,전유,20,지상,1,0005, ,0,주건축물,04499,기타사무소,11110-100003745,11110-100006908,0,서울특별시 종로구 청운동 52-5번지,59.85,178,11110, ,21,철근콘크리트구조
50.63,10100, ,0052,20101123, ,1,전유,20,지상,4,0005, ,0,주건축물,02003,다세대주택,11110-100003748,11110-100006913,0,서울특별시 종로구 청운동 52-5번지,50.63,179,11110, ,21,철근콘크리트구조
7.21,10100, ,0052,20101123,계단실,2,공용,40,각층,0,0005, ,0,주건축물,02003,다세대주택,11110-100003748,11110-100006914,0,서울특별시 종로구 청운동 52-5번지,50.63,180,11110, ,21,철근콘크리트구조
16.8,10100, ,0052,20141001, ,1,전유,20,지상,4,0005, ,0,주건축물,02003,다세대주택,11110-100009647,11110-100024697,0,서울특별시 종로구 청운동 52-5번지,402,181,11110, ,32,경량철골구조
50.63,10100, ,0052,20141001, ,1,전유,20,지상,4,0005, ,0,주건축물,02003,다세대주택,11110-100009647,11110-100024698,0,서울특별시 종로구 청운동 52-5번지,402,182,11110, ,21,철근콘크리트구조
7.21,10100, ,0052,20141001,계단실,2,공용,40,각층,0,0005, ,0,주건축물,02003,다세대주택,11110-100009647,11110-100024699,0,서울특별시 종로구 청운동 52-5번지,402,183,11110, ,21,철근콘크리트구조
11.2,10100, ,0052,20141001, ,1,전유,20,지상,5,0005, ,0,주건축물,02003,다세대주택,11110-100009646,11110-100024693,0,서울특별시 종로구 청운동 52-5번지,502,184,11110, ,32,경량철골구조
41.38,10100, ,0052,20141001, ,1,전유,20,지상,5,0005, ,0,주건축물,02003,다세대주택,11110-100009646,11110-100024694,0,서울특별시 종로구 청운동 52-5번지,502,185,11110, ,21,철근콘크리트구조
12.48,10100, ,0052,20141001,창고,2,공용,20,지상,1,0005, ,0,주건축물,02003,다세대주택,11110-100009646,11110-100024695,0,서울특별시 종로구 청운동 52-5번지,502,186,11110, ,32,경량철골구조
5.89,10100, ,0052,20141001,계단실,2,공용,40,각층,0,0005, ,0,주건축물,02003,다세대주택,11110-100009646,11110-100024696,0,서울특별시 종로구 청운동 52-5번지,502,187,11110, ,21,철근콘크리트구조
107.87,10100, ,0056,20140517, ,1,전유,20,지상,3,0014, ,0,주건축물,02003,다세대주택,11110-18800,11110-83755,0,서울특별시 종로구 청운동 56-14번지,32.63B,188,11110, ,21,철근콘크리트구조
36.85,10100, ,0056,20140517,주차장,2,공용,10,지하,2,0014, ,0,주건축물,02003,다세대주택,11110-18800,11110-83756,0,서울특별시 종로구 청운동 56-14번지,32.63B,189,11110, ,21,철근콘크리트구조
12.6,10100, ,0056,20140517,계단실,2,공용,40,각층,0,0014, ,0,주건축물,02003,다세대주택,11110-18800,11110-83757,0,서울특별시 종로구 청운동 56-14번지,32.63B,190,11110, ,21,철근콘크리트구조
6.05,10100, ,0056,20140517,ELEV,2,공용,40,각층,0,0014, ,0,주건축물,02003,다세대주택,11110-18800,11110-83758,0,서울특별시 종로구 청운동 56-14번지,32.63B,191,11110, ,21,철근콘크리트구조
107.87,10100, ,0056,20140517, ,1,전유,20,지상,2,0014, ,0,주건축물,02003,다세대주택,11110-18799,11110-83751,0,서울특별시 종로구 청운동 56-14번지,32.63B,192,11110, ,21,철근콘크리트구조
36.85,10100, ,0056,20140517,주차장,2,공용,10,지하,2,0014, ,0,주건축물,02003,다세대주택,11110-18799,11110-83752,0,서울특별시 종로구 청운동 56-14번지,32.63B,193,11110, ,21,철근콘크리트구조
12.6,10100, ,0056,20140517,계단실,2,공용,40,각층,0,0014, ,0,주건축물,02003,다세대주택,11110-18799,11110-83753,0,서울특별시 종로구 청운동 56-14번지,32.63B,194,11110, ,21,철근콘크리트구조
6.05,10100, ,0056,20140517,ELEV,2,공용,40,각층,0,0014, ,0,주건축물,02003,다세대주택,11110-18799,11110-83754,0,서울특별시 종로구 청운동 56-14번지,32.63B,195,11110, ,21,철근콘크리트구조
107.87,10100, ,0056,20140517, ,1,전유,10,지하,1,0014, ,0,주건축물,02003,다세대주택,11110-18797,11110-83743,0,서울특별시 종로구 청운동 56-14번지,32.63A,196,11110, ,21,철근콘크리트구조
36.84,10100, ,0056,20140517,주차장,2,공용,10,지하,2,0014, ,0,주건축물,02003,다세대주택,11110-18797,11110-83744,0,서울특별시 종로구 청운동 56-14번지,32.63A,197,11110, ,21,철근콘크리트구조
12.6,10100, ,0056,20140517,계단실,2,공용,40,각층,0,0014, ,0,주건축물,02003,다세대주택,11110-18797,11110-83745,0,서울특별시 종로구 청운동 56-14번지,32.63A,198,11110, ,21,철근콘크리트구조
6.05,10100, ,0056,20140517,ELEV,2,공용,40,각층,0,0014, ,0,주건축물,02003,다세대주택,11110-18797,11110-83746,0,서울특별시 종로구 청운동 56-14번지,32.63A,199,11110, ,21,철근콘크리트구조
107.87,10100, ,0056,20140517, ,1,전유,20,지상,1,0014, ,0,주건축물,02003,다세대주택,11110-18798,11110-83747,0,서울특별시 종로구 청운동 56-14번지,32.63A,200,11110, ,21,철근콘크리트구조
36.84,10100, ,0056,20140517,주차장,2,공용,10,지하,2,0014, ,0,주건축물,02003,다세대주택,11110-18798,11110-83748,0,서울특별시 종로구 청운동 56-14번지,32.63A,201,11110, ,21,철근콘크리트구조
12.6,10100, ,0056,20140517,계단실,2,공용,40,각층,0,0014, ,0,주건축물,02003,다세대주택,11110-18798,11110-83749,0,서울특별시 종로구 청운동 56-14번지,32.63A,202,11110, ,21,철근콘크리트구조
6.05,10100, ,0056,20140517,ELEV,2,공용,40,각층,0,0014, ,0,주건축물,02003,다세대주택,11110-18798,11110-83750,0,서울특별시 종로구 청운동 56-14번지,32.63A,203,11110, ,21,철근콘크리트구조
75,10100, ,0056,20090326, ,1,전유,20,지상,3,0041, ,0,주건축물,02003,다세대주택,11110-19277,11110-85707,0,서울특별시 종로구 청운동 56-41번지,24.96B,204,11110, ,21,철근콘크리트구조
7.52,10100, ,0056,20090326,계단실,2,공용,40,각층,0,0041, ,0,주건축물,02003,다세대주택,11110-19277,11110-85708,0,서울특별시 종로구 청운동 56-41번지,24.96B,205,11110, ,21,철근콘크리트구조
75,10100, ,0056,20090326, ,1,전유,20,지상,4,0041, ,0,주건축물,02003,다세대주택,11110-19279,11110-85711,0,서울특별시 종로구 청운동 56-41번지,24.96B,206,11110, ,21,철근콘크리트구조
7.52,10100, ,0056,20090326,계단실,2,공용,40,각층,0,0041, ,0,주건축물,02003,다세대주택,11110-19279,11110-85712,0,서울특별시 종로구 청운동 56-41번지,24.96B,207,11110, ,21,철근콘크리트구조
74.97,10100, ,0056,20090326, ,1,전유,20,지상,3,0041, ,0,주건축물,02003,다세대주택,11110-19276,11110-85705,0,서울특별시 종로구 청운동 56-41번지,24.95A,208,11110, ,21,철근콘크리트구조
7.52,10100, ,0056,20090326,계단실,2,공용,40,각층,0,0041, ,0,주건축물,02003,다세대주택,11110-19276,11110-85706,0,서울특별시 종로구 청운동 56-41번지,24.95A,209,11110, ,21,철근콘크리트구조
75,10100, ,0056,20090326, ,1,전유,20,지상,2,0041, ,0,주건축물,02003,다세대주택,11110-19275,11110-85703,0,서울특별시 종로구 청운동 56-41번지,24.96B,210,11110, ,21,철근콘크리트구조
7.52,10100, ,0056,20090326,계단실,2,공용,40,각층,0,0041, ,0,주건축물,02003,다세대주택,11110-19275,11110-85704,0,서울특별시 종로구 청운동 56-41번지,24.96B,211,11110, ,21,철근콘크리트구조
74.97,10100, ,0056,20090326, ,1,전유,20,지상,4,0041, ,0,주건축물,02003,다세대주택,11110-19278,11110-85709,0,서울특별시 종로구 청운동 56-41번지,24.95A,212,11110, ,21,철근콘크리트구조
7.52,10100, ,0056,20090326,계단실,2,공용,40,각층,0,0041, ,0,주건축물,02003,다세대주택,11110-19278,11110-85710,0,서울특별시 종로구 청운동 56-41번지,24.95A,213,11110, ,21,철근콘크리트구조
74.97,10100, ,0056,20090326, ,1,전유,20,지상,2,0041, ,0,주건축물,02003,다세대주택,11110-19274,11110-85701,0,서울특별시 종로구 청운동 56-41번지,24.95A,214,11110, ,21,철근콘크리트구조
7.52,10100, ,0056,20090326,계단실,2,공용,40,각층,0,0041, ,0,주건축물,02003,다세대주택,11110-19274,11110-85702,0,서울특별시 종로구 청운동 56-41번지,24.95A,215,11110, ,21,철근콘크리트구조
172.42,10100, ,0056,20090326, ,1,전유,20,지상,2,0048, ,0,주건축물,02002,연립주택,11110-12388,11110-49731,0,서울특별시 종로구 청운동 56-48번지,201,216,11110, ,21,철근콘크리트구조
69.12,10100, ,0056,20090326,주차장,2,공용,20,지상,2,0048, ,0,주건축물,02002,연립주택,11110-12388,11110-49732,0,서울특별시 종로구 청운동 56-48번지,201,217,11110, ,21,철근콘크리트구조
12,10100, ,0056,20090326,계단실,2,공용,20,지상,2,0048, ,0,주건축물,02002,연립주택,11110-12388,11110-49733,0,서울특별시 종로구 청운동 56-48번지,201,218,11110, ,21,철근콘크리트구조
172.42,10100, ,0056,20090326, ,1,전유,20,지상,3,0048, ,0,주건축물,02002,연립주택,11110-12390,11110-49737,0,서울특별시 종로구 청운동 56-48번지,301,219,11110, ,21,철근콘크리트구조
69.12,10100, ,0056,20090326,주차장,2,공용,20,지상,3,0048, ,0,주건축물,02002,연립주택,11110-12390,11110-49738,0,서울특별시 종로구 청운동 56-48번지,301,220,11110, ,21,철근콘크리트구조
12,10100, ,0056,20090326,계단실,2,공용,20,지상,3,0048, ,0,주건축물,02002,연립주택,11110-12390,11110-49739,0,서울특별시 종로구 청운동 56-48번지,301,221,11110, ,21,철근콘크리트구조
172.42,10100, ,0056,20090326, ,1,전유,20,지상,3,0048, ,0,주건축물,02002,연립주택,11110-12391,11110-49740,0,서울특별시 종로구 청운동 56-48번지,302,222,11110, ,21,철근콘크리트구조
69.12,10100, ,0056,20090326,주차장,2,공용,20,지상,3,0048, ,0,주건축물,02002,연립주택,11110-12391,11110-49741,0,서울특별시 종로구 청운동 56-48번지,302,223,11110, ,21,철근콘크리트구조
12,10100, ,0056,20090326,계단실,2,공용,20,지상,3,0048, ,0,주건축물,02002,연립주택,11110-12391,11110-49742,0,서울특별시 종로구 청운동 56-48번지,302,224,11110, ,21,철근콘크리트구조
172.42,10100, ,0056,20090326, ,1,전유,20,지상,1,0048, ,0,주건축물,02002,연립주택,11110-12386,11110-49725,0,서울특별시 종로구 청운동 56-48번지,101,225,11110, ,21,철근콘크리트구조
69.12,10100, ,0056,20090326,주차장,2,공용,20,지상,1,0048, ,0,주건축물,02002,연립주택,11110-12386,11110-49726,0,서울특별시 종로구 청운동 56-48번지,101,226,11110, ,21,철근콘크리트구조
12,10100, ,0056,20090326,계단실,2,공용,20,지상,1,0048, ,0,주건축물,02002,연립주택,11110-12386,11110-49727,0,서울특별시 종로구 청운동 56-48번지,101,227,11110, ,21,철근콘크리트구조
172.42,10100, ,0056,20090326, ,1,전유,20,지상,2,0048, ,0,주건축물,02002,연립주택,11110-12389,11110-49734,0,서울특별시 종로구 청운동 56-48번지,202,228,11110, ,21,철근콘크리트구조
69.12,10100, ,0056,20090326,주차장,2,공용,20,지상,2,0048, ,0,주건축물,02002,연립주택,11110-12389,11110-49735,0,서울특별시 종로구 청운동 56-48번지,202,229,11110, ,21,철근콘크리트구조
12,10100, ,0056,20090326,계단실,2,공용,20,지상,2,0048, ,0,주건축물,02002,연립주택,11110-12389,11110-49736,0,서울특별시 종로구 청운동 56-48번지,202,230,11110, ,21,철근콘크리트구조
172.42,10100, ,0056,20090326, ,1,전유,20,지상,1,0048, ,0,주건축물,02002,연립주택,11110-12387,11110-49728,0,서울특별시 종로구 청운동 56-48번지,102,231,11110, ,21,철근콘크리트구조
69.12,10100, ,0056,20090326,주차장,2,공용,20,지상,1,0048, ,0,주건축물,02002,연립주택,11110-12387,11110-49729,0,서울특별시 종로구 청운동 56-48번지,102,232,11110, ,21,철근콘크리트구조
12,10100, ,0056,20090326,계단실,2,공용,20,지상,1,0048, ,0,주건축물,02002,연립주택,11110-12387,11110-49730,0,서울특별시 종로구 청운동 56-48번지,102,233,11110, ,21,철근콘크리트구조
144.21,10100, ,0056,20140711, ,1,전유,20,지상,1,0049, ,0,주건축물,02003,다세대주택,11110-17161,11110-76797,0,서울특별시 종로구 청운동 56-49번지,67.26,234,11110, ,21,철근콘크리트구조
57.85,10100, ,0056,20140711,주차장,2,공용,20,지상,1,0049, ,0,주건축물,02003,다세대주택,11110-17161,11110-76798,0,서울특별시 종로구 청운동 56-49번지,67.26,235,11110, ,21,철근콘크리트구조
20.3,10100, ,0056,20140711,계단실,2,공용,20,지상,1,0049, ,0,주건축물,02003,다세대주택,11110-17161,11110-76799,0,서울특별시 종로구 청운동 56-49번지,67.26,236,11110, ,21,철근콘크리트구조
144.21,10100, ,0056,20140711, ,1,전유,20,지상,2,0049, ,0,주건축물,02003,다세대주택,11110-17161,11110-76800,0,서울특별시 종로구 청운동 56-49번지,67.26,237,11110, ,21,철근콘크리트구조
57.85,10100, ,0056,20140711,주차장,2,공용,20,지상,2,0049, ,0,주건축물,02003,다세대주택,11110-17161,11110-76801,0,서울특별시 종로구 청운동 56-49번지,67.26,238,11110, ,21,철근콘크리트구조
20.3,10100, ,0056,20140711,계단실,2,공용,20,지상,2,0049, ,0,주건축물,02003,다세대주택,11110-17161,11110-76802,0,서울특별시 종로구 청운동 56-49번지,67.26,239,11110, ,21,철근콘크리트구조
144.21,10100, ,0056,20140711, ,1,전유,20,지상,3,0049, ,0,주건축물,02003,다세대주택,11110-17161,11110-76803,0,서울특별시 종로구 청운동 56-49번지,67.26,240,11110, ,21,철근콘크리트구조
57.85,10100, ,0056,20140711,주차장,2,공용,20,지상,3,0049, ,0,주건축물,02003,다세대주택,11110-17161,11110-76804,0,서울특별시 종로구 청운동 56-49번지,67.26,241,11110, ,21,철근콘크리트구조
20.3,10100, ,0056,20140711,계단실,2,공용,20,지상,3,0049, ,0,주건축물,02003,다세대주택,11110-17161,11110-76805,0,서울특별시 종로구 청운동 56-49번지,67.26,242,11110, ,21,철근콘크리트구조
144.21,10100, ,0056,20140711, ,1,전유,20,지상,4,0049, ,0,주건축물,02003,다세대주택,11110-17161,11110-76806,0,서울특별시 종로구 청운동 56-49번지,67.26,243,11110, ,21,철근콘크리트구조
57.85,10100, ,0056,20140711,주차장,2,공용,20,지상,4,0049, ,0,주건축물,02003,다세대주택,11110-17161,11110-76807,0,서울특별시 종로구 청운동 56-49번지,67.26,244,11110, ,21,철근콘크리트구조
20.3,10100, ,0056,20140711,계단실,2,공용,20,지상,4,0049, ,0,주건축물,02003,다세대주택,11110-17161,11110-76808,0,서울특별시 종로구 청운동 56-49번지,67.26,245,11110, ,21,철근콘크리트구조
144.21,10100, ,0056,20140711, ,1,전유,20,지상,1,0049, ,0,주건축물,02003,다세대주택,11110-17163,11110-76821,0,서울특별시 종로구 청운동 56-49번지,67.26,246,11110, ,21,철근콘크리트구조
57.85,10100, ,0056,20140711,주차장,2,공용,20,지상,1,0049, ,0,주건축물,02003,다세대주택,11110-17163,11110-76822,0,서울특별시 종로구 청운동 56-49번지,67.26,247,11110, ,21,철근콘크리트구조
20.3,10100, ,0056,20140711,계단실,2,공용,20,지상,1,0049, ,0,주건축물,02003,다세대주택,11110-17163,11110-76823,0,서울특별시 종로구 청운동 56-49번지,67.26,248,11110, ,21,철근콘크리트구조
144.21,10100, ,0056,20140711, ,1,전유,20,지상,2,0049, ,0,주건축물,02003,다세대주택,11110-17163,11110-76824,0,서울특별시 종로구 청운동 56-49번지,67.26,249,11110, ,21,철근콘크리트구조
57.85,10100, ,0056,20140711,주차장,2,공용,20,지상,2,0049, ,0,주건축물,02003,다세대주택,11110-17163,11110-76825,0,서울특별시 종로구 청운동 56-49번지,67.26,250,11110, ,21,철근콘크리트구조
20.3,10100, ,0056,20140711,계단실,2,공용,20,지상,2,0049, ,0,주건축물,02003,다세대주택,11110-17163,11110-76826,0,서울특별시 종로구 청운동 56-49번지,67.26,251,11110, ,21,철근콘크리트구조
144.21,10100, ,0056,20140711, ,1,전유,20,지상,3,0049, ,0,주건축물,02003,다세대주택,11110-17163,11110-76827,0,서울특별시 종로구 청운동 56-49번지,67.26,252,11110, ,21,철근콘크리트구조
57.85,10100, ,0056,20140711,주차장,2,공용,20,지상,3,0049, ,0,주건축물,02003,다세대주택,11110-17163,11110-76828,0,서울특별시 종로구 청운동 56-49번지,67.26,253,11110, ,21,철근콘크리트구조
20.3,10100, ,0056,20140711,계단실,2,공용,20,지상,3,0049, ,0,주건축물,02003,다세대주택,11110-17163,11110-76829,0,서울특별시 종로구 청운동 56-49번지,67.26,254,11110, ,21,철근콘크리트구조
144.21,10100, ,0056,20140711, ,1,전유,20,지상,4,0049, ,0,주건축물,02003,다세대주택,11110-17163,11110-76830,0,서울특별시 종로구 청운동 56-49번지,67.26,255,11110, ,21,철근콘크리트구조
57.85,10100, ,0056,20140711,주차장,2,공용,20,지상,4,0049, ,0,주건축물,02003,다세대주택,11110-17163,11110-76831,0,서울특별시 종로구 청운동 56-49번지,67.26,256,11110, ,21,철근콘크리트구조
20.3,10100, ,0056,20140711,계단실,2,공용,20,지상,4,0049, ,0,주건축물,02003,다세대주택,11110-17163,11110-76832,0,서울특별시 종로구 청운동 56-49번지,67.26,257,11110, ,21,철근콘크리트구조
144.21,10100, ,0056,20140711, ,1,전유,20,지상,1,0049, ,0,주건축물,02003,다세대주택,11110-17160,11110-76785,0,서울특별시 종로구 청운동 56-49번지,67.26,258,11110, ,21,철근콘크리트구조
57.85,10100, ,0056,20140711,주차장,2,공용,20,지상,1,0049, ,0,주건축물,02003,다세대주택,11110-17160,11110-76786,0,서울특별시 종로구 청운동 56-49번지,67.26,259,11110, ,21,철근콘크리트구조
20.3,10100, ,0056,20140711,계단실,2,공용,20,지상,1,0049, ,0,주건축물,02003,다세대주택,11110-17160,11110-76787,0,서울특별시 종로구 청운동 56-49번지,67.26,260,11110, ,21,철근콘크리트구조
144.21,10100, ,0056,20140711, ,1,전유,20,지상,2,0049, ,0,주건축물,02003,다세대주택,11110-17160,11110-76788,0,서울특별시 종로구 청운동 56-49번지,67.26,261,11110, ,21,철근콘크리트구조
57.85,10100, ,0056,20140711,주차장,2,공용,20,지상,2,0049, ,0,주건축물,02003,다세대주택,11110-17160,11110-76789,0,서울특별시 종로구 청운동 56-49번지,67.26,262,11110, ,21,철근콘크리트구조
20.3,10100, ,0056,20140711,계단실,2,공용,20,지상,2,0049, ,0,주건축물,02003,다세대주택,11110-17160,11110-76790,0,서울특별시 종로구 청운동 56-49번지,67.26,263,11110, ,21,철근콘크리트구조
144.21,10100, ,0056,20140711, ,1,전유,20,지상,3,0049, ,0,주건축물,02003,다세대주택,11110-17160,11110-76791,0,서울특별시 종로구 청운동 56-49번지,67.26,264,11110, ,21,철근콘크리트구조
57.85,10100, ,0056,20140711,주차장,2,공용,20,지상,3,0049, ,0,주건축물,02003,다세대주택,11110-17160,11110-76792,0,서울특별시 종로구 청운동 56-49번지,67.26,265,11110, ,21,철근콘크리트구조
20.3,10100, ,0056,20140711,계단실,2,공용,20,지상,3,0049, ,0,주건축물,02003,다세대주택,11110-17160,11110-76793,0,서울특별시 종로구 청운동 56-49번지,67.26,266,11110, ,21,철근콘크리트구조
144.21,10100, ,0056,20140711, ,1,전유,20,지상,4,0049, ,0,주건축물,02003,다세대주택,11110-17160,11110-76794,0,서울특별시 종로구 청운동 56-49번지,67.26,267,11110, ,21,철근콘크리트구조
57.85,10100, ,0056,20140711,주차장,2,공용,20,지상,4,0049, ,0,주건축물,02003,다세대주택,11110-17160,11110-76795,0,서울특별시 종로구 청운동 56-49번지,67.26,268,11110, ,21,철근콘크리트구조
20.3,10100, ,0056,20140711,계단실,2,공용,20,지상,4,0049, ,0,주건축물,02003,다세대주택,11110-17160,11110-76796,0,서울특별시 종로구 청운동 56-49번지,67.26,269,11110, ,21,철근콘크리트구조
144.21,10100, ,0056,20140711, ,1,전유,20,지상,1,0049, ,0,주건축물,02003,다세대주택,11110-17162,11110-76809,0,서울특별시 종로구 청운동 56-49번지,67.26,270,11110, ,21,철근콘크리트구조
57.85,10100, ,0056,20140711,주차장,2,공용,20,지상,1,0049, ,0,주건축물,02003,다세대주택,11110-17162,11110-76810,0,서울특별시 종로구 청운동 56-49번지,67.26,271,11110, ,21,철근콘크리트구조
20.3,10100, ,0056,20140711,계단실,2,공용,20,지상,1,0049, ,0,주건축물,02003,다세대주택,11110-17162,11110-76811,0,서울특별시 종로구 청운동 56-49번지,67.26,272,11110, ,21,철근콘크리트구조
144.21,10100, ,0056,20140711, ,1,전유,20,지상,2,0049, ,0,주건축물,02003,다세대주택,11110-17162,11110-76812,0,서울특별시 종로구 청운동 56-49번지,67.26,273,11110, ,21,철근콘크리트구조
57.85,10100, ,0056,20140711,주차장,2,공용,20,지상,2,0049, ,0,주건축물,02003,다세대주택,11110-17162,11110-76813,0,서울특별시 종로구 청운동 56-49번지,67.26,274,11110, ,21,철근콘크리트구조
20.3,10100, ,0056,20140711,계단실,2,공용,20,지상,2,0049, ,0,주건축물,02003,다세대주택,11110-17162,11110-76814,0,서울특별시 종로구 청운동 56-49번지,67.26,275,11110, ,21,철근콘크리트구조
144.21,10100, ,0056,20140711, ,1,전유,20,지상,3,0049, ,0,주건축물,02003,다세대주택,11110-17162,11110-76815,0,서울특별시 종로구 청운동 56-49번지,67.26,276,11110, ,21,철근콘크리트구조
57.85,10100, ,0056,20140711,주차장,2,공용,20,지상,3,0049, ,0,주건축물,02003,다세대주택,11110-17162,11110-76816,0,서울특별시 종로구 청운동 56-49번지,67.26,277,11110, ,21,철근콘크리트구조
20.3,10100, ,0056,20140711,계단실,2,공용,20,지상,3,0049, ,0,주건축물,02003,다세대주택,11110-17162,11110-76817,0,서울특별시 종로구 청운동 56-49번지,67.26,278,11110, ,21,철근콘크리트구조
144.21,10100, ,0056,20140711, ,1,전유,20,지상,4,0049, ,0,주건축물,02003,다세대주택,11110-17162,11110-76818,0,서울특별시 종로구 청운동 56-49번지,67.26,279,11110, ,21,철근콘크리트구조
57.85,10100, ,0056,20140711,주차장,2,공용,20,지상,4,0049, ,0,주건축물,02003,다세대주택,11110-17162,11110-76819,0,서울특별시 종로구 청운동 56-49번지,67.26,280,11110, ,21,철근콘크리트구조
20.3,10100, ,0056,20140711,계단실,2,공용,20,지상,4,0049, ,0,주건축물,02003,다세대주택,11110-17162,11110-76820,0,서울특별시 종로구 청운동 56-49번지,67.26,281,11110, ,21,철근콘크리트구조
28.75,10100, ,0057,20161108, ,1,전유,20,지상,4,0027, ,0,주건축물,02003,다세대주택,11110-100012828,11110-100032856,0,서울특별시 종로구 청운동 57-27번지,3,282,11110, ,21,철근콘크리트구조
4.85,10100, ,0057,20161108,주차장,2,공용,10,지하,1,0027, ,0,주건축물,02003,다세대주택,11110-100012828,11110-100032857,0,서울특별시 종로구 청운동 57-27번지,3,283,11110, ,21,철근콘크리트구조
9.69,10100, ,0057,20161108,계단실,2,공용,40,각층,0,0027, ,0,주건축물,02003,다세대주택,11110-100012828,11110-100032858,0,서울특별시 종로구 청운동 57-27번지,3,284,11110, ,21,철근콘크리트구조
29.31,10100, ,0057,20161108, ,1,전유,20,지상,1,0027, ,0,주건축물,02003,다세대주택,11110-100012833,11110-100032869,0,서울특별시 종로구 청운동 57-27번지,2,285,11110, ,21,철근콘크리트구조
4.94,10100, ,0057,20161108,주차장,2,공용,10,지하,1,0027, ,0,주건축물,02003,다세대주택,11110-100012833,11110-100032870,0,서울특별시 종로구 청운동 57-27번지,2,286,11110, ,21,철근콘크리트구조
9.88,10100, ,0057,20161108,계단실,2,공용,40,각층,0,0027, ,0,주건축물,02003,다세대주택,11110-100012833,11110-100032871,0,서울특별시 종로구 청운동 57-27번지,2,287,11110, ,21,철근콘크리트구조
29.31,10100, ,0057,20161108, ,1,전유,20,지상,2,0027, ,0,주건축물,02003,다세대주택,11110-100012830,11110-100032862,0,서울특별시 종로구 청운동 57-27번지,2,288,11110, ,21,철근콘크리트구조
4.94,10100, ,0057,20161108,주차장,2,공용,10,지하,1,0027, ,0,주건축물,02003,다세대주택,11110-100012830,11110-100032863,0,서울특별시 종로구 청운동 57-27번지,2,289,11110, ,21,철근콘크리트구조
9.88,10100, ,0057,20161108,계단실,2,공용,40,각층,0,0027, ,0,주건축물,02003,다세대주택,11110-100012830,11110-100032864,0,서울특별시 종로구 청운동 57-27번지,2,290,11110, ,21,철근콘크리트구조
46.78,10100, ,0057,20161108, ,1,전유,10,지하,1,0027, ,0,주건축물,03002,휴게음식점,11110-100012832,11110-100032868,0,서울특별시 종로구 청운동 57-27번지,근생,291,11110, ,21,철근콘크리트구조
39.29,10100, ,0057,20161108, ,1,전유,20,지상,3,0027, ,0,주건축물,02003,다세대주택,11110-100012827,11110-100032853,0,서울특별시 종로구 청운동 57-27번지,1,292,11110, ,21,철근콘크리트구조
6.62,10100, ,0057,20161108,주차장,2,공용,10,지하,1,0027, ,0,주건축물,02003,다세대주택,11110-100012827,11110-100032854,0,서울특별시 종로구 청운동 57-27번지,1,293,11110, ,21,철근콘크리트구조
13.24,10100, ,0057,20161108,계단실,2,공용,40,각층,0,0027, ,0,주건축물,02003,다세대주택,11110-100012827,11110-100032855,0,서울특별시 종로구 청운동 57-27번지,1,294,11110, ,21,철근콘크리트구조
39.29,10100, ,0057,20161108, ,1,전유,20,지상,2,0027, ,0,주건축물,02003,다세대주택,11110-100012831,11110-100032865,0,서울특별시 종로구 청운동 57-27번지,1,295,11110, ,21,철근콘크리트구조
6.62,10100, ,0057,20161108,주차장,2,공용,10,지하,1,0027, ,0,주건축물,02003,다세대주택,11110-100012831,11110-100032866,0,서울특별시 종로구 청운동 57-27번지,1,296,11110, ,21,철근콘크리트구조
13.24,10100, ,0057,20161108,계단실,2,공용,40,각층,0,0027, ,0,주건축물,02003,다세대주택,11110-100012831,11110-100032867,0,서울특별시 종로구 청운동 57-27번지,1,297,11110, ,21,철근콘크리트구조
29.31,10100, ,0057,20161108, ,1,전유,20,지상,3,0027, ,0,주건축물,02003,다세대주택,11110-100012829,11110-100032859,0,서울특별시 종로구 청운동 57-27번지,2,298,11110, ,21,철근콘크리트구조
4.94,10100, ,0057,20161108,주차장,2,공용,10,지하,1,0027, ,0,주건축물,02003,다세대주택,11110-100012829,11110-100032860,0,서울특별시 종로구 청운동 57-27번지,2,299,11110, ,21,철근콘크리트구조
9.88,10100, ,0057,20161108,계단실,2,공용,40,각층,0,0027, ,0,주건축물,02003,다세대주택,11110-100012829,11110-100032861,0,서울특별시 종로구 청운동 57-27번지,2,300,11110, ,21,철근콘크리트구조
39.29,10100, ,0057,20161108, ,1,전유,20,지상,1,0027, ,0,주건축물,02003,다세대주택,11110-100012834,11110-100032872,0,서울특별시 종로구 청운동 57-27번지,1,301,11110, ,21,철근콘크리트구조
6.62,10100, ,0057,20161108,주차장,2,공용,10,지하,1,0027, ,0,주건축물,02003,다세대주택,11110-100012834,11110-100032873,0,서울특별시 종로구 청운동 57-27번지,1,302,11110, ,21,철근콘크리트구조
13.24,10100, ,0057,20161108,계단실,2,공용,40,각층,0,0027, ,0,주건축물,02003,다세대주택,11110-100012834,11110-100032874,0,서울특별시 종로구 청운동 57-27번지,1,303,11110, ,21,철근콘크리트구조
6.62,10100, ,0057,20161108,주차장,2,공용,10,지하,1,0027, ,0,주건축물,02003,다세대주택,11110-100012826,11110-100032851,0,서울특별시 종로구 청운동 57-27번지,1,304,11110, ,21,철근콘크리트구조
13.24,10100, ,0057,20161108,계단실,2,공용,40,각층,0,0027, ,0,주건축물,02003,다세대주택,11110-100012826,11110-100032852,0,서울특별시 종로구 청운동 57-27번지,1,305,11110, ,21,철근콘크리트구조
39.29,10100, ,0057,20161108, ,1,전유,20,지상,4,0027, ,0,주건축물,02003,다세대주택,11110-100012826,11110-100032850,0,서울특별시 종로구 청운동 57-27번지,1,306,11110, ,21,철근콘크리트구조
121.43,10100, ,0057,20170603,다세대주택,1,전유,20,지상,1,0042, ,0,주건축물,02003,다세대주택,11110-100013727,11110-100035022,0,서울특별시 종로구 청운동 57-42번지,46A,307,11110, ,21,철근콘크리트구조
76.03,10100, ,0057,20170603,주차장,2,공용,10,지하,1,0042, ,0,주건축물,02003,다세대주택,11110-100013727,11110-100035023,0,서울특별시 종로구 청운동 57-42번지,46A,308,11110, ,21,철근콘크리트구조
29.97,10100, ,0057,20170603,계단실,2,공용,40,각층,0,0042, ,0,주건축물,02003,다세대주택,11110-100013727,11110-100035024,0,서울특별시 종로구 청운동 57-42번지,46A,309,11110, ,21,철근콘크리트구조
73.46,10100, ,0057,20170603,다세대주택,1,전유,20,지상,3,0042, ,0,주건축물,02003,다세대주택,11110-100013728,11110-100035025,0,서울특별시 종로구 청운동 57-42번지,28A,310,11110, ,21,철근콘크리트구조
45.99,10100, ,0057,20170603,주차장,2,공용,10,지하,1,0042, ,0,주건축물,02003,다세대주택,11110-100013728,11110-100035026,0,서울특별시 종로구 청운동 57-42번지,28A,311,11110, ,21,철근콘크리트구조
19.13,10100, ,0057,20170603,계단실,2,공용,40,각층,0,0042, ,0,주건축물,02003,다세대주택,11110-100013728,11110-100035027,0,서울특별시 종로구 청운동 57-42번지,28A,312,11110, ,21,철근콘크리트구조
118.42,10100, ,0057,20170603,다세대주택,1,전유,20,지상,2,0042, ,0,주건축물,02003,다세대주택,11110-100013729,11110-100035028,0,서울특별시 종로구 청운동 57-42번지,45A,313,11110, ,21,철근콘크리트구조
74.14,10100, ,0057,20170603,주차장,2,공용,10,지하,1,0042, ,0,주건축물,02003,다세대주택,11110-100013729,11110-100035029,0,서울특별시 종로구 청운동 57-42번지,45A,314,11110, ,21,철근콘크리트구조
30.44,10100, ,0057,20170603,계단실,2,공용,40,각층,0,0042, ,0,주건축물,02003,다세대주택,11110-100013729,11110-100035030,0,서울특별시 종로구 청운동 57-42번지,45A,315,11110, ,21,철근콘크리트구조
70.93,10100, ,0057,20170603,다세대주택,1,전유,20,지상,4,0042, ,0,주건축물,02003,다세대주택,11110-100013726,11110-100035019,0,서울특별시 종로구 청운동 57-42번지,27A,316,11110, ,21,철근콘크리트구조
44.41,10100, ,0057,20170603,주차장,2,공용,10,지하,1,0042, ,0,주건축물,02003,다세대주택,11110-100013726,11110-100035020,0,서울특별시 종로구 청운동 57-42번지,27A,317,11110, ,21,철근콘크리트구조
18.65,10100, ,0057,20170603,계단실,2,공용,40,각층,0,0042, ,0,주건축물,02003,다세대주택,11110-100013726,11110-100035021,0,서울특별시 종로구 청운동 57-42번지,27A,318,11110, ,21,철근콘크리트구조
41.23,10100, ,0057,20150109,501호,1,전유,20,지상,5,0064, ,0,주건축물,02003,다세대주택,11110-100010557,11110-100026652,0,서울특별시 종로구 청운동 57-64번지,a,319,11110, ,32,경량철골구조
27.86,10100, ,0060,20090326, ,1,전유,21,복수층(하층),1,0000, ,0,주건축물,02003,다세대주택,11110-100002412,11110-100005115,0,서울특별시 종로구 청운동 60번지,25.6,320,11110, ,21,철근콘크리트구조
50.83,10100, ,0060,20090326, ,1,전유,22,복수층(상층),2,0000, ,0,주건축물,02003,다세대주택,11110-100002412,11110-100005116,0,서울특별시 종로구 청운동 60번지,25.6,321,11110, ,21,철근콘크리트구조
6.16,10100, ,0060,20090326,계단실,2,공용,40,각층,0,0000, ,0,주건축물,02003,다세대주택,11110-100002412,11110-100005117,0,서울특별시 종로구 청운동 60번지,25.6,322,11110, ,21,철근콘크리트구조
39.74,10100, ,0060,20090326, ,1,전유,21,복수층(하층),3,0000, ,0,주건축물,02003,다세대주택,11110-100002411,11110-100005112,0,서울특별시 종로구 청운동 60번지,21.7,323,11110, ,21,철근콘크리트구조
26.91,10100, ,0060,20090326, ,1,전유,22,복수층(상층),4,0000, ,0,주건축물,02003,다세대주택,11110-100002411,11110-100005113,0,서울특별시 종로구 청운동 60번지,21.7,324,11110, ,21,철근콘크리트구조
5.21,10100, ,0060,20090326,계단실,2,공용,40,각층,0,0000, ,0,주건축물,02003,다세대주택,11110-100002411,11110-100005114,0,서울특별시 종로구 청운동 60번지,21.7,325,11110, ,21,철근콘크리트구조
46.73,10100, ,0060,20090326, ,1,전유,21,복수층(하층),3,0000, ,0,주건축물,02003,다세대주택,11110-100002410,11110-100005109,0,서울특별시 종로구 청운동 60번지,23.4,326,11110, ,21,철근콘크리트구조
25.07,10100, ,0060,20090326, ,1,전유,22,복수층(상층),4,0000, ,0,주건축물,02003,다세대주택,11110-100002410,11110-100005110,0,서울특별시 종로구 청운동 60번지,23.4,327,11110, ,21,철근콘크리트구조
5.62,10100, ,0060,20090326,계단실,2,공용,40,각층,0,0000, ,0,주건축물,02003,다세대주택,11110-100002410,11110-100005111,0,서울특별시 종로구 청운동 60번지,23.4,328,11110, ,21,철근콘크리트구조
27.2,10100, ,0060,20090326, ,1,전유,21,복수층(하층),1,0000, ,0,주건축물,02003,다세대주택,11110-100002409,11110-100005106,0,서울특별시 종로구 청운동 60번지,22.3,329,11110, ,21,철근콘크리트구조
41.43,10100, ,0060,20090326, ,1,전유,22,복수층(상층),2,0000, ,0,주건축물,02003,다세대주택,11110-100002409,11110-100005107,0,서울특별시 종로구 청운동 60번지,22.3,330,11110, ,21,철근콘크리트구조
5.37,10100, ,0060,20090326,계단실,2,공용,40,각층,0,0000, ,0,주건축물,02003,다세대주택,11110-100002409,11110-100005108,0,서울특별시 종로구 청운동 60번지,22.3,331,11110, ,21,철근콘크리트구조
65.05,10100, ,0079,20090326, ,1,전유,20,지상,1,0002, ,0,주건축물,02003,다세대주택,11110-14177,11110-59138,0,서울특별시 종로구 청운동 79-2번지,23,332,11110, ,21,철근콘크리트구조
6.6,10100, ,0079,20090326,계단실,2,공용,40,각층,0,0002, ,0,주건축물,02003,다세대주택,11110-14177,11110-59139,0,서울특별시 종로구 청운동 79-2번지,23,333,11110, ,21,철근콘크리트구조
5.15,10100, ,0079,20090326,주차장,2,공용,20,지상,1,0002, ,0,주건축물,02003,다세대주택,11110-14177,11110-59140,0,서울특별시 종로구 청운동 79-2번지,23,334,11110, ,21,철근콘크리트구조
66.35,10100, ,0079,20090326, ,1,전유,20,지상,3,0002, ,0,주건축물,02003,다세대주택,11110-14179,11110-59144,0,서울특별시 종로구 청운동 79-2번지,40,335,11110, ,21,철근콘크리트구조
6.74,10100, ,0079,20090326,계단실,2,공용,40,각층,0,0002, ,0,주건축물,02003,다세대주택,11110-14179,11110-59145,0,서울특별시 종로구 청운동 79-2번지,40,336,11110, ,21,철근콘크리트구조
0,10100, ,0079,20090326,주차장,2,공용,20,지상,1,0002, ,0,주건축물,02003,다세대주택,11110-14179,11110-59146,0,서울특별시 종로구 청운동 79-2번지,40,337,11110, ,21,철근콘크리트구조
46.22,10100, ,0079,20090326, ,1,전유,20,지상,4,0002, ,0,주건축물,02003,다세대주택,11110-14179,11110-59147,0,서울특별시 종로구 청운동 79-2번지,40,338,11110, ,21,철근콘크리트구조
4.69,10100, ,0079,20090326,계단실,2,공용,40,각층,0,0002, ,0,주건축물,02003,다세대주택,11110-14179,11110-59148,0,서울특별시 종로구 청운동 79-2번지,40,339,11110, ,21,철근콘크리트구조
3.66,10100, ,0079,20090326,주차장,2,공용,20,지상,1,0002, ,0,주건축물,02003,다세대주택,11110-14179,11110-59149,0,서울특별시 종로구 청운동 79-2번지,40,340,11110, ,21,철근콘크리트구조
66.35,10100, ,0079,20090326, ,1,전유,20,지상,2,0002, ,0,주건축물,02003,다세대주택,11110-14178,11110-59141,0,서울특별시 종로구 청운동 79-2번지,24,341,11110, ,21,철근콘크리트구조
6.74,10100, ,0079,20090326,계단실,2,공용,40,각층,0,0002, ,0,주건축물,02003,다세대주택,11110-14178,11110-59142,0,서울특별시 종로구 청운동 79-2번지,24,342,11110, ,21,철근콘크리트구조
5.25,10100, ,0079,20090326,주차장,2,공용,20,지상,1,0002, ,0,주건축물,02003,다세대주택,11110-14178,11110-59143,0,서울특별시 종로구 청운동 79-2번지,24,343,11110, ,21,철근콘크리트구조
84.93,10100, ,0089,20090326, ,1,전유,40,각층,1,0005, ,0,주건축물,02002,연립주택,11110-11846,11110-47828,0,서울특별시 종로구 청운동 89-5번지,41.85A,344,11110, ,21,철근콘크리트구조
36.71,10100, ,0089,20090326,주차장,2,공용,10,지하,1,0005, ,0,주건축물,02002,연립주택,11110-11846,11110-47829,0,서울특별시 종로구 청운동 89-5번지,41.85A,345,11110, ,21,철근콘크리트구조
16.71,10100, ,0089,20090326,계단실,2,공용,40,각층,0,0005, ,0,주건축물,02002,연립주택,11110-11846,11110-47830,0,서울특별시 종로구 청운동 89-5번지,41.85A,346,11110, ,21,철근콘크리트구조
84.96,10100, ,0089,20090326, ,1,전유,40,각층,1,0005, ,0,주건축물,02002,연립주택,11110-11852,11110-47846,0,서울특별시 종로구 청운동 89-5번지,41.87B,347,11110, ,21,철근콘크리트구조
84.82,10100, ,0089,20090326, ,1,전유,40,각층,1,0005, ,0,주건축물,02002,연립주택,11110-11853,11110-47849,0,서울특별시 종로구 청운동 89-5번지,41.80C,348,11110, ,21,철근콘크리트구조
16.69,10100, ,0089,20090326,계단실,2,공용,40,각층,0,0005, ,0,주건축물,02002,연립주택,11110-11853,11110-47850,0,서울특별시 종로구 청운동 89-5번지,41.80C,349,11110, ,21,철근콘크리트구조
36.67,10100, ,0089,20090326,주차장,2,공용,10,지하,1,0005, ,0,주건축물,02002,연립주택,11110-11853,11110-47851,0,서울특별시 종로구 청운동 89-5번지,41.80C,350,11110, ,21,철근콘크리트구조
84.73,10100, ,0089,20090326, ,1,전유,40,각층,2,0005, ,0,주건축물,02002,연립주택,11110-11857,11110-47861,0,서울특별시 종로구 청운동 89-5번지,41.75D,351,11110, ,21,철근콘크리트구조
16.67,10100, ,0089,20090326,계단실,2,공용,40,각층,0,0005, ,0,주건축물,02002,연립주택,11110-11857,11110-47862,0,서울특별시 종로구 청운동 89-5번지,41.75D,352,11110, ,21,철근콘크리트구조
36.63,10100, ,0089,20090326,주차장,2,공용,10,지하,1,0005, ,0,주건축물,02002,연립주택,11110-11857,11110-47863,0,서울특별시 종로구 청운동 89-5번지,41.75D,353,11110, ,21,철근콘크리트구조
84.96,10100, ,0089,20090326, ,1,전유,40,각층,4,0005, ,0,주건축물,02002,연립주택,11110-11860,11110-47870,0,서울특별시 종로구 청운동 89-5번지,41.87B,354,11110, ,21,철근콘크리트구조
16.72,10100, ,0089,20090326,계단실,2,공용,40,각층,0,0005, ,0,주건축물,02002,연립주택,11110-11860,11110-47871,0,서울특별시 종로구 청운동 89-5번지,41.87B,355,11110, ,21,철근콘크리트구조
36.73,10100, ,0089,20090326,주차장,2,공용,20,지상,1,0005, ,0,주건축물,02002,연립주택,11110-11860,11110-47872,0,서울특별시 종로구 청운동 89-5번지,41.87B,356,11110, ,21,철근콘크리트구조
84.93,10100, ,0089,20090326, ,1,전유,40,각층,3,0005, ,0,주건축물,02002,연립주택,11110-11848,11110-47834,0,서울특별시 종로구 청운동 89-5번지,41.85A,357,11110, ,21,철근콘크리트구조
36.71,10100, ,0089,20090326,주차장,2,공용,10,지하,1,0005, ,0,주건축물,02002,연립주택,11110-11848,11110-47835,0,서울특별시 종로구 청운동 89-5번지,41.85A,358,11110, ,21,철근콘크리트구조
16.71,10100, ,0089,20090326,계단실,2,공용,40,각층,0,0005, ,0,주건축물,02002,연립주택,11110-11848,11110-47836,0,서울특별시 종로구 청운동 89-5번지,41.85A,359,11110, ,21,철근콘크리트구조
84.73,10100, ,0089,20090326, ,1,전유,40,각층,1,0005, ,0,주건축물,02002,연립주택,11110-11854,11110-47852,0,서울특별시 종로구 청운동 89-5번지,41.75D,360,11110, ,21,철근콘크리트구조
16.67,10100, ,0089,20090326,계단실,2,공용,40,각층,0,0005, ,0,주건축물,02002,연립주택,11110-11854,11110-47853,0,서울특별시 종로구 청운동 89-5번지,41.75D,361,11110, ,21,철근콘크리트구조
36.63,10100, ,0089,20090326,주차장,2,공용,10,지하,1,0005, ,0,주건축물,02002,연립주택,11110-11854,11110-47854,0,서울특별시 종로구 청운동 89-5번지,41.75D,362,11110, ,21,철근콘크리트구조
84.93,10100, ,0089,20090326, ,1,전유,40,각층,4,0005, ,0,주건축물,02002,연립주택,11110-11850,11110-47840,0,서울특별시 종로구 청운동 89-5번지,41.85A,363,11110, ,21,철근콘크리트구조
36.71,10100, ,0089,20090326,주차장,2,공용,10,지하,1,0005, ,0,주건축물,02002,연립주택,11110-11850,11110-47841,0,서울특별시 종로구 청운동 89-5번지,41.85A,364,11110, ,21,철근콘크리트구조
16.71,10100, ,0089,20090326,계단실,2,공용,40,각층,0,0005, ,0,주건축물,02002,연립주택,11110-11850,11110-47842,0,서울특별시 종로구 청운동 89-5번지,41.85A,365,11110, ,21,철근콘크리트구조
84.96,10100, ,0089,20090326, ,1,전유,40,각층,2,0005, ,0,주건축물,02002,연립주택,11110-11855,11110-47855,0,서울특별시 종로구 청운동 89-5번지,41.87B,366,11110, ,21,철근콘크리트구조
16.72,10100, ,0089,20090326,계단실,2,공용,40,각층,0,0005, ,0,주건축물,02002,연립주택,11110-11855,11110-47856,0,서울특별시 종로구 청운동 89-5번지,41.87B,367,11110, ,21,철근콘크리트구조
36.73,10100, ,0089,20090326,주차장,2,공용,20,지상,1,0005, ,0,주건축물,02002,연립주택,11110-11855,11110-47857,0,서울특별시 종로구 청운동 89-5번지,41.87B,368,11110, ,21,철근콘크리트구조
84.73,10100, ,0089,20090326, ,1,전유,40,각층,4,0005, ,0,주건축물,02002,연립주택,11110-11861,11110-47873,0,서울특별시 종로구 청운동 89-5번지,41.75D,369,11110, ,21,철근콘크리트구조
16.67,10100, ,0089,20090326,계단실,2,공용,40,각층,0,0005, ,0,주건축물,02002,연립주택,11110-11861,11110-47874,0,서울특별시 종로구 청운동 89-5번지,41.75D,370,11110, ,21,철근콘크리트구조
36.63,10100, ,0089,20090326,주차장,2,공용,10,지하,1,0005, ,0,주건축물,02002,연립주택,11110-11861,11110-47875,0,서울특별시 종로구 청운동 89-5번지,41.75D,371,11110, ,21,철근콘크리트구조
84.82,10100, ,0089,20090326, ,1,전유,40,각층,4,0005, ,0,주건축물,02002,연립주택,11110-11851,11110-47843,0,서울특별시 종로구 청운동 89-5번지,41.80C,372,11110, ,21,철근콘크리트구조
16.69,10100, ,0089,20090326,계단실,2,공용,40,각층,0,0005, ,0,주건축물,02002,연립주택,11110-11851,11110-47844,0,서울특별시 종로구 청운동 89-5번지,41.80C,373,11110, ,21,철근콘크리트구조
36.67,10100, ,0089,20090326,주차장,2,공용,10,지하,1,0005, ,0,주건축물,02002,연립주택,11110-11851,11110-47845,0,서울특별시 종로구 청운동 89-5번지,41.80C,374,11110, ,21,철근콘크리트구조
84.82,10100, ,0089,20090326, ,1,전유,40,각층,2,0005, ,0,주건축물,02002,연립주택,11110-11856,11110-47858,0,서울특별시 종로구 청운동 89-5번지,41.80C,375,11110, ,21,철근콘크리트구조
16.69,10100, ,0089,20090326,계단실,2,공용,40,각층,0,0005, ,0,주건축물,02002,연립주택,11110-11856,11110-47859,0,서울특별시 종로구 청운동 89-5번지,41.80C,376,11110, ,21,철근콘크리트구조
36.67,10100, ,0089,20090326,주차장,2,공용,10,지하,1,0005, ,0,주건축물,02002,연립주택,11110-11856,11110-47860,0,서울특별시 종로구 청운동 89-5번지,41.80C,377,11110, ,21,철근콘크리트구조
84.82,10100, ,0089,20090326, ,1,전유,40,각층,3,0005, ,0,주건축물,02002,연립주택,11110-11858,11110-47864,0,서울특별시 종로구 청운동 89-5번지,41.80C,378,11110, ,21,철근콘크리트구조
16.69,10100, ,0089,20090326,계단실,2,공용,40,각층,0,0005, ,0,주건축물,02002,연립주택,11110-11858,11110-47865,0,서울특별시 종로구 청운동 89-5번지,41.80C,379,11110, ,21,철근콘크리트구조
36.67,10100, ,0089,20090326,주차장,2,공용,10,지하,1,0005, ,0,주건축물,02002,연립주택,11110-11858,11110-47866,0,서울특별시 종로구 청운동 89-5번지,41.80C,380,11110, ,21,철근콘크리트구조
84.96,10100, ,0089,20090326, ,1,전유,40,각층,3,0005, ,0,주건축물,02002,연립주택,11110-11849,11110-47837,0,서울특별시 종로구 청운동 89-5번지,41.87B,381,11110, ,21,철근콘크리트구조
16.72,10100, ,0089,20090326,계단실,2,공용,40,각층,0,0005, ,0,주건축물,02002,연립주택,11110-11849,11110-47838,0,서울특별시 종로구 청운동 89-5번지,41.87B,382,11110, ,21,철근콘크리트구조
36.73,10100, ,0089,20090326,주차장,2,공용,20,지상,1,0005, ,0,주건축물,02002,연립주택,11110-11849,11110-47839,0,서울특별시 종로구 청운동 89-5번지,41.87B,383,11110, ,21,철근콘크리트구조
16.72,10100, ,0089,20090326,계단실,2,공용,40,각층,0,0005, ,0,주건축물,02002,연립주택,11110-11852,11110-47847,0,서울특별시 종로구 청운동 89-5번지,41.87B,384,11110, ,21,철근콘크리트구조
36.73,10100, ,0089,20090326,주차장,2,공용,20,지상,1,0005, ,0,주건축물,02002,연립주택,11110-11852,11110-47848,0,서울특별시 종로구 청운동 89-5번지,41.87B,385,11110, ,21,철근콘크리트구조
84.73,10100, ,0089,20090326, ,1,전유,40,각층,3,0005, ,0,주건축물,02002,연립주택,11110-11859,11110-47867,0,서울특별시 종로구 청운동 89-5번지,41.75D,386,11110, ,21,철근콘크리트구조
16.67,10100, ,0089,20090326,계단실,2,공용,40,각층,0,0005, ,0,주건축물,02002,연립주택,11110-11859,11110-47868,0,서울특별시 종로구 청운동 89-5번지,41.75D,387,11110, ,21,철근콘크리트구조
36.63,10100, ,0089,20090326,주차장,2,공용,10,지하,1,0005, ,0,주건축물,02002,연립주택,11110-11859,11110-47869,0,서울특별시 종로구 청운동 89-5번지,41.75D,388,11110, ,21,철근콘크리트구조
84.93,10100, ,0089,20090326, ,1,전유,40,각층,2,0005, ,0,주건축물,02002,연립주택,11110-11847,11110-47831,0,서울특별시 종로구 청운동 89-5번지,41.85A,389,11110, ,21,철근콘크리트구조
36.71,10100, ,0089,20090326,주차장,2,공용,10,지하,1,0005, ,0,주건축물,02002,연립주택,11110-11847,11110-47832,0,서울특별시 종로구 청운동 89-5번지,41.85A,390,11110, ,21,철근콘크리트구조
16.71,10100, ,0089,20090326,계단실,2,공용,40,각층,0,0005, ,0,주건축물,02002,연립주택,11110-11847,11110-47833,0,서울특별시 종로구 청운동 89-5번지,41.85A,391,11110, ,21,철근콘크리트구조
78.91,10100, ,0107,20180608, ,1,전유,20,지상,1,0000, ,0,주건축물,02003,다세대주택,11110-17088,11110-76537,0,서울특별시 종로구 청운동 107번지,21B,392,11110, ,21,철근콘크리트구조
20.37,10100, ,0107,20180608,주차장,2,공용,10,지하,1,0000, ,0,주건축물,02003,다세대주택,11110-17088,11110-76538,0,서울특별시 종로구 청운동 107번지,21B,393,11110, ,21,철근콘크리트구조
11.64,10100, ,0107,20180608,계단실,2,공용,40,각층,0,0000, ,0,주건축물,02003,다세대주택,11110-17088,11110-76539,0,서울특별시 종로구 청운동 107번지,21B,394,11110, ,21,철근콘크리트구조
84.55,10100, ,0107,20180608, ,1,전유,20,지상,1,0000, ,0,주건축물,02003,다세대주택,11110-17085,11110-76528,0,서울특별시 종로구 청운동 107번지,25A,395,11110, ,21,철근콘크리트구조
21.23,10100, ,0107,20180608,주차장,2,공용,10,지하,1,0000, ,0,주건축물,02003,다세대주택,11110-17085,11110-76529,0,서울특별시 종로구 청운동 107번지,25A,396,11110, ,21,철근콘크리트구조
12.12,10100, ,0107,20180608,계단실,2,공용,40,각층,0,0000, ,0,주건축물,02003,다세대주택,11110-17085,11110-76530,0,서울특별시 종로구 청운동 107번지,25A,397,11110, ,21,철근콘크리트구조
84.55,10100, ,0107,20180608, ,1,전유,20,지상,2,0000, ,0,주건축물,02003,다세대주택,11110-17086,11110-76531,0,서울특별시 종로구 청운동 107번지,25A,398,11110, ,21,철근콘크리트구조
21.23,10100, ,0107,20180608,주차장,2,공용,10,지하,1,0000, ,0,주건축물,02003,다세대주택,11110-17086,11110-76532,0,서울특별시 종로구 청운동 107번지,25A,399,11110, ,21,철근콘크리트구조
12.12,10100, ,0107,20180608,계단실,2,공용,40,각층,0,0000, ,0,주건축물,02003,다세대주택,11110-17086,11110-76533,0,서울특별시 종로구 청운동 107번지,25A,400,11110, ,21,철근콘크리트구조
84.55,10100, ,0107,20180608, ,1,전유,20,지상,3,0000, ,0,주건축물,02003,다세대주택,11110-17087,11110-76534,0,서울특별시 종로구 청운동 107번지,25A,401,11110, ,21,철근콘크리트구조
21.23,10100, ,0107,20180608,주차장,2,공용,10,지하,1,0000, ,0,주건축물,02003,다세대주택,11110-17087,11110-76535,0,서울특별시 종로구 청운동 107번지,25A,402,11110, ,21,철근콘크리트구조
12.12,10100, ,0107,20180608,계단실,2,공용,40,각층,0,0000, ,0,주건축물,02003,다세대주택,11110-17087,11110-76536,0,서울특별시 종로구 청운동 107번지,25A,403,11110, ,21,철근콘크리트구조
41.05,10200, ,0002,20131126, ,1,전유,21,복수층(하층),1,0007, ,0,주건축물,02002,연립주택,11110-1674,11110-5787,0,서울특별시 종로구 신교동 2-7번지,93,1,11110, ,21,철근콘크리트구조
226.82,10200, ,0002,20131126, ,1,전유,22,복수층(상층),1,0007, ,0,주건축물,02002,연립주택,11110-1674,11110-5788,0,서울특별시 종로구 신교동 2-7번지,93,2,11110, ,21,철근콘크리트구조
6.77,10200, ,0002,20131126,창고,2,공용,40,각층,0,0007, ,0,주건축물,02002,연립주택,11110-1674,11110-5789,0,서울특별시 종로구 신교동 2-7번지,93,3,11110, ,21,철근콘크리트구조
2.13,10200, ,0002,20131126,수위실,2,공용,20,지상,1,0007, ,0,주건축물,02002,연립주택,11110-1674,11110-5790,0,서울특별시 종로구 신교동 2-7번지,93,4,11110, ,21,철근콘크리트구조
32.01,10200, ,0002,20131126,계단실,2,공용,40,각층,0,0007, ,0,주건축물,02002,연립주택,11110-1674,11110-5791,0,서울특별시 종로구 신교동 2-7번지,93,5,11110, ,21,철근콘크리트구조
239.83,10200, ,0002,20131126, ,1,전유,20,지상,2,0007, ,0,주건축물,02002,연립주택,11110-1675,11110-5792,0,서울특별시 종로구 신교동 2-7번지,83,6,11110, ,21,철근콘크리트구조
6.07,10200, ,0002,20131126,창고,2,공용,40,각층,0,0007, ,0,주건축물,02002,연립주택,11110-1675,11110-5793,0,서울특별시 종로구 신교동 2-7번지,83,7,11110, ,21,철근콘크리트구조
1.91,10200, ,0002,20131126,수위실,2,공용,20,지상,2,0007, ,0,주건축물,02002,연립주택,11110-1675,11110-5794,0,서울특별시 종로구 신교동 2-7번지,83,8,11110, ,21,철근콘크리트구조
28.67,10200, ,0002,20131126,계단실,2,공용,40,각층,0,0007, ,0,주건축물,02002,연립주택,11110-1675,11110-5795,0,서울특별시 종로구 신교동 2-7번지,83,9,11110, ,21,철근콘크리트구조
239.83,10200, ,0002,20131126, ,1,전유,20,지상,3,0007, ,0,주건축물,02002,연립주택,11110-1676,11110-5796,0,서울특별시 종로구 신교동 2-7번지,83,10,11110, ,21,철근콘크리트구조
6.07,10200, ,0002,20131126,창고,2,공용,40,각층,0,0007, ,0,주건축물,02002,연립주택,11110-1676,11110-5797,0,서울특별시 종로구 신교동 2-7번지,83,11,11110, ,21,철근콘크리트구조
1.91,10200, ,0002,20131126,수위실,2,공용,20,지상,3,0007, ,0,주건축물,02002,연립주택,11110-1676,11110-5798,0,서울특별시 종로구 신교동 2-7번지,83,12,11110, ,21,철근콘크리트구조
28.67,10200, ,0002,20131126,계단실,2,공용,40,각층,0,0007, ,0,주건축물,02002,연립주택,11110-1676,11110-5799,0,서울특별시 종로구 신교동 2-7번지,83,13,11110, ,21,철근콘크리트구조
78.89,10200, ,0006,20150107,다세대주택,1,전유,20,지상,2,0006, ,0,주건축물,02003,다세대주택,11110-100010544,11110-100026629,0,서울특별시 종로구 신교동 6-6번지,A,14,11110, ,21,철근콘크리트구조
11.41,10200, ,0006,20150107,계단실,2,공용,40,각층,0,0006, ,0,주건축물,02003,다세대주택,11110-100010544,11110-100026630,0,서울특별시 종로구 신교동 6-6번지,A,15,11110, ,21,철근콘크리트구조
78.89,10200, ,0006,20150107,다세대주택,1,전유,20,지상,3,0006, ,0,주건축물,02003,다세대주택,11110-100010548,11110-100026637,0,서울특별시 종로구 신교동 6-6번지,A,16,11110, ,21,철근콘크리트구조
11.41,10200, ,0006,20150107,계단실,2,공용,40,각층,0,0006, ,0,주건축물,02003,다세대주택,11110-100010548,11110-100026638,0,서울특별시 종로구 신교동 6-6번지,A,17,11110, ,21,철근콘크리트구조
78.89,10200, ,0006,20150107,다세대주택,1,전유,20,지상,2,0006, ,0,주건축물,02003,다세대주택,11110-100010550,11110-100026641,0,서울특별시 종로구 신교동 6-6번지,A,18,11110, ,21,철근콘크리트구조
11.41,10200, ,0006,20150107,계단실,2,공용,40,각층,0,0006, ,0,주건축물,02003,다세대주택,11110-100010550,11110-100026642,0,서울특별시 종로구 신교동 6-6번지,A,19,11110, ,21,철근콘크리트구조
78.89,10200, ,0006,20150107,다세대주택,1,전유,20,지상,3,0006, ,0,주건축물,02003,다세대주택,11110-100010551,11110-100026643,0,서울특별시 종로구 신교동 6-6번지,A,20,11110, ,21,철근콘크리트구조
11.41,10200, ,0006,20150107,계단실,2,공용,40,각층,0,0006, ,0,주건축물,02003,다세대주택,11110-100010551,11110-100026644,0,서울특별시 종로구 신교동 6-6번지,A,21,11110, ,21,철근콘크리트구조
53.39,10200, ,0006,20150107,다세대주택,1,전유,20,지상,4,0006, ,0,주건축물,02003,다세대주택,11110-100010547,11110-100026635,0,서울특별시 종로구 신교동 6-6번지,B,22,11110, ,21,철근콘크리트구조
7.72,10200, ,0006,20150107,계단실,2,공용,40,각층,0,0006, ,0,주건축물,02003,다세대주택,11110-100010547,11110-100026636,0,서울특별시 종로구 신교동 6-6번지,B,23,11110, ,21,철근콘크리트구조
53.39,10200, ,0006,20150107,다세대주택,1,전유,20,지상,4,0006, ,0,주건축물,02003,다세대주택,11110-100010546,11110-100026633,0,서울특별시 종로구 신교동 6-6번지,B,24,11110, ,21,철근콘크리트구조
7.72,10200, ,0006,20150107,계단실,2,공용,40,각층,0,0006, ,0,주건축물,02003,다세대주택,11110-100010546,11110-100026634,0,서울특별시 종로구 신교동 6-6번지,B,25,11110, ,21,철근콘크리트구조
44.14,10200, ,0006,20150107,다세대주택,1,전유,20,지상,5,0006, ,0,주건축물,02003,다세대주택,11110-100010545,11110-100026631,0,서울특별시 종로구 신교동 6-6번지,D,26,11110, ,21,철근콘크리트구조
6.38,10200, ,0006,20150107,계단실,2,공용,40,각층,0,0006, ,0,주건축물,02003,다세대주택,11110-100010545,11110-100026632,0,서울특별시 종로구 신교동 6-6번지,D,27,11110, ,21,철근콘크리트구조
40.41,10200, ,0006,20150107,다세대주택,1,전유,20,지상,5,0006, ,0,주건축물,02003,다세대주택,11110-100010549,11110-100026639,0,서울특별시 종로구 신교동 6-6번지,C,28,11110, ,21,철근콘크리트구조
5.84,10200, ,0006,20150107,계단실,2,공용,40,각층,0,0006, ,0,주건축물,02003,다세대주택,11110-100010549,11110-100026640,0,서울특별시 종로구 신교동 6-6번지,C,29,11110, ,21,철근콘크리트구조
82.71,10200, ,0006,20140724,주택,1,전유,10,지하,1,0025, ,0,주건축물,02003,다세대주택,11110-100003631,11110-100006747,0,서울특별시 종로구 신교동 6-25번지,101동,30,11110, ,21,철근콘크리트구조
58.63,10200, ,0006,20090326, ,1,전유,20,지상,4,0049, ,0,주건축물,02003,다세대주택,11110-11528,11110-46875,0,서울특별시 종로구 신교동 6-49번지,18B,31,11110, ,21,철근콘크리트구조
10.87,10200, ,0006,20090326,계단실,2,공용,40,각층,0,0049, ,0,주건축물,02003,다세대주택,11110-11528,11110-46876,0,서울특별시 종로구 신교동 6-49번지,18B,32,11110, ,21,철근콘크리트구조
21.06,10200, ,0006,20090326, ,1,전유,20,지상,2,0049, ,0,주건축물,02003,다세대주택,11110-11524,11110-46867,0,서울특별시 종로구 신교동 6-49번지,6A,33,11110, ,21,철근콘크리트구조
3.91,10200, ,0006,20090326,계단실,2,공용,40,각층,0,0049, ,0,주건축물,02003,다세대주택,11110-11524,11110-46868,0,서울특별시 종로구 신교동 6-49번지,6A,34,11110, ,21,철근콘크리트구조
59.4,10200, ,0006,20090326, ,1,전유,20,지상,2,0049, ,0,주건축물,02003,다세대주택,11110-11525,11110-46869,0,서울특별시 종로구 신교동 6-49번지,18A,35,11110, ,21,철근콘크리트구조
11.01,10200, ,0006,20090326,계단실,2,공용,40,각층,0,0049, ,0,주건축물,02003,다세대주택,11110-11525,11110-46870,0,서울특별시 종로구 신교동 6-49번지,18A,36,11110, ,21,철근콘크리트구조
21.06,10200, ,0006,20090326, ,1,전유,20,지상,3,0049, ,0,주건축물,02003,다세대주택,11110-11526,11110-46871,0,서울특별시 종로구 신교동 6-49번지,6A,37,11110, ,21,철근콘크리트구조
3.91,10200, ,0006,20090326,계단실,2,공용,40,각층,0,0049, ,0,주건축물,02003,다세대주택,11110-11526,11110-46872,0,서울특별시 종로구 신교동 6-49번지,6A,38,11110, ,21,철근콘크리트구조
24.21,10200, ,0006,20090326, ,1,전유,20,지상,1,0049, ,0,주건축물,02003,다세대주택,11110-11523,11110-46865,0,서울특별시 종로구 신교동 6-49번지,7A,39,11110, ,21,철근콘크리트구조
4.49,10200, ,0006,20090326,계단실,2,공용,40,각층,0,0049, ,0,주건축물,02003,다세대주택,11110-11523,11110-46866,0,서울특별시 종로구 신교동 6-49번지,7A,40,11110, ,21,철근콘크리트구조
59.4,10200, ,0006,20090326, ,1,전유,20,지상,3,0049, ,0,주건축물,02003,다세대주택,11110-11527,11110-46873,0,서울특별시 종로구 신교동 6-49번지,18A,41,11110, ,21,철근콘크리트구조
11.01,10200, ,0006,20090326,계단실,2,공용,40,각층,0,0049, ,0,주건축물,02003,다세대주택,11110-11527,11110-46874,0,서울특별시 종로구 신교동 6-49번지,18A,42,11110, ,21,철근콘크리트구조
60.82,10200, ,0006,20131010, ,1,전유,20,지상,1,0053, ,0,주건축물,02003,다세대주택,11110-12033,11110-48514,0,서울특별시 종로구 신교동 6-53번지,26A,43,11110, ,21,철근콘크리트구조
19.89,10200, ,0006,20131010,주차장,2,공용,20,지상,1,0053, ,0,주건축물,02003,다세대주택,11110-12033,11110-48515,0,서울특별시 종로구 신교동 6-53번지,26A,44,11110, ,21,철근콘크리트구조
6.17,10200, ,0006,20131010,계단실,2,공용,20,지상,1,0053, ,0,주건축물,02003,다세대주택,11110-12033,11110-48516,0,서울특별시 종로구 신교동 6-53번지,26A,45,11110, ,21,철근콘크리트구조
60.82,10200, ,0006,20131010, ,1,전유,20,지상,2,0053, ,0,주건축물,02003,다세대주택,11110-12033,11110-48517,0,서울특별시 종로구 신교동 6-53번지,26A,46,11110, ,21,철근콘크리트구조
19.89,10200, ,0006,20131010,주차장,2,공용,20,지상,1,0053, ,0,주건축물,02003,다세대주택,11110-12033,11110-48518,0,서울특별시 종로구 신교동 6-53번지,26A,47,11110, ,21,철근콘크리트구조
6.17,10200, ,0006,20131010,계단실,2,공용,20,지상,1,0053, ,0,주건축물,02003,다세대주택,11110-12033,11110-48519,0,서울특별시 종로구 신교동 6-53번지,26A,48,11110, ,21,철근콘크리트구조
60.82,10200, ,0006,20131010, ,1,전유,20,지상,3,0053, ,0,주건축물,02003,다세대주택,11110-12033,11110-48520,0,서울특별시 종로구 신교동 6-53번지,26A,49,11110, ,21,철근콘크리트구조
19.89,10200, ,0006,20131010,주차장,2,공용,20,지상,1,0053, ,0,주건축물,02003,다세대주택,11110-12033,11110-48521,0,서울특별시 종로구 신교동 6-53번지,26A,50,11110, ,21,철근콘크리트구조
6.17,10200, ,0006,20131010,계단실,2,공용,20,지상,1,0053, ,0,주건축물,02003,다세대주택,11110-12033,11110-48522,0,서울특별시 종로구 신교동 6-53번지,26A,51,11110, ,21,철근콘크리트구조
64.83,10200, ,0006,20131010, ,1,전유,20,지상,1,0053, ,0,주건축물,02003,다세대주택,11110-12040,11110-48580,0,서울특별시 종로구 신교동 6-53번지,28B,52,11110, ,21,철근콘크리트구조
21.2,10200, ,0006,20131010,주차장,2,공용,20,지상,4,0053, ,0,주건축물,02003,다세대주택,11110-12040,11110-48581,0,서울특별시 종로구 신교동 6-53번지,28B,53,11110, ,21,철근콘크리트구조
6.58,10200, ,0006,20131010,계단실,2,공용,20,지상,4,0053, ,0,주건축물,02003,다세대주택,11110-12040,11110-48582,0,서울특별시 종로구 신교동 6-53번지,28B,54,11110, ,21,철근콘크리트구조
64.83,10200, ,0006,20131010, ,1,전유,20,지상,2,0053, ,0,주건축물,02003,다세대주택,11110-12040,11110-48583,0,서울특별시 종로구 신교동 6-53번지,28B,55,11110, ,21,철근콘크리트구조
21.2,10200, ,0006,20131010,주차장,2,공용,20,지상,4,0053, ,0,주건축물,02003,다세대주택,11110-12040,11110-48584,0,서울특별시 종로구 신교동 6-53번지,28B,56,11110, ,21,철근콘크리트구조
6.58,10200, ,0006,20131010,계단실,2,공용,20,지상,4,0053, ,0,주건축물,02003,다세대주택,11110-12040,11110-48585,0,서울특별시 종로구 신교동 6-53번지,28B,57,11110, ,21,철근콘크리트구조
64.83,10200, ,0006,20131010, ,1,전유,20,지상,3,0053, ,0,주건축물,02003,다세대주택,11110-12040,11110-48586,0,서울특별시 종로구 신교동 6-53번지,28B,58,11110, ,21,철근콘크리트구조
21.2,10200, ,0006,20131010,주차장,2,공용,20,지상,4,0053, ,0,주건축물,02003,다세대주택,11110-12040,11110-48587,0,서울특별시 종로구 신교동 6-53번지,28B,59,11110, ,21,철근콘크리트구조
6.58,10200, ,0006,20131010,계단실,2,공용,20,지상,4,0053, ,0,주건축물,02003,다세대주택,11110-12040,11110-48588,0,서울특별시 종로구 신교동 6-53번지,28B,60,11110, ,21,철근콘크리트구조
64.83,10200, ,0006,20131010, ,1,전유,20,지상,4,0053, ,0,주건축물,02003,다세대주택,11110-12040,11110-48589,0,서울특별시 종로구 신교동 6-53번지,28B,61,11110, ,21,철근콘크리트구조
21.2,10200, ,0006,20131010,주차장,2,공용,20,지상,4,0053, ,0,주건축물,02003,다세대주택,11110-12040,11110-48590,0,서울특별시 종로구 신교동 6-53번지,28B,62,11110, ,21,철근콘크리트구조
6.58,10200, ,0006,20131010,계단실,2,공용,20,지상,4,0053, ,0,주건축물,02003,다세대주택,11110-12040,11110-48591,0,서울특별시 종로구 신교동 6-53번지,28B,63,11110, ,21,철근콘크리트구조
60.82,10200, ,0006,20131010, ,1,전유,20,지상,1,0053, ,0,주건축물,02003,다세대주택,11110-12037,11110-48556,0,서울특별시 종로구 신교동 6-53번지,26A,64,11110, ,21,철근콘크리트구조
19.89,10200, ,0006,20131010,주차장,2,공용,20,지상,3,0053, ,0,주건축물,02003,다세대주택,11110-12037,11110-48557,0,서울특별시 종로구 신교동 6-53번지,26A,65,11110, ,21,철근콘크리트구조
6.17,10200, ,0006,20131010,계단실,2,공용,20,지상,3,0053, ,0,주건축물,02003,다세대주택,11110-12037,11110-48558,0,서울특별시 종로구 신교동 6-53번지,26A,66,11110, ,21,철근콘크리트구조
60.82,10200, ,0006,20131010, ,1,전유,20,지상,2,0053, ,0,주건축물,02003,다세대주택,11110-12037,11110-48559,0,서울특별시 종로구 신교동 6-53번지,26A,67,11110, ,21,철근콘크리트구조
19.89,10200, ,0006,20131010,주차장,2,공용,20,지상,3,0053, ,0,주건축물,02003,다세대주택,11110-12037,11110-48560,0,서울특별시 종로구 신교동 6-53번지,26A,68,11110, ,21,철근콘크리트구조
6.17,10200, ,0006,20131010,계단실,2,공용,20,지상,3,0053, ,0,주건축물,02003,다세대주택,11110-12037,11110-48561,0,서울특별시 종로구 신교동 6-53번지,26A,69,11110, ,21,철근콘크리트구조
60.82,10200, ,0006,20131010, ,1,전유,20,지상,3,0053, ,0,주건축물,02003,다세대주택,11110-12037,11110-48562,0,서울특별시 종로구 신교동 6-53번지,26A,70,11110, ,21,철근콘크리트구조
19.89,10200, ,0006,20131010,주차장,2,공용,20,지상,3,0053, ,0,주건축물,02003,다세대주택,11110-12037,11110-48563,0,서울특별시 종로구 신교동 6-53번지,26A,71,11110, ,21,철근콘크리트구조
6.17,10200, ,0006,20131010,계단실,2,공용,20,지상,3,0053, ,0,주건축물,02003,다세대주택,11110-12037,11110-48564,0,서울특별시 종로구 신교동 6-53번지,26A,72,11110, ,21,철근콘크리트구조
64.83,10200, ,0006,20131010, ,1,전유,20,지상,1,0053, ,0,주건축물,02003,다세대주택,11110-12038,11110-48565,0,서울특별시 종로구 신교동 6-53번지,28B,73,11110, ,21,철근콘크리트구조
21.2,10200, ,0006,20131010,주차장,2,공용,20,지상,3,0053, ,0,주건축물,02003,다세대주택,11110-12038,11110-48566,0,서울특별시 종로구 신교동 6-53번지,28B,74,11110, ,21,철근콘크리트구조
6.58,10200, ,0006,20131010,계단실,2,공용,20,지상,3,0053, ,0,주건축물,02003,다세대주택,11110-12038,11110-48567,0,서울특별시 종로구 신교동 6-53번지,28B,75,11110, ,21,철근콘크리트구조
64.83,10200, ,0006,20131010, ,1,전유,20,지상,2,0053, ,0,주건축물,02003,다세대주택,11110-12038,11110-48568,0,서울특별시 종로구 신교동 6-53번지,28B,76,11110, ,21,철근콘크리트구조
21.2,10200, ,0006,20131010,주차장,2,공용,20,지상,3,0053, ,0,주건축물,02003,다세대주택,11110-12038,11110-48569,0,서울특별시 종로구 신교동 6-53번지,28B,77,11110, ,21,철근콘크리트구조
6.58,10200, ,0006,20131010,계단실,2,공용,20,지상,3,0053, ,0,주건축물,02003,다세대주택,11110-12038,11110-48570,0,서울특별시 종로구 신교동 6-53번지,28B,78,11110, ,21,철근콘크리트구조
64.83,10200, ,0006,20131010, ,1,전유,20,지상,3,0053, ,0,주건축물,02003,다세대주택,11110-12038,11110-48571,0,서울특별시 종로구 신교동 6-53번지,28B,79,11110, ,21,철근콘크리트구조
21.2,10200, ,0006,20131010,주차장,2,공용,20,지상,3,0053, ,0,주건축물,02003,다세대주택,11110-12038,11110-48572,0,서울특별시 종로구 신교동 6-53번지,28B,80,11110, ,21,철근콘크리트구조
6.58,10200, ,0006,20131010,계단실,2,공용,20,지상,3,0053, ,0,주건축물,02003,다세대주택,11110-12038,11110-48573,0,서울특별시 종로구 신교동 6-53번지,28B,81,11110, ,21,철근콘크리트구조
64.83,10200, ,0006,20131010, ,1,전유,20,지상,4,0053, ,0,주건축물,02003,다세대주택,11110-12038,11110-48574,0,서울특별시 종로구 신교동 6-53번지,28B,82,11110, ,21,철근콘크리트구조
21.2,10200, ,0006,20131010,주차장,2,공용,20,지상,3,0053, ,0,주건축물,02003,다세대주택,11110-12038,11110-48575,0,서울특별시 종로구 신교동 6-53번지,28B,83,11110, ,21,철근콘크리트구조
6.58,10200, ,0006,20131010,계단실,2,공용,20,지상,3,0053, ,0,주건축물,02003,다세대주택,11110-12038,11110-48576,0,서울특별시 종로구 신교동 6-53번지,28B,84,11110, ,21,철근콘크리트구조
51.16,10200, ,0006,20131010, ,1,전유,20,지상,4,0053, ,0,주건축물,02003,다세대주택,11110-12039,11110-48577,0,서울특별시 종로구 신교동 6-53번지,22C,85,11110, ,21,철근콘크리트구조
16.72,10200, ,0006,20131010,주차장,2,공용,20,지상,4,0053, ,0,주건축물,02003,다세대주택,11110-12039,11110-48578,0,서울특별시 종로구 신교동 6-53번지,22C,86,11110, ,21,철근콘크리트구조
5.17,10200, ,0006,20131010,계단실,2,공용,20,지상,4,0053, ,0,주건축물,02003,다세대주택,11110-12039,11110-48579,0,서울특별시 종로구 신교동 6-53번지,22C,87,11110, ,21,철근콘크리트구조
64.83,10200, ,0006,20131010, ,1,전유,20,지상,1,0053, ,0,주건축물,02003,다세대주택,11110-12036,11110-48544,0,서울특별시 종로구 신교동 6-53번지,28B,88,11110, ,21,철근콘크리트구조
21.2,10200, ,0006,20131010,주차장,2,공용,20,지상,2,0053, ,0,주건축물,02003,다세대주택,11110-12036,11110-48545,0,서울특별시 종로구 신교동 6-53번지,28B,89,11110, ,21,철근콘크리트구조
6.58,10200, ,0006,20131010,계단실,2,공용,20,지상,2,0053, ,0,주건축물,02003,다세대주택,11110-12036,11110-48546,0,서울특별시 종로구 신교동 6-53번지,28B,90,11110, ,21,철근콘크리트구조
64.83,10200, ,0006,20131010, ,1,전유,20,지상,2,0053, ,0,주건축물,02003,다세대주택,11110-12036,11110-48547,0,서울특별시 종로구 신교동 6-53번지,28B,91,11110, ,21,철근콘크리트구조
21.2,10200, ,0006,20131010,주차장,2,공용,20,지상,2,0053, ,0,주건축물,02003,다세대주택,11110-12036,11110-48548,0,서울특별시 종로구 신교동 6-53번지,28B,92,11110, ,21,철근콘크리트구조
6.58,10200, ,0006,20131010,계단실,2,공용,20,지상,2,0053, ,0,주건축물,02003,다세대주택,11110-12036,11110-48549,0,서울특별시 종로구 신교동 6-53번지,28B,93,11110, ,21,철근콘크리트구조
64.83,10200, ,0006,20131010, ,1,전유,20,지상,3,0053, ,0,주건축물,02003,다세대주택,11110-12036,11110-48550,0,서울특별시 종로구 신교동 6-53번지,28B,94,11110, ,21,철근콘크리트구조
21.2,10200, ,0006,20131010,주차장,2,공용,20,지상,2,0053, ,0,주건축물,02003,다세대주택,11110-12036,11110-48551,0,서울특별시 종로구 신교동 6-53번지,28B,95,11110, ,21,철근콘크리트구조
6.58,10200, ,0006,20131010,계단실,2,공용,20,지상,2,0053, ,0,주건축물,02003,다세대주택,11110-12036,11110-48552,0,서울특별시 종로구 신교동 6-53번지,28B,96,11110, ,21,철근콘크리트구조
64.83,10200, ,0006,20131010, ,1,전유,20,지상,4,0053, ,0,주건축물,02003,다세대주택,11110-12036,11110-48553,0,서울특별시 종로구 신교동 6-53번지,28B,97,11110, ,21,철근콘크리트구조
21.2,10200, ,0006,20131010,주차장,2,공용,20,지상,2,0053, ,0,주건축물,02003,다세대주택,11110-12036,11110-48554,0,서울특별시 종로구 신교동 6-53번지,28B,98,11110, ,21,철근콘크리트구조
6.58,10200, ,0006,20131010,계단실,2,공용,20,지상,2,0053, ,0,주건축물,02003,다세대주택,11110-12036,11110-48555,0,서울특별시 종로구 신교동 6-53번지,28B,99,11110, ,21,철근콘크리트구조
60.82,10200, ,0006,20131010, ,1,전유,20,지상,1,0053, ,0,주건축물,02003,다세대주택,11110-12035,11110-48535,0,서울특별시 종로구 신교동 6-53번지,26A,100,11110, ,21,철근콘크리트구조
19.89,10200, ,0006,20131010,주차장,2,공용,20,지상,2,0053, ,0,주건축물,02003,다세대주택,11110-12035,11110-48536,0,서울특별시 종로구 신교동 6-53번지,26A,101,11110, ,21,철근콘크리트구조
6.17,10200, ,0006,20131010,계단실,2,공용,20,지상,2,0053, ,0,주건축물,02003,다세대주택,11110-12035,11110-48537,0,서울특별시 종로구 신교동 6-53번지,26A,102,11110, ,21,철근콘크리트구조
60.82,10200, ,0006,20131010, ,1,전유,20,지상,2,0053, ,0,주건축물,02003,다세대주택,11110-12035,11110-48538,0,서울특별시 종로구 신교동 6-53번지,26A,103,11110, ,21,철근콘크리트구조
19.89,10200, ,0006,20131010,주차장,2,공용,20,지상,2,0053, ,0,주건축물,02003,다세대주택,11110-12035,11110-48539,0,서울특별시 종로구 신교동 6-53번지,26A,104,11110, ,21,철근콘크리트구조
6.17,10200, ,0006,20131010,계단실,2,공용,20,지상,2,0053, ,0,주건축물,02003,다세대주택,11110-12035,11110-48540,0,서울특별시 종로구 신교동 6-53번지,26A,105,11110, ,21,철근콘크리트구조
60.82,10200, ,0006,20131010, ,1,전유,20,지상,3,0053, ,0,주건축물,02003,다세대주택,11110-12035,11110-48541,0,서울특별시 종로구 신교동 6-53번지,26A,106,11110, ,21,철근콘크리트구조
19.89,10200, ,0006,20131010,주차장,2,공용,20,지상,2,0053, ,0,주건축물,02003,다세대주택,11110-12035,11110-48542,0,서울특별시 종로구 신교동 6-53번지,26A,107,11110, ,21,철근콘크리트구조
6.17,10200, ,0006,20131010,계단실,2,공용,20,지상,2,0053, ,0,주건축물,02003,다세대주택,11110-12035,11110-48543,0,서울특별시 종로구 신교동 6-53번지,26A,108,11110, ,21,철근콘크리트구조
64.83,10200, ,0006,20131010, ,1,전유,20,지상,1,0053, ,0,주건축물,02003,다세대주택,11110-12034,11110-48523,0,서울특별시 종로구 신교동 6-53번지,28B,109,11110, ,21,철근콘크리트구조
21.2,10200, ,0006,20131010,주차장,2,공용,20,지상,1,0053, ,0,주건축물,02003,다세대주택,11110-12034,11110-48524,0,서울특별시 종로구 신교동 6-53번지,28B,110,11110, ,21,철근콘크리트구조
6.58,10200, ,0006,20131010,계단실,2,공용,20,지상,1,0053, ,0,주건축물,02003,다세대주택,11110-12034,11110-48525,0,서울특별시 종로구 신교동 6-53번지,28B,111,11110, ,21,철근콘크리트구조
64.83,10200, ,0006,20131010, ,1,전유,20,지상,2,0053, ,0,주건축물,02003,다세대주택,11110-12034,11110-48526,0,서울특별시 종로구 신교동 6-53번지,28B,112,11110, ,21,철근콘크리트구조
21.2,10200, ,0006,20131010,주차장,2,공용,20,지상,1,0053, ,0,주건축물,02003,다세대주택,11110-12034,11110-48527,0,서울특별시 종로구 신교동 6-53번지,28B,113,11110, ,21,철근콘크리트구조
6.58,10200, ,0006,20131010,계단실,2,공용,20,지상,1,0053, ,0,주건축물,02003,다세대주택,11110-12034,11110-48528,0,서울특별시 종로구 신교동 6-53번지,28B,114,11110, ,21,철근콘크리트구조
64.83,10200, ,0006,20131010, ,1,전유,20,지상,3,0053, ,0,주건축물,02003,다세대주택,11110-12034,11110-48529,0,서울특별시 종로구 신교동 6-53번지,28B,115,11110, ,21,철근콘크리트구조
21.2,10200, ,0006,20131010,주차장,2,공용,20,지상,1,0053, ,0,주건축물,02003,다세대주택,11110-12034,11110-48530,0,서울특별시 종로구 신교동 6-53번지,28B,116,11110, ,21,철근콘크리트구조
6.58,10200, ,0006,20131010,계단실,2,공용,20,지상,1,0053, ,0,주건축물,02003,다세대주택,11110-12034,11110-48531,0,서울특별시 종로구 신교동 6-53번지,28B,117,11110, ,21,철근콘크리트구조
64.83,10200, ,0006,20131010, ,1,전유,20,지상,4,0053, ,0,주건축물,02003,다세대주택,11110-12034,11110-48532,0,서울특별시 종로구 신교동 6-53번지,28B,118,11110, ,21,철근콘크리트구조
21.2,10200, ,0006,20131010,주차장,2,공용,20,지상,1,0053, ,0,주건축물,02003,다세대주택,11110-12034,11110-48533,0,서울특별시 종로구 신교동 6-53번지,28B,119,11110, ,21,철근콘크리트구조
6.58,10200, ,0006,20131010,계단실,2,공용,20,지상,1,0053, ,0,주건축물,02003,다세대주택,11110-12034,11110-48534,0,서울특별시 종로구 신교동 6-53번지,28B,120,11110, ,21,철근콘크리트구조
52.14,10200, ,0006,20150331,다세대주택,1,전유,21,복수층(하층),0,0080, ,0,주건축물,02003,다세대주택,11110-100011163,11110-100027508,0,서울특별시 종로구 신교동 6-80번지,30B,121,11110, ,21,철근콘크리트구조
31.16,10200, ,0006,20150331,다세대주택,1,전유,22,복수층(상층),0,0080, ,0,주건축물,02003,다세대주택,11110-100011163,11110-100027509,0,서울특별시 종로구 신교동 6-80번지,30B,122,11110, ,21,철근콘크리트구조
13.16,10200, ,0006,20150331,계단실,2,공용,40,각층,0,0080, ,0,주건축물,02003,다세대주택,11110-100011163,11110-100027510,0,서울특별시 종로구 신교동 6-80번지,30B,123,11110, ,21,철근콘크리트구조
84.84,10200, ,0006,20150331,다세대주택,1,전유,20,지상,2,0080, ,0,주건축물,02003,다세대주택,11110-100011162,11110-100027506,0,서울특별시 종로구 신교동 6-80번지,30A,124,11110, ,21,철근콘크리트구조
13.16,10200, ,0006,20150331,계단실,2,공용,40,각층,0,0080, ,0,주건축물,02003,다세대주택,11110-100011162,11110-100027507,0,서울특별시 종로구 신교동 6-80번지,30A,125,11110, ,21,철근콘크리트구조
84.84,10200, ,0006,20150331,다세대주택,1,전유,20,지상,3,0080, ,0,주건축물,02003,다세대주택,11110-100011161,11110-100027504,0,서울특별시 종로구 신교동 6-80번지,30A,126,11110, ,21,철근콘크리트구조
13.16,10200, ,0006,20150331,계단실,2,공용,40,각층,0,0080, ,0,주건축물,02003,다세대주택,11110-100011161,11110-100027505,0,서울특별시 종로구 신교동 6-80번지,30A,127,11110, ,21,철근콘크리트구조
30.53,10200,12,0012,20131126, ,1,전유,20,지상,3,0000, ,0,주건축물,02003,다세대주택,11110-1596,11110-5730,0,서울특별시 종로구 신교동 12번지,11.12,128,11110,서울특별시 종로구 신교동,21,철근콘크리트구조
4.29,10200,12,0012,20131126,계단실,2,공용,40,각층,0,0000, ,0,주건축물,02005,부대시설,11110-1596,11110-5731,0,서울특별시 종로구 신교동 12번지,11.12,129,11110,서울특별시 종로구 신교동,21,철근콘크리트구조
1.87,10200,12,0012,20131126,복도,2,공용,40,각층,0,0000, ,0,주건축물,02005,부대시설,11110-1596,11110-5732,0,서울특별시 종로구 신교동 12번지,11.12,130,11110,서울특별시 종로구 신교동,21,철근콘크리트구조
30.53,10200,12,0012,20131126, ,1,전유,20,지상,2,0000, ,0,주건축물,02003,다세대주택,11110-1594,11110-5724,0,서울특별시 종로구 신교동 12번지,11.12,131,11110,서울특별시 종로구 신교동,21,철근콘크리트구조
4.29,10200,12,0012,20131126,계단실,2,공용,40,각층,0,0000, ,0,주건축물,02005,부대시설,11110-1594,11110-5725,0,서울특별시 종로구 신교동 12번지,11.12,132,11110,서울특별시 종로구 신교동,21,철근콘크리트구조
1.87,10200,12,0012,20131126,복도,2,공용,40,각층,0,0000, ,0,주건축물,02005,부대시설,11110-1594,11110-5726,0,서울특별시 종로구 신교동 12번지,11.12,133,11110,서울특별시 종로구 신교동,21,철근콘크리트구조
30.53,10200,12,0012,20131126, ,1,전유,20,지상,4,0000, ,0,주건축물,02003,다세대주택,11110-1598,11110-5736,0,서울특별시 종로구 신교동 12번지,11.12,134,11110,서울특별시 종로구 신교동,21,철근콘크리트구조
4.29,10200,12,0012,20131126,계단실,2,공용,40,각층,0,0000, ,0,주건축물,02005,부대시설,11110-1598,11110-5737,0,서울특별시 종로구 신교동 12번지,11.12,135,11110,서울특별시 종로구 신교동,21,철근콘크리트구조
1.87,10200,12,0012,20131126,복도,2,공용,40,각층,0,0000, ,0,주건축물,02005,부대시설,11110-1598,11110-5738,0,서울특별시 종로구 신교동 12번지,11.12,136,11110,서울특별시 종로구 신교동,21,철근콘크리트구조
30.53,10200,12,0012,20131126, ,1,전유,20,지상,5,0000, ,0,주건축물,02003,다세대주택,11110-1600,11110-5742,0,서울특별시 종로구 신교동 12번지,11.12,137,11110,서울특별시 종로구 신교동,21,철근콘크리트구조
4.29,10200,12,0012,20131126,계단실,2,공용,40,각층,0,0000, ,0,주건축물,02005,부대시설,11110-1600,11110-5743,0,서울특별시 종로구 신교동 12번지,11.12,138,11110,서울특별시 종로구 신교동,21,철근콘크리트구조
1.87,10200,12,0012,20131126,복도,2,공용,40,각층,0,0000, ,0,주건축물,02005,부대시설,11110-1600,11110-5744,0,서울특별시 종로구 신교동 12번지,11.12,139,11110,서울특별시 종로구 신교동,21,철근콘크리트구조
49.46,10200,12,0012,20131126, ,1,전유,20,지상,2,0000, ,0,주건축물,02003,다세대주택,11110-1595,11110-5727,0,서울특별시 종로구 신교동 12번지,18,140,11110,서울특별시 종로구 신교동,21,철근콘크리트구조
6.94,10200,12,0012,20131126,계단실,2,공용,40,각층,0,0000, ,0,주건축물,02005,부대시설,11110-1595,11110-5728,0,서울특별시 종로구 신교동 12번지,18,141,11110,서울특별시 종로구 신교동,21,철근콘크리트구조
3.02,10200,12,0012,20131126,복도,2,공용,40,각층,0,0000, ,0,주건축물,02005,부대시설,11110-1595,11110-5729,0,서울특별시 종로구 신교동 12번지,18,142,11110,서울특별시 종로구 신교동,21,철근콘크리트구조
49.46,10200,12,0012,20131126, ,1,전유,20,지상,3,0000, ,0,주건축물,02003,다세대주택,11110-1597,11110-5733,0,서울특별시 종로구 신교동 12번지,18,143,11110,서울특별시 종로구 신교동,21,철근콘크리트구조
6.94,10200,12,0012,20131126,계단실,2,공용,40,각층,0,0000, ,0,주건축물,02005,부대시설,11110-1597,11110-5734,0,서울특별시 종로구 신교동 12번지,18,144,11110,서울특별시 종로구 신교동,21,철근콘크리트구조
3.02,10200,12,0012,20131126,복도,2,공용,40,각층,0,0000, ,0,주건축물,02005,부대시설,11110-1597,11110-5735,0,서울특별시 종로구 신교동 12번지,18,145,11110,서울특별시 종로구 신교동,21,철근콘크리트구조
49.46,10200,12,0012,20131126, ,1,전유,20,지상,4,0000, ,0,주건축물,02003,다세대주택,11110-1599,11110-5739,0,서울특별시 종로구 신교동 12번지,18,146,11110,서울특별시 종로구 신교동,21,철근콘크리트구조
6.94,10200,12,0012,20131126,계단실,2,공용,40,각층,0,0000, ,0,주건축물,02005,부대시설,11110-1599,11110-5740,0,서울특별시 종로구 신교동 12번지,18,147,11110,서울특별시 종로구 신교동,21,철근콘크리트구조
3.02,10200,12,0012,20131126,복도,2,공용,40,각층,0,0000, ,0,주건축물,02005,부대시설,11110-1599,11110-5741,0,서울특별시 종로구 신교동 12번지,18,148,11110,서울특별시 종로구 신교동,21,철근콘크리트구조
49.46,10200,12,0012,20131126, ,1,전유,20,지상,5,0000, ,0,주건축물,02003,다세대주택,11110-1601,11110-5745,0,서울특별시 종로구 신교동 12번지,18,149,11110,서울특별시 종로구 신교동,21,철근콘크리트구조
6.94,10200,12,0012,20131126,계단실,2,공용,40,각층,0,0000, ,0,주건축물,02005,부대시설,11110-1601,11110-5746,0,서울특별시 종로구 신교동 12번지,18,150,11110,서울특별시 종로구 신교동,21,철근콘크리트구조
3.02,10200,12,0012,20131126,복도,2,공용,40,각층,0,0000, ,0,주건축물,02005,부대시설,11110-1601,11110-5747,0,서울특별시 종로구 신교동 12번지,18,151,11110,서울특별시 종로구 신교동,21,철근콘크리트구조
34.61,10200, ,0017,20140905,1세대,1,전유,20,지상,6,0006, ,0,주건축물,02003,다세대주택,11110-100009498,11110-100024533,0,서울특별시 종로구 신교동 17-6번지,a,152,11110, ,32,경량철골구조
9.5,10200, ,0017,20140905,계단실,2,공용,20,지상,6,0006, ,0,주건축물,02003,다세대주택,11110-100009498,11110-100024534,0,서울특별시 종로구 신교동 17-6번지,a,153,11110, ,21,철근콘크리트구조
57.77,10200, ,0017,20170524, ,1,전유,20,지상,2,0010, ,0,주건축물,02003,다세대주택,11110-100013689,11110-100034985,0,서울특별시 종로구 신교동 17-10번지,D,154,11110, ,21,철근콘크리트구조
6.9,10200, ,0017,20170524,계단실,2,공용,40,각층,0,0010, ,0,주건축물,02003,다세대주택,11110-100013689,11110-100034986,0,서울특별시 종로구 신교동 17-10번지,D,155,11110, ,21,철근콘크리트구조
58.05,10200, ,0017,20170524, ,1,전유,20,지상,3,0010, ,0,주건축물,02003,다세대주택,11110-100013693,11110-100034993,0,서울특별시 종로구 신교동 17-10번지,C,156,11110, ,21,철근콘크리트구조
6.93,10200, ,0017,20170524,계단실,2,공용,40,각층,0,0010, ,0,주건축물,02003,다세대주택,11110-100013693,11110-100034994,0,서울특별시 종로구 신교동 17-10번지,C,157,11110, ,21,철근콘크리트구조
53.56,10200, ,0017,20170524, ,1,전유,20,지상,4,0010, ,0,주건축물,02003,다세대주택,11110-100013692,11110-100034991,0,서울특별시 종로구 신교동 17-10번지,E,158,11110, ,21,철근콘크리트구조
6.4,10200, ,0017,20170524,계단실,2,공용,40,각층,0,0010, ,0,주건축물,02003,다세대주택,11110-100013692,11110-100034992,0,서울특별시 종로구 신교동 17-10번지,E,159,11110, ,21,철근콘크리트구조
58.05,10200, ,0017,20170524, ,1,전유,20,지상,2,0010, ,0,주건축물,02003,다세대주택,11110-100013690,11110-100034987,0,서울특별시 종로구 신교동 17-10번지,C,160,11110, ,21,철근콘크리트구조
6.93,10200, ,0017,20170524,계단실,2,공용,40,각층,0,0010, ,0,주건축물,02003,다세대주택,11110-100013690,11110-100034988,0,서울특별시 종로구 신교동 17-10번지,C,161,11110, ,21,철근콘크리트구조
55.63,10200, ,0017,20170524, ,1,전유,20,지상,4,0010, ,0,주건축물,02003,다세대주택,11110-100013691,11110-100034989,0,서울특별시 종로구 신교동 17-10번지,F,162,11110, ,21,철근콘크리트구조
6.65,10200, ,0017,20170524,계단실,2,공용,40,각층,0,0010, ,0,주건축물,02003,다세대주택,11110-100013691,11110-100034990,0,서울특별시 종로구 신교동 17-10번지,F,163,11110, ,21,철근콘크리트구조
57.77,10200, ,0017,20170524, ,1,전유,20,지상,3,0010, ,0,주건축물,02003,다세대주택,11110-100013688,11110-100034983,0,서울특별시 종로구 신교동 17-10번지,D,164,11110, ,21,철근콘크리트구조
6.9,10200, ,0017,20170524,계단실,2,공용,40,각층,0,0010, ,0,주건축물,02003,다세대주택,11110-100013688,11110-100034984,0,서울특별시 종로구 신교동 17-10번지,D,165,11110, ,21,철근콘크리트구조
59.12,10200, ,0017,20170524, ,1,전유,20,지상,3,0010, ,0,주건축물,02003,다세대주택,11110-100013686,11110-100034979,0,서울특별시 종로구 신교동 17-10번지,B,166,11110, ,21,철근콘크리트구조
7.07,10200, ,0017,20170524,계단실,2,공용,40,각층,0,0010, ,0,주건축물,02003,다세대주택,11110-100013686,11110-100034980,0,서울특별시 종로구 신교동 17-10번지,B,167,11110, ,21,철근콘크리트구조
59.12,10200, ,0017,20170524, ,1,전유,20,지상,2,0010, ,0,주건축물,02003,다세대주택,11110-100013687,11110-100034981,0,서울특별시 종로구 신교동 17-10번지,B,168,11110, ,21,철근콘크리트구조
7.07,10200, ,0017,20170524,계단실,2,공용,40,각층,0,0010, ,0,주건축물,02003,다세대주택,11110-100013687,11110-100034982,0,서울특별시 종로구 신교동 17-10번지,B,169,11110, ,21,철근콘크리트구조
58.05,10200, ,0017,20170524, ,1,전유,20,지상,4,0010, ,0,주건축물,02003,다세대주택,11110-100013695,11110-100034997,0,서울특별시 종로구 신교동 17-10번지,C,170,11110, ,21,철근콘크리트구조
6.93,10200, ,0017,20170524,계단실,2,공용,40,각층,0,0010, ,0,주건축물,02003,다세대주택,11110-100013695,11110-100034998,0,서울특별시 종로구 신교동 17-10번지,C,171,11110, ,21,철근콘크리트구조
59.95,10200, ,0017,20170524, ,1,전유,20,지상,1,0010, ,0,주건축물,02003,다세대주택,11110-100013694,11110-100034995,0,서울특별시 종로구 신교동 17-10번지,A,172,11110, ,21,철근콘크리트구조
7.16,10200, ,0017,20170524,계단실,2,공용,40,각층,0,0010, ,0,주건축물,02003,다세대주택,11110-100013694,11110-100034996,0,서울특별시 종로구 신교동 17-10번지,A,173,11110, ,21,철근콘크리트구조
38.16,10200, ,0017,20110723, ,1,전유,20,지상,1,0021, ,0,주건축물,02003,다세대주택,11110-20044,11110-87546,0,서울특별시 종로구 신교동 17-21번지,14.83b,174,11110, ,21,철근콘크리트구조
10.86,10200, ,0017,20110723,계단실,2,공용,40,각층,0,0021, ,0,주건축물,02003,다세대주택,11110-20044,11110-87547,0,서울특별시 종로구 신교동 17-21번지,14.83b,175,11110, ,21,철근콘크리트구조
38.16,10200, ,0017,20110723, ,1,전유,21,복수층(하층),4,0021, ,0,주건축물,02003,다세대주택,11110-20047,11110-87552,0,서울특별시 종로구 신교동 17-21번지,17.36a,176,11110, ,21,철근콘크리트구조
6.5,10200, ,0017,20110723, ,1,전유,22,복수층(상층),4,0021, ,0,주건축물,02003,다세대주택,11110-20047,11110-87553,0,서울특별시 종로구 신교동 17-21번지,17.36a,177,11110, ,21,철근콘크리트구조
12.72,10200, ,0017,20110723,계단실,2,공용,40,각층,0,0021, ,0,주건축물,02003,다세대주택,11110-20047,11110-87554,0,서울특별시 종로구 신교동 17-21번지,17.36a,178,11110, ,21,철근콘크리트구조
38.16,10200, ,0017,20110723, ,1,전유,20,지상,3,0021, ,0,주건축물,02003,다세대주택,11110-20046,11110-87550,0,서울특별시 종로구 신교동 17-21번지,14.83d,179,11110, ,21,철근콘크리트구조
10.86,10200, ,0017,20110723,계단실,2,공용,40,각층,0,0021, ,0,주건축물,02003,다세대주택,11110-20046,11110-87551,0,서울특별시 종로구 신교동 17-21번지,14.83d,180,11110, ,21,철근콘크리트구조
38.16,10200, ,0017,20110723, ,1,전유,20,지상,2,0021, ,0,주건축물,02003,다세대주택,11110-20045,11110-87548,0,서울특별시 종로구 신교동 17-21번지,14.83c,181,11110, ,21,철근콘크리트구조
10.86,10200, ,0017,20110723,계단실,2,공용,40,각층,0,0021, ,0,주건축물,02003,다세대주택,11110-20045,11110-87549,0,서울특별시 종로구 신교동 17-21번지,14.83c,182,11110, ,21,철근콘크리트구조
38.16,10200, ,0017,20110723, ,1,전유,10,지하,1,0021, ,0,주건축물,02003,다세대주택,11110-20043,11110-87544,0,서울특별시 종로구 신교동 17-21번지,14.83a,183,11110, ,21,철근콘크리트구조
10.86,10200, ,0017,20110723,계단실,2,공용,40,각층,0,0021, ,0,주건축물,02003,다세대주택,11110-20043,11110-87545,0,서울특별시 종로구 신교동 17-21번지,14.83a,184,11110, ,21,철근콘크리트구조
31.2,10200, ,0017,20100827, ,1,전유,20,지상,2,0044, ,0,주건축물,02003,다세대주택,11110-69,11110-475,0,서울특별시 종로구 신교동 17-44번지,9.44,185,11110, ,21,철근콘크리트구조
6.97,10200, ,0017,20100827,계단실,2,공용,40,각층,0,0044, ,0,주건축물,02003,다세대주택,11110-69,11110-476,0,서울특별시 종로구 신교동 17-44번지,9.44,186,11110, ,21,철근콘크리트구조
31.8,10200, ,0017,20100827, ,1,전유,20,지상,3,0044, ,0,주건축물,02003,다세대주택,11110-70,11110-477,0,서울특별시 종로구 신교동 17-44번지,9.62,187,11110, ,21,철근콘크리트구조
7.11,10200, ,0017,20100827,계단실,2,공용,40,각층,0,0044, ,0,주건축물,02003,다세대주택,11110-70,11110-478,0,서울특별시 종로구 신교동 17-44번지,9.62,188,11110, ,21,철근콘크리트구조
31.2,10200, ,0017,20100827, ,1,전유,20,지상,1,0044, ,0,주건축물,02003,다세대주택,11110-68,11110-473,0,서울특별시 종로구 신교동 17-44번지,9.44,189,11110, ,21,철근콘크리트구조
6.97,10200, ,0017,20100827,계단실,2,공용,40,각층,0,0044, ,0,주건축물,02003,다세대주택,11110-68,11110-474,0,서울특별시 종로구 신교동 17-44번지,9.44,190,11110, ,21,철근콘크리트구조
31.8,10200, ,0017,20100827, ,1,전유,20,지상,4,0044, ,0,주건축물,02003,다세대주택,11110-71,11110-479,0,서울특별시 종로구 신교동 17-44번지,9.62,191,11110, ,21,철근콘크리트구조
7.11,10200, ,0017,20100827,계단실,2,공용,40,각층,0,0044, ,0,주건축물,02003,다세대주택,11110-71,11110-480,0,서울특별시 종로구 신교동 17-44번지,9.62,192,11110, ,21,철근콘크리트구조
31.2,10200, ,0017,20100827, ,1,전유,20,지상,-1,0044, ,0,주건축물,02003,다세대주택,11110-67,11110-471,0,서울특별시 종로구 신교동 17-44번지,9.44,193,11110, ,21,철근콘크리트구조
6.97,10200, ,0017,20100827,계단실,2,공용,40,각층,0,0044, ,0,주건축물,02003,다세대주택,11110-67,11110-472,0,서울특별시 종로구 신교동 17-44번지,9.44,194,11110, ,21,철근콘크리트구조
32.21,10200, ,0017,20090326, ,1,전유,20,지상,1,0046, ,0,주건축물,02003,다세대주택,11110-19081,11110-84930,0,서울특별시 종로구 신교동 17-46번지,11.91,195,11110, ,21,철근콘크리트구조
7.17,10200, ,0017,20090326,계단실,2,공용,40,각층,0,0046, ,0,주건축물,02003,다세대주택,11110-19081,11110-84931,0,서울특별시 종로구 신교동 17-46번지,11.91,196,11110, ,21,철근콘크리트구조
34.12,10200, ,0017,20090326, ,1,전유,20,지상,3,0046, ,0,주건축물,02003,다세대주택,11110-19082,11110-84932,0,서울특별시 종로구 신교동 17-46번지,12.62,197,11110, ,21,철근콘크리트구조
7.59,10200, ,0017,20090326,계단실,2,공용,40,각층,0,0046, ,0,주건축물,02003,다세대주택,11110-19082,11110-84933,0,서울특별시 종로구 신교동 17-46번지,12.62,198,11110, ,21,철근콘크리트구조
97.5,10200, ,0059,20120831,학원,1,전유,20,지상,2,0000, ,0,주건축물,04010,학원,11110-100005416,11110-100010564,0,서울특별시 종로구 신교동 59번지,202,199,11110, ,21,철근콘크리트구조
116.79,10200, ,0059,20130417, ,1,전유,20,지상,2,0000, ,0,주건축물,03020,체육도장,11110-100006664,11110-100014976,0,서울특별시 종로구 신교동 59번지,201,200,11110, ,21,철근콘크리트구조
15.21,10200, ,0059,20130417,주차장,2,공용,20,지상,2,0000, ,0,주건축물,03020,체육도장,11110-100006664,11110-100014977,0,서울특별시 종로구 신교동 59번지,201,201,11110, ,21,철근콘크리트구조
27.58,10200, ,0059,20130417,"계단실, 화장실",2,공용,20,지상,2,0000, ,0,주건축물,03020,체육도장,11110-100006664,11110-100014978,0,서울특별시 종로구 신교동 59번지,201,202,11110, ,21,철근콘크리트구조
67.44,10200, ,0070,20131126, ,1,전유,20,지상,3,0001, ,0,주건축물,02003,다세대주택,11110-6385,11110-23488,0,서울특별시 종로구 신교동 70-1번지,24.14,203,11110, ,21,철근콘크리트구조
9.63,10200, ,0070,20131126,계단실,2,공용,40,각층,0,0001, ,0,주건축물,02003,다세대주택,11110-6385,11110-23489,0,서울특별시 종로구 신교동 70-1번지,24.14,204,11110, ,21,철근콘크리트구조
2.73,10200, ,0070,20131126,ELEV,2,공용,40,각층,0,0001, ,0,주건축물,02003,다세대주택,11110-6385,11110-23490,0,서울특별시 종로구 신교동 70-1번지,24.14,205,11110, ,21,철근콘크리트구조
74.67,10200, ,0070,20131126, ,1,전유,20,지상,3,0001, ,0,주건축물,02003,다세대주택,11110-6386,11110-23491,0,서울특별시 종로구 신교동 70-1번지,26.73,206,11110, ,21,철근콘크리트구조
10.67,10200, ,0070,20131126,계단실,2,공용,40,각층,0,0001, ,0,주건축물,02003,다세대주택,11110-6386,11110-23492,0,서울특별시 종로구 신교동 70-1번지,26.73,207,11110, ,21,철근콘크리트구조
3.02,10200, ,0070,20131126,ELEV,2,공용,40,각층,0,0001, ,0,주건축물,02003,다세대주택,11110-6386,11110-23493,0,서울특별시 종로구 신교동 70-1번지,26.73,208,11110, ,21,철근콘크리트구조
130.74,10200, ,0070,20131126, ,1,전유,20,지상,5,0001, ,0,주건축물,02003,다세대주택,11110-6389,11110-23500,0,서울특별시 종로구 신교동 70-1번지,46.80,209,11110, ,21,철근콘크리트구조
18.68,10200, ,0070,20131126,계단실,2,공용,40,각층,0,0001, ,0,주건축물,02003,다세대주택,11110-6389,11110-23501,0,서울특별시 종로구 신교동 70-1번지,46.80,210,11110, ,21,철근콘크리트구조
5.3,10200, ,0070,20131126,ELEV,2,공용,40,각층,0,0001, ,0,주건축물,02003,다세대주택,11110-6389,11110-23502,0,서울특별시 종로구 신교동 70-1번지,46.80,211,11110, ,21,철근콘크리트구조
74.67,10200, ,0070,20131126, ,1,전유,20,지상,4,0001, ,0,주건축물,02003,다세대주택,11110-6388,11110-23497,0,서울특별시 종로구 신교동 70-1번지,26.73,212,11110, ,21,철근콘크리트구조
10.67,10200, ,0070,20131126,계단실,2,공용,40,각층,0,0001, ,0,주건축물,02003,다세대주택,11110-6388,11110-23498,0,서울특별시 종로구 신교동 70-1번지,26.73,213,11110, ,21,철근콘크리트구조
3.02,10200, ,0070,20131126,ELEV,2,공용,40,각층,0,0001, ,0,주건축물,02003,다세대주택,11110-6388,11110-23499,0,서울특별시 종로구 신교동 70-1번지,26.73,214,11110, ,21,철근콘크리트구조
74.67,10200, ,0070,20131126, ,1,전유,20,지상,2,0001, ,0,주건축물,02003,다세대주택,11110-6384,11110-23485,0,서울특별시 종로구 신교동 70-1번지,26.73,215,11110, ,21,철근콘크리트구조
10.67,10200, ,0070,20131126,계단실,2,공용,40,각층,0,0001, ,0,주건축물,02003,다세대주택,11110-6384,11110-23486,0,서울특별시 종로구 신교동 70-1번지,26.73,216,11110, ,21,철근콘크리트구조
3.02,10200, ,0070,20131126,ELEV,2,공용,40,각층,0,0001, ,0,주건축물,02003,다세대주택,11110-6384,11110-23487,0,서울특별시 종로구 신교동 70-1번지,26.73,217,11110, ,21,철근콘크리트구조
67.44,10200, ,0070,20131126, ,1,전유,20,지상,2,0001, ,0,주건축물,02003,다세대주택,11110-6383,11110-23482,0,서울특별시 종로구 신교동 70-1번지,24.14,218,11110, ,21,철근콘크리트구조
9.63,10200, ,0070,20131126,계단실,2,공용,40,각층,0,0001, ,0,주건축물,02003,다세대주택,11110-6383,11110-23483,0,서울특별시 종로구 신교동 70-1번지,24.14,219,11110, ,21,철근콘크리트구조
2.73,10200, ,0070,20131126,ELEV,2,공용,40,각층,0,0001, ,0,주건축물,02003,다세대주택,11110-6383,11110-23484,0,서울특별시 종로구 신교동 70-1번지,24.14,220,11110, ,21,철근콘크리트구조
67.44,10200, ,0070,20131126, ,1,전유,20,지상,4,0001, ,0,주건축물,02003,다세대주택,11110-6387,11110-23494,0,서울특별시 종로구 신교동 70-1번지,24.14,221,11110, ,21,철근콘크리트구조
9.63,10200, ,0070,20131126,계단실,2,공용,40,각층,0,0001, ,0,주건축물,02003,다세대주택,11110-6387,11110-23495,0,서울특별시 종로구 신교동 70-1번지,24.14,222,11110, ,21,철근콘크리트구조
2.73,10200, ,0070,20131126,ELEV,2,공용,40,각층,0,0001, ,0,주건축물,02003,다세대주택,11110-6387,11110-23496,0,서울특별시 종로구 신교동 70-1번지,24.14,223,11110, ,21,철근콘크리트구조
