bjdongCd,block,bun,crtnDay,ji,jijiguCd,jijiguCdNm,jijiguGbCd,jijiguGbCdNm,jijiguNm,lot,mainDongGbCd,mainDongGbCdNm,mgmPmsrgstPk,platGbCd,platPlc,reprYn,rnum,sigunguCd,splotNm
10100, ,0004,20090326,0001,1021, ,1,용도지역코드,제1종일반주거지역, ,0,전체,11110-3306,0,서울특별시 종로구 청운동 4-1번지,1,1,11110, 
10100, ,0004,20090326,0001,411, ,2,용도지구코드,자연경관지구, ,0,전체,11110-3306,0,서울특별시 종로구 청운동 4-1번지,1,2,11110, 
10100, ,0004,20090326,0003,0100, ,1,용도지역코드,도시지역, ,0,전체,11110-3661,0,서울특별시 종로구 청운동 4-3번지,0,3,11110, 
10100, ,0004,20090326,0003,1021, ,1,용도지역코드,제1종일반주거지역, ,0,전체,11110-3661,0,서울특별시 종로구 청운동 4-3번지,1,4,11110, 
10100, ,0004,20090326,0003,411, ,2,용도지구코드,자연경관지구, ,0,전체,11110-3661,0,서울특별시 종로구 청운동 4-3번지,1,5,11110, 
10100, ,0004,20090326,0007,1020, ,1,용도지역코드,일반주거지역, ,0,전체,11110-284,0,서울특별시 종로구 청운동 4-7번지,1,6,11110, 
10100, ,0004,20090326,0007,200, ,2,용도지구코드,경치지구, ,0,전체,11110-284,0,서울특별시 종로구 청운동 4-7번지,1,7,11110, 
10100, ,0004,20140711,0014,1020, ,1,용도지역코드,일반주거지역, ,0,전체,11110-2334,0,서울특별시 종로구 청운동 4-14번지,1,8,11110, 
10100, ,0004,20140711,0014,411, ,2,용도지구코드,자연경관지구, ,0,전체,11110-2334,0,서울특별시 종로구 청운동 4-14번지,1,9,11110, 
10100, ,0005,20090326,0000,1021, ,1,용도지역코드,제1종일반주거지역, ,0,전체,11110-3487,0,서울특별시 종로구 청운동 5번지,1,10,11110, 
10100, ,0005,20090326,0000,411, ,2,용도지구코드,자연경관지구, ,0,전체,11110-3487,0,서울특별시 종로구 청운동 5번지,1,11,11110, 
10100, ,0005,20140315,0000,1021, ,1,용도지역코드,제1종일반주거지역, ,0,전체,11110-2926,0,서울특별시 종로구 청운동 5번지,1,12,11110, 
10100, ,0005,20140315,0000,0100, ,1,용도지역코드,도시지역, ,0,전체,11110-2926,0,서울특별시 종로구 청운동 5번지,0,13,11110, 
10100, ,0005,20140315,0000,411, ,2,용도지구코드,자연경관지구, ,0,전체,11110-2926,0,서울특별시 종로구 청운동 5번지,1,14,11110, 
10100, ,0006,20161221,0000,UQA121,제1종일반주거지역,1,용도지역코드,제1종일반주거지역, ,0,전체,11110-100023513,0,서울특별시 종로구 청운동 6번지,1,15,11110, 
10100, ,0006,20161221,0000,UQF110,자연경관지구,2,용도지구코드,자연경관지구, ,0,전체,11110-100023513,0,서울특별시 종로구 청운동 6번지,1,16,11110, 
10100, ,0007,20150708,0003,UQA430,자연녹지지역,1,용도지역코드,자연녹지지역, ,0,전체,11110-100023152,0,서울특별시 종로구 청운동 7-3번지,1,17,11110, 
10100, ,0007,20150708,0003,UQA001,도시지역,1,용도지역코드,도시지역, ,0,전체,11110-100023152,0,서울특별시 종로구 청운동 7-3번지,0,18,11110, 
10100, ,0007,20150708,0003,ZH0021, ,3,용도구역코드,문화재보존영향 검토대상구역, ,0,전체,11110-100023152,0,서울특별시 종로구 청운동 7-3번지,1,19,11110, 
10100, ,0007,20150708,0003,UMZ100,가축사육제한구역,3,용도구역코드,가축사육제한구역, ,0,전체,11110-100023152,0,서울특별시 종로구 청운동 7-3번지,0,20,11110, 
10100, ,0007,20150708,0003,UNA200, ,3,용도구역코드,대공방어 협조구역, ,0,전체,11110-100023152,0,서울특별시 종로구 청운동 7-3번지,0,21,11110, 
10100, ,0008,20170307,0004,0100, ,1,용도지역코드,도시지역, ,0,전체,11110-3771,0,서울특별시 종로구 청운동 8-4번지,0,22,11110, 
10100, ,0008,20170307,0004,1021, ,1,용도지역코드,제1종일반주거지역, ,0,전체,11110-3771,0,서울특별시 종로구 청운동 8-4번지,1,23,11110, 
10100, ,0012,20090326,0001,1021, ,1,용도지역코드,제1종일반주거지역, ,0,전체,11110-4885,0,서울특별시 종로구 청운동 12-1번지,1,24,11110, 
10100, ,0012,20090326,0001,411, ,2,용도지구코드,자연경관지구, ,0,전체,11110-4885,0,서울특별시 종로구 청운동 12-1번지,1,25,11110, 
10100, ,0012,20090326,0001,1021, ,1,용도지역코드,제1종일반주거지역, ,0,전체,11110-4883,0,서울특별시 종로구 청운동 12-1번지,1,26,11110, 
10100, ,0012,20090326,0001,411, ,2,용도지구코드,자연경관지구, ,0,전체,11110-4883,0,서울특별시 종로구 청운동 12-1번지,1,27,11110, 
10100, ,0012,20090326,0001,1021, ,1,용도지역코드,제1종일반주거지역, ,0,전체,11110-4882,0,서울특별시 종로구 청운동 12-1번지,1,28,11110, 
10100, ,0012,20090326,0001,411, ,2,용도지구코드,자연경관지구, ,0,전체,11110-4882,0,서울특별시 종로구 청운동 12-1번지,1,29,11110, 
10100, ,0012,20190109,0002,UQA001,도시지역,1,용도지역코드,도시지역, ,0,전체,11110-100030002,0,서울특별시 종로구 청운동 12-2번지,1,30,11110, 
10100, ,0012,20190109,0002,UQA121,제1종일반주거지역,1,용도지역코드,제1종일반주거지역, ,0,전체,11110-100030002,0,서울특별시 종로구 청운동 12-2번지,0,31,11110, 
10100, ,0012,20190109,0002,UQF110,자연경관지구,2,용도지구코드,자연경관지구, ,0,전체,11110-100030002,0,서울특별시 종로구 청운동 12-2번지,1,32,11110, 
10100, ,0012,20190329,0003,UQA001,도시지역,1,용도지역코드,도시지역, ,0,전체,11110-100034089,0,서울특별시 종로구 청운동 12-3번지,1,33,11110, 
10100, ,0012,20190329,0003,UQA121,제1종일반주거지역,1,용도지역코드,제1종일반주거지역, ,0,전체,11110-100034089,0,서울특별시 종로구 청운동 12-3번지,0,34,11110, 
10100, ,0012,20141210,0005,UQA121,제1종일반주거지역,1,용도지역코드,제1종일반주거지역, ,0,전체,11110-100021370,0,서울특별시 종로구 청운동 12-5번지,1,35,11110, 
10100, ,0012,20141210,0005,UQF110,자연경관지구,2,용도지구코드,자연경관지구, ,0,전체,11110-100021370,0,서울특별시 종로구 청운동 12-5번지,1,36,11110, 
10100, ,0015,20130618,0000,0100, ,1,용도지역코드,도시지역, ,0,전체,11110-1864,0,서울특별시 종로구 청운동 15번지,1,37,11110, 
10100, ,0015,20130618,0000,1020, ,1,용도지역코드,일반주거지역, ,0,전체,11110-1864,0,서울특별시 종로구 청운동 15번지,0,38,11110, 
10100, ,0015,20130618,0000,411, ,2,용도지구코드,자연경관지구, ,0,전체,11110-1864,0,서울특별시 종로구 청운동 15번지,1,39,11110, 
10100, ,0015,20130618,0007,0100, ,1,용도지역코드,도시지역, ,0,전체,11110-1561,0,서울특별시 종로구 청운동 15-7번지,0,40,11110, 
10100, ,0015,20130618,0007,1020, ,1,용도지역코드,일반주거지역, ,0,전체,11110-1561,0,서울특별시 종로구 청운동 15-7번지,1,41,11110, 
10100, ,0015,20130618,0007,990, ,2,용도지구코드,기타지구, ,0,전체,11110-1561,0,서울특별시 종로구 청운동 15-7번지,1,42,11110, 
10100, ,0015,20090326,0009,1020, ,1,용도지역코드,일반주거지역, ,0,전체,11110-2561,0,서울특별시 종로구 청운동 15-9번지,1,43,11110, 
10100, ,0015,20090326,0009,0100, ,1,용도지역코드,도시지역, ,0,전체,11110-2561,0,서울특별시 종로구 청운동 15-9번지,0,44,11110, 
10100, ,0015,20090326,0009,990, ,2,용도지구코드,기타지구, ,0,전체,11110-2561,0,서울특별시 종로구 청운동 15-9번지,1,45,11110, 
10100, ,0015,20180914,0012,UQA001,도시지역,1,용도지역코드,도시지역, ,0,전체,11110-100016889,0,서울특별시 종로구 청운동 15-12번지,1,46,11110, 
10100, ,0015,20180914,0012,UQA121,제1종일반주거지역,1,용도지역코드,제1종일반주거지역, ,0,전체,11110-100016889,0,서울특별시 종로구 청운동 15-12번지,0,47,11110, 
10100, ,0015,20180914,0012,UQF110,자연경관지구,2,용도지구코드,자연경관지구, ,0,전체,11110-100016889,0,서울특별시 종로구 청운동 15-12번지,1,48,11110, 
10100, ,0015,20180914,0012,UOA120,상대정화구역,3,용도구역코드,상대정화구역, ,0,전체,11110-100016889,0,서울특별시 종로구 청운동 15-12번지,1,49,11110, 
10100, ,0015,20111209,0014,1021, ,1,용도지역코드,제1종일반주거지역, ,0,전체,11110-100010771,0,서울특별시 종로구 청운동 15-14번지,1,50,11110, 
10100, ,0015,20111209,0014,0100, ,1,용도지역코드,도시지역, ,0,전체,11110-100011735,0,서울특별시 종로구 청운동 15-14번지,1,51,11110, 
10100, ,0015,20111209,0014,1021, ,1,용도지역코드,제1종일반주거지역, ,0,전체,11110-100011735,0,서울특별시 종로구 청운동 15-14번지,0,52,11110, 
10100, ,0015,20111209,0014,411, ,2,용도지구코드,자연경관지구, ,0,전체,11110-100011735,0,서울특별시 종로구 청운동 15-14번지,1,53,11110, 
10100, ,0015,20111209,0014,272, ,3,용도구역코드,상대정화구역, ,0,전체,11110-100011735,0,서울특별시 종로구 청운동 15-14번지,1,54,11110, 
10100, ,0015,20130618,0015,1022, ,1,용도지역코드,제2종일반주거지역, ,0,전체,11110-2463,0,서울특별시 종로구 청운동 15-15번지,1,55,11110, 
10100, ,0015,20130618,0015,411, ,2,용도지구코드,자연경관지구, ,0,전체,11110-2463,0,서울특별시 종로구 청운동 15-15번지,1,56,11110, 
10100, ,0015,20130618,0015,112, ,2,용도지구코드,최고고도지구, ,0,전체,11110-2463,0,서울특별시 종로구 청운동 15-15번지,0,57,11110, 
10100, ,0015,20111104,0017,0100, ,1,용도지역코드,도시지역, ,0,전체,11110-100011736,0,서울특별시 종로구 청운동 15-17번지,1,58,11110, 
10100, ,0015,20111104,0017,1021, ,1,용도지역코드,제1종일반주거지역, ,0,전체,11110-100011736,0,서울특별시 종로구 청운동 15-17번지,0,59,11110, 
10100, ,0015,20111104,0017,411, ,2,용도지구코드,자연경관지구, ,0,전체,11110-100011736,0,서울특별시 종로구 청운동 15-17번지,1,60,11110, 
10100, ,0015,20111104,0017,318, ,3,용도구역코드,대공방어협조구역, ,0,전체,11110-100011736,0,서울특별시 종로구 청운동 15-17번지,1,61,11110, 
10100, ,0015,20111104,0017,272, ,3,용도구역코드,상대정화구역, ,0,전체,11110-100011736,0,서울특별시 종로구 청운동 15-17번지,0,62,11110, 
10100, ,0015,20140318,0022,UQA001,도시지역,1,용도지역코드,도시지역, ,0,전체,11110-100018579,0,서울특별시 종로구 청운동 15-22번지,1,63,11110, 
10100, ,0015,20140318,0022,UQA121,제1종일반주거지역,1,용도지역코드,제1종일반주거지역, ,0,전체,11110-100018579,0,서울특별시 종로구 청운동 15-22번지,0,64,11110, 
10100, ,0015,20140318,0022,UQF110,자연경관지구,2,용도지구코드,자연경관지구, ,0,전체,11110-100018579,0,서울특별시 종로구 청운동 15-22번지,1,65,11110, 
10100, ,0015,20170301,0033,UQA121,제1종일반주거지역,1,용도지역코드,제1종일반주거지역, ,0,전체,11110-100027374,0,서울특별시 종로구 청운동 15-33번지,1,66,11110, 
10100, ,0015,20170301,0033,UQA001,도시지역,1,용도지역코드,도시지역, ,0,전체,11110-100027374,0,서울특별시 종로구 청운동 15-33번지,0,67,11110, 
10100, ,0015,20170301,0033,UQF110,자연경관지구,2,용도지구코드,자연경관지구, ,0,전체,11110-100027374,0,서울특별시 종로구 청운동 15-33번지,1,68,11110, 
10100, ,0015,20170301,0033,UOA120,상대정화구역,3,용도구역코드,상대정화구역, ,0,전체,11110-100027374,0,서울특별시 종로구 청운동 15-33번지,1,69,11110, 
10100, ,0015,20180420,0033,UQA121,제1종일반주거지역,1,용도지역코드,제1종일반주거지역, ,0,전체,11110-100025592,0,서울특별시 종로구 청운동 15-33번지,1,70,11110, 
10100, ,0015,20180420,0033,UQA001,도시지역,1,용도지역코드,도시지역, ,0,전체,11110-100025592,0,서울특별시 종로구 청운동 15-33번지,0,71,11110, 
10100, ,0015,20180420,0033,UQF110,자연경관지구,2,용도지구코드,자연경관지구, ,0,전체,11110-100025592,0,서울특별시 종로구 청운동 15-33번지,1,72,11110, 
10100, ,0015,20130727,0046,UQA001,도시지역,1,용도지역코드,도시지역, ,0,전체,11110-100016486,0,서울특별시 종로구 청운동 15-46번지,1,73,11110, 
10100, ,0015,20130727,0046,UQA121,제1종일반주거지역,1,용도지역코드,제1종일반주거지역, ,0,전체,11110-100016486,0,서울특별시 종로구 청운동 15-46번지,0,74,11110, 
10100, ,0015,20130727,0046,UQF110,자연경관지구,2,용도지구코드,자연경관지구, ,0,전체,11110-100016486,0,서울특별시 종로구 청운동 15-46번지,1,75,11110, 
10100, ,0015,20130727,0046,UOA120,상대정화구역,3,용도구역코드,상대정화구역, ,0,전체,11110-100016486,0,서울특별시 종로구 청운동 15-46번지,1,76,11110, 
10100, ,0015,20130727,0046,UNA200, ,3,용도구역코드,대공방어 협조구역, ,0,전체,11110-100016486,0,서울특별시 종로구 청운동 15-46번지,0,77,11110, 
10100, ,0015,20161207,0046,UQA001,도시지역,1,용도지역코드,도시지역, ,0,전체,11110-100023938,0,서울특별시 종로구 청운동 15-46번지,1,78,11110, 
10100, ,0015,20161207,0046,UQA121,제1종일반주거지역,1,용도지역코드,제1종일반주거지역, ,0,전체,11110-100023938,0,서울특별시 종로구 청운동 15-46번지,0,79,11110, 
10100, ,0015,20161207,0046,UQF110,자연경관지구,2,용도지구코드,자연경관지구, ,0,전체,11110-100023938,0,서울특별시 종로구 청운동 15-46번지,1,80,11110, 
10100, ,0015,20130618,0056,1020, ,1,용도지역코드,일반주거지역, ,0,전체,11110-929,0,서울특별시 종로구 청운동 15-56번지,1,81,11110, 
10100, ,0030,20140711,0001,1021, ,1,용도지역코드,제1종일반주거지역, ,0,전체,11110-2469,0,서울특별시 종로구 청운동 30-1번지,1,82,11110, 
10100, ,0030,20140711,0001,300, ,2,용도지구코드,자연환경지구, ,0,전체,11110-2469,0,서울특별시 종로구 청운동 30-1번지,1,83,11110, 
10100, ,0030,20170908,0013,UQA001,도시지역,1,용도지역코드,도시지역, ,0,전체,11110-100024216,0,서울특별시 종로구 청운동 30-13번지,1,84,11110, 
10100, ,0030,20170908,0013,UQA121,제1종일반주거지역,1,용도지역코드,제1종일반주거지역, ,0,전체,11110-100024216,0,서울특별시 종로구 청운동 30-13번지,0,85,11110, 
10100, ,0030,20170908,0013,UQF110,자연경관지구,2,용도지구코드,자연경관지구, ,0,전체,11110-100024216,0,서울특별시 종로구 청운동 30-13번지,1,86,11110, 
10100, ,0030,20170908,0013,UOA120,상대정화구역,3,용도구역코드,상대정화구역, ,0,전체,11110-100024216,0,서울특별시 종로구 청운동 30-13번지,1,87,11110, 
10100, ,0030,20171020,0013,UQA121,제1종일반주거지역,1,용도지역코드,제1종일반주거지역, , , ,11110-100029175,0,서울특별시 종로구 청운동 30-13번지,0,88,11110, 
10100, ,0030,20171020,0013,UQA01X, ,1,용도지역코드,도시지역, ,0,전체,11110-100029175,0,서울특별시 종로구 청운동 30-13번지,1,89,11110, 
10100, ,0030,20171020,0013,UQF110,자연경관지구,2,용도지구코드,자연경관지구, ,0,전체,11110-100029175,0,서울특별시 종로구 청운동 30-13번지,1,90,11110, 
10100, ,0030,20171020,0013,UOA120,상대정화구역,3,용도구역코드,상대보호구역, , , ,11110-100029175,0,서울특별시 종로구 청운동 30-13번지,0,91,11110, 
10100, ,0030,20171020,0013,ZQ0001,중점경관관리구역,3,용도구역코드,중점경관관리구역, ,0,전체,11110-100029175,0,서울특별시 종로구 청운동 30-13번지,1,92,11110, 
10100, ,0030,20180519,0015,UQA121,제1종일반주거지역,1,용도지역코드,제1종일반주거지역, ,0,전체,11110-100027079,0,서울특별시 종로구 청운동 30-15번지,1,93,11110, 
10100, ,0030,20180519,0015,UQA001,도시지역,1,용도지역코드,도시지역, ,0,전체,11110-100027079,0,서울특별시 종로구 청운동 30-15번지,0,94,11110, 
10100, ,0030,20180519,0015,UQF110,자연경관지구,2,용도지구코드,자연경관지구, ,0,전체,11110-100027079,0,서울특별시 종로구 청운동 30-15번지,1,95,11110, 
10100, ,0039,20140327,0006,1020, ,1,용도지역코드,일반주거지역, ,0,전체,11110-1827,0,서울특별시 종로구 청운동 39-6번지,1,96,11110, 
10100, ,0039,20140327,0006,200, ,2,용도지구코드,경치지구, ,0,전체,11110-1827,0,서울특별시 종로구 청운동 39-6번지,1,97,11110, 
10100, ,0040,20090326,0003,1020, ,1,용도지역코드,일반주거지역, ,0,전체,11110-1032,0,서울특별시 종로구 청운동 40-3번지,1,98,11110, 
10100, ,0040,20090326,0003,990, ,2,용도지구코드,기타지구, ,0,전체,11110-1032,0,서울특별시 종로구 청운동 40-3번지,1,99,11110, 
10100, ,0040,20140206,0003,1020, ,1,용도지역코드,일반주거지역, ,0,전체,11110-1758,0,서울특별시 종로구 청운동 40-3번지,1,100,11110, 
10100, ,0040,20140206,0003,200, ,2,용도지구코드,경치지구, ,0,전체,11110-1758,0,서울특별시 종로구 청운동 40-3번지,1,101,11110, 
10100, ,0040,20180914,0003,UQA001,도시지역,1,용도지역코드,도시지역, ,0,전체,11110-100019422,0,서울특별시 종로구 청운동 40-3번지,1,102,11110, 
10100, ,0040,20180914,0003,UQA121,제1종일반주거지역,1,용도지역코드,제1종일반주거지역, ,0,전체,11110-100019422,0,서울특별시 종로구 청운동 40-3번지,0,103,11110, 
10100, ,0040,20180914,0003,UQF110,자연경관지구,2,용도지구코드,자연경관지구, ,0,전체,11110-100019422,0,서울특별시 종로구 청운동 40-3번지,1,104,11110, 
10100, ,0048,20150730,0000,UQA121,제1종일반주거지역,1,용도지역코드,제1종일반주거지역, ,0,전체,11110-100023269,0,서울특별시 종로구 청운동 48번지,1,105,11110, 
10100, ,0048,20150730,0000,UQF110,자연경관지구,2,용도지구코드,자연경관지구, ,0,전체,11110-100023269,0,서울특별시 종로구 청운동 48번지,1,106,11110, 
10100, ,0049,20170524,0002,UQA121,제1종일반주거지역,1,용도지역코드,제1종일반주거지역, ,0,전체,11110-100024571,0,서울특별시 종로구 청운동 49-2번지,1,107,11110, 
10100, ,0049,20170524,0002,UQA122,제2종일반주거지역,1,용도지역코드,제2종일반주거지역, ,0,전체,11110-100024571,0,서울특별시 종로구 청운동 49-2번지,0,108,11110, 
10100, ,0049,20170524,0002,UQF110,자연경관지구,2,용도지구코드,자연경관지구, ,0,전체,11110-100024571,0,서울특별시 종로구 청운동 49-2번지,1,109,11110, 
10100, ,0050,20170421,0006,UQA001,도시지역,1,용도지역코드,도시지역, ,0,전체,11110-100025737,0,서울특별시 종로구 청운동 50-6번지,1,110,11110, 
10100, ,0050,20170421,0006,UQA122,제2종일반주거지역,1,용도지역코드,제2종일반주거지역, ,0,전체,11110-100025737,0,서울특별시 종로구 청운동 50-6번지,0,111,11110, 
10100, ,0050,20170421,0006,UQH110,최고고도지구,2,용도지구코드,최고고도지구, ,0,전체,11110-100025737,0,서울특별시 종로구 청운동 50-6번지,1,112,11110, 
10100, ,0050,20170421,0006,UOA120,상대정화구역,3,용도구역코드,상대정화구역, ,0,전체,11110-100025737,0,서울특별시 종로구 청운동 50-6번지,1,113,11110, 
10100, ,0050,20170421,0006,UOA110,절대정화구역,3,용도구역코드,절대정화구역, ,0,전체,11110-100025737,0,서울특별시 종로구 청운동 50-6번지,0,114,11110, 
10100, ,0050,20131206,0010,1020, ,1,용도지역코드,일반주거지역, ,0,전체,11110-1020,0,서울특별시 종로구 청운동 50-10번지,1,115,11110, 
10100, ,0050,20131206,0010,112, ,2,용도지구코드,최고고도지구, ,0,전체,11110-1020,0,서울특별시 종로구 청운동 50-10번지,1,116,11110, 
10100, ,0050,20190213,0030,UQA122,제2종일반주거지역,1,용도지역코드,제2종일반주거지역, ,0,전체,11110-100024762,0,서울특별시 종로구 청운동 50-30번지,1,117,11110, 
10100, ,0050,20190213,0030,UQH110,최고고도지구,2,용도지구코드,최고고도지구, ,0,전체,11110-100024762,0,서울특별시 종로구 청운동 50-30번지,1,118,11110, 
10100, ,0050,20170722,0040,UQA001,도시지역,1,용도지역코드,도시지역, ,0,전체,11110-100025972,0,서울특별시 종로구 청운동 50-40번지,1,119,11110, 
10100, ,0050,20170722,0040,UQA121,제1종일반주거지역,1,용도지역코드,제1종일반주거지역, ,0,전체,11110-100025972,0,서울특별시 종로구 청운동 50-40번지,0,120,11110, 
10100, ,0050,20170722,0040,UQF110,자연경관지구,2,용도지구코드,자연경관지구, ,0,전체,11110-100025972,0,서울특별시 종로구 청운동 50-40번지,1,121,11110, 
10100, ,0050,20150903,0062,UQA001,도시지역,1,용도지역코드,도시지역, ,0,전체,11110-100022515,0,서울특별시 종로구 청운동 50-62번지,1,122,11110, 
10100, ,0050,20150903,0062,UQA122,제2종일반주거지역,1,용도지역코드,제2종일반주거지역, ,0,전체,11110-100022515,0,서울특별시 종로구 청운동 50-62번지,0,123,11110, 
10100, ,0050,20150903,0062,UQH110,최고고도지구,2,용도지구코드,최고고도지구, ,0,전체,11110-100022515,0,서울특별시 종로구 청운동 50-62번지,1,124,11110, 
10100, ,0050,20150903,0062,UOA120,상대정화구역,3,용도구역코드,상대정화구역, ,0,전체,11110-100022515,0,서울특별시 종로구 청운동 50-62번지,1,125,11110, 
10100, ,0050,20150903,0062,UOA110,절대정화구역,3,용도구역코드,절대정화구역, ,0,전체,11110-100022515,0,서울특별시 종로구 청운동 50-62번지,0,126,11110, 
10100, ,0051,20130618,0005,0100, ,1,용도지역코드,도시지역, ,0,전체,11110-517,0,서울특별시 종로구 청운동 51-5번지,0,127,11110, 
10100, ,0051,20130618,0005,1020, ,1,용도지역코드,일반주거지역, ,0,전체,11110-517,0,서울특별시 종로구 청운동 51-5번지,1,128,11110, 
10100, ,0051,20130618,0005,112, ,2,용도지구코드,최고고도지구, ,0,전체,11110-517,0,서울특별시 종로구 청운동 51-5번지,1,129,11110, 
10100, ,0051,20130618,0005,0100, ,1,용도지역코드,도시지역, ,0,전체,11110-418,0,서울특별시 종로구 청운동 51-5번지,0,130,11110, 
10100, ,0051,20130618,0005,1020, ,1,용도지역코드,일반주거지역, ,0,전체,11110-418,0,서울특별시 종로구 청운동 51-5번지,1,131,11110, 
10100, ,0051,20130618,0005,112, ,2,용도지구코드,최고고도지구, ,0,전체,11110-418,0,서울특별시 종로구 청운동 51-5번지,1,132,11110, 
10100, ,0051,20130618,0005,990, ,3,용도구역코드,기타구역, ,0,전체,11110-418,0,서울특별시 종로구 청운동 51-5번지,1,133,11110, 
10100, ,0052,20160608,0002,UQA001,도시지역,1,용도지역코드,도시지역, ,0,전체,11110-100023810,0,서울특별시 종로구 청운동 52-2번지,1,134,11110, 
10100, ,0052,20160608,0002,UQA122,제2종일반주거지역,1,용도지역코드,제2종일반주거지역, ,0,전체,11110-100023810,0,서울특별시 종로구 청운동 52-2번지,0,135,11110, 
10100, ,0052,20160608,0002,UQH110,최고고도지구,2,용도지구코드,최고고도지구, ,0,전체,11110-100023810,0,서울특별시 종로구 청운동 52-2번지,1,136,11110, 
10100, ,0052,20160608,0002,UOA120,상대정화구역,3,용도구역코드,상대정화구역, ,0,전체,11110-100023810,0,서울특별시 종로구 청운동 52-2번지,1,137,11110, 
10100, ,0052,20160608,0002,UOA110,절대정화구역,3,용도구역코드,절대정화구역, ,0,전체,11110-100023810,0,서울특별시 종로구 청운동 52-2번지,0,138,11110, 
10100, ,0052,20101123,0005,0100, ,1,용도지역코드,도시지역, ,0,전체,11110-100011904,0,서울특별시 종로구 청운동 52-5번지,1,139,11110, 
10100, ,0052,20101123,0005,1022, ,1,용도지역코드,제2종일반주거지역, ,0,전체,11110-100011904,0,서울특별시 종로구 청운동 52-5번지,0,140,11110, 
10100, ,0052,20101123,0005,112, ,2,용도지구코드,최고고도지구, ,0,전체,11110-100011904,0,서울특별시 종로구 청운동 52-5번지,1,141,11110, 
10100, ,0052,20141001,0005,UQA122,제2종일반주거지역,1,용도지역코드,제2종일반주거지역, ,0,전체,11110-100020788,0,서울특별시 종로구 청운동 52-5번지,1,142,11110, 
10100, ,0052,20141001,0005,UQH110,최고고도지구,2,용도지구코드,최고고도지구, ,0,전체,11110-100020788,0,서울특별시 종로구 청운동 52-5번지,1,143,11110, 
10100, ,0052,20090326,0006,1020, ,1,용도지역코드,일반주거지역, ,0,전체,11110-794,0,서울특별시 종로구 청운동 52-6번지,1,144,11110, 
10100, ,0052,20090326,0006,112, ,2,용도지구코드,최고고도지구, ,0,전체,11110-794,0,서울특별시 종로구 청운동 52-6번지,1,145,11110, 
10100, ,0052,20130618,0010,1020, ,1,용도지역코드,일반주거지역, ,0,전체,11110-472,0,서울특별시 종로구 청운동 52-10번지,1,146,11110, 
10100, ,0052,20130618,0010,200, ,2,용도지구코드,경치지구, ,0,전체,11110-472,0,서울특별시 종로구 청운동 52-10번지,1,147,11110, 
10100, ,0052,20100604,0015,1020, ,1,용도지역코드,일반주거지역, ,0,전체,11110-446,0,서울특별시 종로구 청운동 52-15번지,1,148,11110, 
10100, ,0052,20100604,0015,112, ,2,용도지구코드,최고고도지구, ,0,전체,11110-446,0,서울특별시 종로구 청운동 52-15번지,1,149,11110, 
10100, ,0052,20090326,0016,1020, ,1,용도지역코드,일반주거지역, ,0,전체,11110-2465,0,서울특별시 종로구 청운동 52-16번지,1,150,11110, 
10100, ,0052,20090326,0016,1022, ,1,용도지역코드,제2종일반주거지역, ,0,전체,11110-2465,0,서울특별시 종로구 청운동 52-16번지,0,151,11110, 
10100, ,0052,20090326,0016,990, ,2,용도지구코드,기타지구, ,0,전체,11110-2465,0,서울특별시 종로구 청운동 52-16번지,0,152,11110, 
10100, ,0052,20090326,0016,112, ,2,용도지구코드,최고고도지구, ,0,전체,11110-2465,0,서울특별시 종로구 청운동 52-16번지,1,153,11110, 
10100, ,0052,20090326,0018,1020, ,1,용도지역코드,일반주거지역, ,0,전체,11110-567,0,서울특별시 종로구 청운동 52-18번지,1,154,11110, 
10100, ,0052,20090326,0018,112, ,2,용도지구코드,최고고도지구, ,0,전체,11110-567,0,서울특별시 종로구 청운동 52-18번지,1,155,11110, 
10100, ,0052,20120204,0018,1020, ,1,용도지역코드,일반주거지역, ,0,전체,11110-467,0,서울특별시 종로구 청운동 52-18번지,1,156,11110, 
10100, ,0052,20120204,0018,112, ,2,용도지구코드,최고고도지구, ,0,전체,11110-467,0,서울특별시 종로구 청운동 52-18번지,1,157,11110, 
10100,52,0052,20090326,0023,1020, ,1,용도지역코드,일반주거지역,23,0,전체,11110-1080,0,서울특별시 종로구 청운동 52-23번지,1,158,11110,서울시 종로구 청운동
10100,52,0052,20090326,0023,300, ,2,용도지구코드,자연환경지구,23,0,전체,11110-1080,0,서울특별시 종로구 청운동 52-23번지,1,159,11110,서울시 종로구 청운동
10100, ,0052,20100112,0026,1021, ,1,용도지역코드,제1종일반주거지역, ,0,전체,11110-100008788,0,서울특별시 종로구 청운동 52-26번지,1,160,11110, 
10100, ,0052,20100112,0026,411, ,2,용도지구코드,자연경관지구, ,0,전체,11110-100008788,0,서울특별시 종로구 청운동 52-26번지,1,161,11110, 
10100, ,0052,20090326,0038,1020, ,1,용도지역코드,일반주거지역, ,0,전체,11110-869,0,서울특별시 종로구 청운동 52-38번지,1,162,11110, 
10100, ,0052,20090326,0038,112, ,2,용도지구코드,최고고도지구, ,0,전체,11110-869,0,서울특별시 종로구 청운동 52-38번지,1,163,11110, 
10100, ,0052,20091024,0042,1021, ,1,용도지역코드,제1종일반주거지역, ,0,전체,11110-100010883,0,서울특별시 종로구 청운동 52-42번지,1,164,11110, 
10100, ,0052,20091024,0042,411, ,2,용도지구코드,자연경관지구, ,0,전체,11110-100010883,0,서울특별시 종로구 청운동 52-42번지,1,165,11110, 
10100, ,0052,20090326,0051,0100, ,1,용도지역코드,도시지역, ,0,전체,11110-2556,0,서울특별시 종로구 청운동 52-51번지,1,166,11110, 
10100, ,0052,20090326,0051,1020, ,1,용도지역코드,일반주거지역, ,0,전체,11110-2556,0,서울특별시 종로구 청운동 52-51번지,0,167,11110, 
10100, ,0052,20090326,0051,200, ,2,용도지구코드,경치지구, ,0,전체,11110-2556,0,서울특별시 종로구 청운동 52-51번지,1,168,11110, 
10100, ,0052,20140902,0057,1021, ,1,용도지역코드,제1종일반주거지역, ,0,전체,11110-3380,0,서울특별시 종로구 청운동 52-57번지,1,169,11110, 
10100, ,0052,20140902,0057,411, ,2,용도지구코드,자연경관지구, ,0,전체,11110-3380,0,서울특별시 종로구 청운동 52-57번지,1,170,11110, 
10100, ,0052,20120731,0083,UQA001,도시지역,1,용도지역코드,도시지역, ,0,전체,11110-100015218,0,서울특별시 종로구 청운동 52-83번지,1,171,11110, 
10100, ,0052,20120731,0083,UQA121,제1종일반주거지역,1,용도지역코드,제1종일반주거지역, ,0,전체,11110-100015218,0,서울특별시 종로구 청운동 52-83번지,0,172,11110, 
10100, ,0052,20120731,0083,UQF110,자연경관지구,2,용도지구코드,자연경관지구, ,0,전체,11110-100015218,0,서울특별시 종로구 청운동 52-83번지,1,173,11110, 
10100, ,0052,20120731,0083,UOA120,상대정화구역,3,용도구역코드,상대정화구역, ,0,전체,11110-100015218,0,서울특별시 종로구 청운동 52-83번지,1,174,11110, 
10100, ,0052,20140710,0083,UQA121,제1종일반주거지역,1,용도지역코드,제1종일반주거지역, ,0,전체,11110-100020246,0,서울특별시 종로구 청운동 52-83번지,1,175,11110, 
10100, ,0052,20140710,0083,UQF110,자연경관지구,2,용도지구코드,자연경관지구, ,0,전체,11110-100020246,0,서울특별시 종로구 청운동 52-83번지,1,176,11110, 
10100, ,0052,20090326,0106,1021, ,1,용도지역코드,제1종일반주거지역, ,0,전체,11110-3856,0,서울특별시 종로구 청운동 52-106번지,1,177,11110, 
10100, ,0052,20090326,0106,990, ,2,용도지구코드,기타지구, ,0,전체,11110-3856,0,서울특별시 종로구 청운동 52-106번지,1,178,11110, 
10100, ,0052,20100818,0108,1020, ,1,용도지역코드,일반주거지역, ,0,전체,11110-674,0,서울특별시 종로구 청운동 52-108번지,1,179,11110, 
10100, ,0052,20190109,0127,UQA121,제1종일반주거지역,1,용도지역코드,제1종일반주거지역, ,0,전체,11110-100033809,0,서울특별시 종로구 청운동 52-127번지,1,180,11110, 
10100, ,0052,20190109,0127,UQF110,자연경관지구,2,용도지구코드,자연경관지구, ,0,전체,11110-100033809,0,서울특별시 종로구 청운동 52-127번지,1,181,11110, 
10100, ,0052,20190109,0127,UOA120,상대정화구역,3,용도구역코드,상대정화구역, ,0,전체,11110-100033809,0,서울특별시 종로구 청운동 52-127번지,1,182,11110, 
10100, ,0052,20190109,0127,ZQ0001,중점경관관리구역,3,용도구역코드,중점경관관리구역, ,0,전체,11110-100033809,0,서울특별시 종로구 청운동 52-127번지,0,183,11110, 
10100, ,0052,20190124,0128,UQA121,제1종일반주거지역,1,용도지역코드,제1종일반주거지역, ,0,전체,11110-100033810,0,서울특별시 종로구 청운동 52-128번지,1,184,11110, 
10100, ,0052,20190124,0128,UQF110,자연경관지구,2,용도지구코드,자연경관지구, ,0,전체,11110-100033810,0,서울특별시 종로구 청운동 52-128번지,1,185,11110, 
10100, ,0052,20190124,0128,ZQ0001,중점경관관리구역,3,용도구역코드,중점경관관리구역, ,0,전체,11110-100033810,0,서울특별시 종로구 청운동 52-128번지,1,186,11110, 
10100, ,0052,20190124,0128,UOA120,상대정화구역,3,용도구역코드,상대정화구역, ,0,전체,11110-100033810,0,서울특별시 종로구 청운동 52-128번지,0,187,11110, 
10100, ,0052,20190323,0131,UQA01X, ,1,용도지역코드,도시지역, ,0,전체,11110-100035831,0,서울특별시 종로구 청운동 52-131번지,1,188,11110, 
10100, ,0052,20190323,0131,UQA121,제1종일반주거지역,1,용도지역코드,제1종일반주거지역, ,0,전체,11110-100035831,0,서울특별시 종로구 청운동 52-131번지,0,189,11110, 
10100, ,0052,20190323,0131,UQF110,자연경관지구,2,용도지구코드,자연경관지구, ,0,전체,11110-100035831,0,서울특별시 종로구 청운동 52-131번지,1,190,11110, 
10100, ,0052,20190323,0131,ZQ0001,중점경관관리구역,3,용도구역코드,중점경관관리구역, ,0,전체,11110-100035831,0,서울특별시 종로구 청운동 52-131번지,1,191,11110, 
10100, ,0052,20190323,0131,UOA120,상대정화구역,3,용도구역코드,상대보호구역, ,0,전체,11110-100035831,0,서울특별시 종로구 청운동 52-131번지,0,192,11110, 
10100, ,0053,20180914,0003,UQA121,제1종일반주거지역,1,용도지역코드,제1종일반주거지역, ,0,전체,11110-100017312,0,서울특별시 종로구 청운동 53-3번지,1,193,11110, 
10100, ,0053,20180914,0003,UQF110,자연경관지구,2,용도지구코드,자연경관지구, ,0,전체,11110-100017312,0,서울특별시 종로구 청운동 53-3번지,1,194,11110, 
10100, ,0053,20130803,0008,UQA121,제1종일반주거지역,1,용도지역코드,제1종일반주거지역, ,0,전체,11110-100016882,0,서울특별시 종로구 청운동 53-8번지,1,195,11110, 
10100, ,0053,20130803,0008,UQF110,자연경관지구,2,용도지구코드,자연경관지구, ,0,전체,11110-100016882,0,서울특별시 종로구 청운동 53-8번지,1,196,11110, 
10100, ,0053,20141024,0008,1020, ,1,용도지역코드,일반주거지역, ,0,전체,11110-1081,0,서울특별시 종로구 청운동 53-8번지,1,197,11110, 
10100, ,0053,20141024,0008,200, ,2,용도지구코드,경치지구, ,0,전체,11110-1081,0,서울특별시 종로구 청운동 53-8번지,1,198,11110, 
10100, ,0053,20120425,0016,UQA121,제1종일반주거지역,1,용도지역코드,제1종일반주거지역, ,0,전체,11110-100013593,0,서울특별시 종로구 청운동 53-16번지,1,199,11110, 
10100, ,0053,20120425,0016,UQF110,자연경관지구,2,용도지구코드,자연경관지구, ,0,전체,11110-100013593,0,서울특별시 종로구 청운동 53-16번지,1,200,11110, 
10100, ,0053,20090326,0017,1021, ,1,용도지역코드,제1종일반주거지역, ,0,전체,11110-92,0,서울특별시 종로구 청운동 53-17번지,1,201,11110, 
10100, ,0053,20090326,0017,411, ,2,용도지구코드,자연경관지구, ,0,전체,11110-92,0,서울특별시 종로구 청운동 53-17번지,1,202,11110, 
10100, ,0053,20090326,0018,1021, ,1,용도지역코드,제1종일반주거지역, ,0,전체,11110-4107,0,서울특별시 종로구 청운동 53-18번지,1,203,11110, 
10100, ,0053,20090326,0018,411, ,2,용도지구코드,자연경관지구, ,0,전체,11110-4107,0,서울특별시 종로구 청운동 53-18번지,1,204,11110, 
10100, ,0053,20140117,0019,UQA121,제1종일반주거지역,1,용도지역코드,제1종일반주거지역, ,0,전체,11110-100018037,0,서울특별시 종로구 청운동 53-19번지,1,205,11110, 
10100, ,0053,20140117,0019,UQF110,자연경관지구,2,용도지구코드,자연경관지구, ,0,전체,11110-100018037,0,서울특별시 종로구 청운동 53-19번지,1,206,11110, 
10100, ,0053,20120229,0031,UQA121,제1종일반주거지역,1,용도지역코드,제1종일반주거지역, ,0,전체,11110-100013423,0,서울특별시 종로구 청운동 53-31번지,1,207,11110, 
10100, ,0053,20120229,0031,UQF110,자연경관지구,2,용도지구코드,자연경관지구, ,0,전체,11110-100013423,0,서울특별시 종로구 청운동 53-31번지,1,208,11110, 
10100, ,0053,20090326,0056,0100, ,1,용도지역코드,도시지역, ,0,전체,11110-2635,0,서울특별시 종로구 청운동 53-56번지,0,209,11110, 
10100, ,0053,20090326,0056,1020, ,1,용도지역코드,일반주거지역, ,0,전체,11110-2635,0,서울특별시 종로구 청운동 53-56번지,1,210,11110, 
10100, ,0053,20090326,0056,200, ,2,용도지구코드,경치지구, ,0,전체,11110-2635,0,서울특별시 종로구 청운동 53-56번지,1,211,11110, 
10100, ,0053,20090326,0057,1021, ,1,용도지역코드,제1종일반주거지역, ,0,전체,11110-4073,0,서울특별시 종로구 청운동 53-57번지,1,212,11110, 
10100, ,0053,20090326,0057,411, ,2,용도지구코드,자연경관지구, ,0,전체,11110-4073,0,서울특별시 종로구 청운동 53-57번지,1,213,11110, 
10100, ,0053,20130911,0060,UQA121,제1종일반주거지역,1,용도지역코드,제1종일반주거지역, ,0,전체,11110-100018204,0,서울특별시 종로구 청운동 53-60번지,1,214,11110, 
10100, ,0053,20130911,0060,UQF110,자연경관지구,2,용도지구코드,자연경관지구, ,0,전체,11110-100018204,0,서울특별시 종로구 청운동 53-60번지,1,215,11110, 
10100, ,0053,20131026,0060,UQA121,제1종일반주거지역,1,용도지역코드,제1종일반주거지역, ,0,전체,11110-100018469,0,서울특별시 종로구 청운동 53-60번지,1,216,11110, 
10100, ,0053,20131026,0060,UQF110,자연경관지구,2,용도지구코드,자연경관지구, ,0,전체,11110-100018469,0,서울특별시 종로구 청운동 53-60번지,1,217,11110, 
10100, ,0053,20150508,0060,UQA121,제1종일반주거지역,1,용도지역코드,제1종일반주거지역, ,0,전체,11110-100022710,0,서울특별시 종로구 청운동 53-60번지,1,218,11110, 
10100, ,0053,20150508,0060,UQF110,자연경관지구,2,용도지구코드,자연경관지구, ,0,전체,11110-100022710,0,서울특별시 종로구 청운동 53-60번지,1,219,11110, 
10100, ,0053,20180419,0060,UQA121,제1종일반주거지역,1,용도지역코드,제1종일반주거지역, ,0,전체,11110-100030423,0,서울특별시 종로구 청운동 53-60번지,1,220,11110, 
10100, ,0053,20180419,0060,UQF110,자연경관지구,2,용도지구코드,자연경관지구, ,0,전체,11110-100030423,0,서울특별시 종로구 청운동 53-60번지,1,221,11110, 
10100, ,0053,20090610,0078,1021, ,1,용도지역코드,제1종일반주거지역, ,0,전체,11110-100007235,0,서울특별시 종로구 청운동 53-78번지,1,222,11110, 
10100, ,0053,20090610,0078,411, ,2,용도지구코드,자연경관지구, ,0,전체,11110-100007235,0,서울특별시 종로구 청운동 53-78번지,1,223,11110, 
10100, ,0053,20140411,0083,1021, ,1,용도지역코드,제1종일반주거지역, ,0,전체,11110-4118,0,서울특별시 종로구 청운동 53-83번지,1,224,11110, 
10100, ,0053,20140411,0083,411, ,2,용도지구코드,자연경관지구, ,0,전체,11110-4118,0,서울특별시 종로구 청운동 53-83번지,1,225,11110, 
10100, ,0053,20141021,0088,UQA001,도시지역,1,용도지역코드,도시지역, ,0,전체,11110-100017623,0,서울특별시 종로구 청운동 53-88번지,1,226,11110, 
10100, ,0053,20141021,0088,UQA121,제1종일반주거지역,1,용도지역코드,제1종일반주거지역, ,0,전체,11110-100017623,0,서울특별시 종로구 청운동 53-88번지,0,227,11110, 
10100, ,0053,20141021,0088,UQF110,자연경관지구,2,용도지구코드,자연경관지구, ,0,전체,11110-100017623,0,서울특별시 종로구 청운동 53-88번지,1,228,11110, 
10100, ,0056,20090326,0001,1020, ,1,용도지역코드,일반주거지역, ,0,전체,11110-311,0,서울특별시 종로구 청운동 56-1번지,1,229,11110, 
10100, ,0056,20090326,0001,112, ,2,용도지구코드,최고고도지구, ,0,전체,11110-311,0,서울특별시 종로구 청운동 56-1번지,1,230,11110, 
10100, ,0056,20090326,0003,0100, ,1,용도지역코드,도시지역, ,0,전체,11110-4192,0,서울특별시 종로구 청운동 56-3번지,0,231,11110, 
10100, ,0056,20090326,0003,1021, ,1,용도지역코드,제1종일반주거지역, ,0,전체,11110-4192,0,서울특별시 종로구 청운동 56-3번지,1,232,11110, 
10100, ,0056,20150402,0004,1020, ,1,용도지역코드,일반주거지역, ,0,전체,11110-1954,0,서울특별시 종로구 청운동 56-4번지,1,233,11110, 
10100, ,0056,20150402,0004,990, ,2,용도지구코드,기타지구, ,0,전체,11110-1954,0,서울특별시 종로구 청운동 56-4번지,1,234,11110, 
10100, ,0056,20140517,0014,1021, ,1,용도지역코드,제1종일반주거지역, ,0,전체,11110-2857,0,서울특별시 종로구 청운동 56-14번지,1,235,11110, 
10100, ,0056,20140517,0014,300, ,2,용도지구코드,자연환경지구, ,0,전체,11110-2857,0,서울특별시 종로구 청운동 56-14번지,1,236,11110, 
10100, ,0056,20090326,0041,0100, ,1,용도지역코드,도시지역, ,0,전체,11110-3663,0,서울특별시 종로구 청운동 56-41번지,0,237,11110, 
10100, ,0056,20090326,0041,1021, ,1,용도지역코드,제1종일반주거지역, ,0,전체,11110-3663,0,서울특별시 종로구 청운동 56-41번지,1,238,11110, 
10100, ,0056,20130618,0042,0100, ,1,용도지역코드,도시지역, ,0,전체,11110-429,0,서울특별시 종로구 청운동 56-42번지,0,239,11110, 
10100, ,0056,20130618,0042,1020, ,1,용도지역코드,일반주거지역, ,0,전체,11110-429,0,서울특별시 종로구 청운동 56-42번지,1,240,11110, 
10100, ,0056,20171118,0044,UQA121,제1종일반주거지역,1,용도지역코드,제1종일반주거지역, ,0,전체,11110-100023469,0,서울특별시 종로구 청운동 56-44번지,1,241,11110, 
10100, ,0056,20171118,0044,UQA001,도시지역,1,용도지역코드,도시지역, ,0,전체,11110-100023469,0,서울특별시 종로구 청운동 56-44번지,0,242,11110, 
10100, ,0056,20090326,0048,1020, ,1,용도지역코드,일반주거지역, ,0,전체,11110-1658,0,서울특별시 종로구 청운동 56-48번지,1,243,11110, 
10100, ,0056,20140711,0049,1020, ,1,용도지역코드,일반주거지역, ,0,전체,11110-2363,0,서울특별시 종로구 청운동 56-49번지,1,244,11110, 
10100, ,0056,20140711,0049,1020, ,1,용도지역코드,일반주거지역, ,0,전체,11110-1861,0,서울특별시 종로구 청운동 56-49번지,1,245,11110, 
10100, ,0056,20100529,0060,1021, ,1,용도지역코드,제1종일반주거지역, ,0,전체,11110-100012046,0,서울특별시 종로구 청운동 56-60번지,1,246,11110, 
10100, ,0056,20100529,0060,411, ,2,용도지구코드,자연경관지구, ,0,전체,11110-100012046,0,서울특별시 종로구 청운동 56-60번지,1,247,11110, 
10100, ,0056,20150207,0070,0100, ,1,용도지역코드,도시지역, ,0,전체,11110-100011630,0,서울특별시 종로구 청운동 56-70번지,1,248,11110, 
10100, ,0056,20150207,0070,1021, ,1,용도지역코드,제1종일반주거지역, ,0,전체,11110-100011630,0,서울특별시 종로구 청운동 56-70번지,0,249,11110, 
10100, ,0056,20150207,0070,318, ,3,용도구역코드,대공방어협조구역, ,0,전체,11110-100011630,0,서울특별시 종로구 청운동 56-70번지,1,250,11110, 
10100, ,0056,20150207,0070,272, ,3,용도구역코드,상대정화구역, ,0,전체,11110-100011630,0,서울특별시 종로구 청운동 56-70번지,0,251,11110, 
10100, ,0056,20160629,0077,UQA001,도시지역,1,용도지역코드,도시지역, ,0,전체,11110-100023518,0,서울특별시 종로구 청운동 56-77번지,1,252,11110, 
10100, ,0056,20160629,0077,UQA121,제1종일반주거지역,1,용도지역코드,제1종일반주거지역, ,0,전체,11110-100023518,0,서울특별시 종로구 청운동 56-77번지,0,253,11110, 
10100, ,0056,20160629,0077,UQF110,자연경관지구,2,용도지구코드,자연경관지구, ,0,전체,11110-100023518,0,서울특별시 종로구 청운동 56-77번지,1,254,11110, 
10100, ,0057,20161108,0027,UQA121,제1종일반주거지역,1,용도지역코드,제1종일반주거지역, ,0,전체,11110-100024788,0,서울특별시 종로구 청운동 57-27번지,1,255,11110, 
10100, ,0057,20170603,0042,UQA121,제1종일반주거지역,1,용도지역코드,제1종일반주거지역, ,0,전체,11110-100025790,0,서울특별시 종로구 청운동 57-42번지,1,256,11110, 
10100, ,0057,20170603,0042,UOA110,절대정화구역,3,용도구역코드,절대정화구역, ,0,전체,11110-100025790,0,서울특별시 종로구 청운동 57-42번지,1,257,11110, 
10100,57,0057,20130618,0064,1020, ,1,용도지역코드,일반주거지역,64,0,전체,11110-1006,0,서울특별시 종로구 청운동 57-64번지,1,258,11110,서울시 종로구 청운동
10100,57,0057,20130618,0064,112, ,2,용도지구코드,최고고도지구,64,0,전체,11110-1006,0,서울특별시 종로구 청운동 57-64번지,1,259,11110,서울시 종로구 청운동
10100, ,0057,20150109,0064,UQA122,제2종일반주거지역,1,용도지역코드,제2종일반주거지역, ,0,전체,11110-100021666,0,서울특별시 종로구 청운동 57-64번지,1,260,11110, 
10100, ,0060,20090326,0000,1022, ,1,용도지역코드,제2종일반주거지역, ,0,전체,11110-100005957,0,서울특별시 종로구 청운동 60번지,1,261,11110, 
10100, ,0060,20090326,0000,112, ,2,용도지구코드,최고고도지구, ,0,전체,11110-100005957,0,서울특별시 종로구 청운동 60번지,1,262,11110, 
10100, ,0063,20190329,0000,UQA122,제2종일반주거지역,1,용도지역코드,제2종일반주거지역, ,0,전체,11110-100034531,0,서울특별시 종로구 청운동 63번지,1,263,11110, 
10100, ,0063,20190329,0000,UQH100,고도지구,2,용도지구코드,고도지구, ,0,전체,11110-100034531,0,서울특별시 종로구 청운동 63번지,1,264,11110, 
10100, ,0063,20190329,0000,ZQ0001,중점경관관리구역,3,용도구역코드,중점경관관리구역, ,0,전체,11110-100034531,0,서울특별시 종로구 청운동 63번지,1,265,11110, 
10100, ,0065,20180616,0000,UQA122,제2종일반주거지역,1,용도지역코드,제2종일반주거지역, ,0,전체,11110-100030046,0,서울특별시 종로구 청운동 65번지,1,266,11110, 
10100, ,0065,20180616,0000,UQA001,도시지역,1,용도지역코드,도시지역, ,0,전체,11110-100030046,0,서울특별시 종로구 청운동 65번지,0,267,11110, 
10100, ,0065,20180616,0000,UQH110,최고고도지구,2,용도지구코드,최고고도지구, ,0,전체,11110-100030046,0,서울특별시 종로구 청운동 65번지,1,268,11110, 
10100, ,0065,20180616,0000,ZQ0001,중점경관관리구역,3,용도구역코드,중점경관관리구역, ,0,전체,11110-100030046,0,서울특별시 종로구 청운동 65번지,1,269,11110, 
10100, ,0065,20180616,0000,UOA120,상대정화구역,3,용도구역코드,상대보호구역, ,0,전체,11110-100030046,0,서울특별시 종로구 청운동 65번지,0,270,11110, 
10100, ,0065,20190112,0000,UQA122,제2종일반주거지역,1,용도지역코드,제2종일반주거지역, ,0,전체,11110-100030967,0,서울특별시 종로구 청운동 65번지,1,271,11110, 
10100, ,0065,20190112,0000,UQA001,도시지역,1,용도지역코드,도시지역, ,0,전체,11110-100030967,0,서울특별시 종로구 청운동 65번지,0,272,11110, 
10100, ,0065,20190112,0000,UQH100,고도지구,2,용도지구코드,고도지구, ,0,전체,11110-100030967,0,서울특별시 종로구 청운동 65번지,1,273,11110, 
10100, ,0065,20190112,0000,ZQ0001,중점경관관리구역,3,용도구역코드,중점경관관리구역, ,0,전체,11110-100030967,0,서울특별시 종로구 청운동 65번지,1,274,11110, 
10100, ,0065,20190112,0000,UOA120,상대정화구역,3,용도구역코드,상대보호구역, ,0,전체,11110-100030967,0,서울특별시 종로구 청운동 65번지,0,275,11110, 
10100, ,0069,20090326,0000,1020, ,1,용도지역코드,일반주거지역, ,0,전체,11110-2051,0,서울특별시 종로구 청운동 69번지,1,276,11110, 
10100, ,0069,20090326,0000,112, ,2,용도지구코드,최고고도지구, ,0,전체,11110-2051,0,서울특별시 종로구 청운동 69번지,1,277,11110, 
10100, ,0071,20130221,0002,1020, ,1,용도지역코드,일반주거지역, ,0,전체,11110-810,0,서울특별시 종로구 청운동 71-2번지,1,278,11110, 
10100, ,0071,20130221,0002,112, ,2,용도지구코드,최고고도지구, ,0,전체,11110-810,0,서울특별시 종로구 청운동 71-2번지,1,279,11110, 
10100, ,0079,20090326,0002,1020, ,1,용도지역코드,일반주거지역, ,0,전체,11110-1790,0,서울특별시 종로구 청운동 79-2번지,1,280,11110, 
10100, ,0079,20170112,0002,UQA120,일반주거지역,1,용도지역코드,일반주거지역, ,0,전체,11110-100027082,0,서울특별시 종로구 청운동 79-2번지,1,281,11110, 
10100, ,0081,20180531,0001,UQA001,도시지역,1,용도지역코드,도시지역, ,0,전체,11110-100027370,0,서울특별시 종로구 청운동 81-1번지,1,282,11110, 
10100, ,0081,20180531,0001,UQA122,제2종일반주거지역,1,용도지역코드,제2종일반주거지역, ,0,전체,11110-100027370,0,서울특별시 종로구 청운동 81-1번지,0,283,11110, 
10100, ,0081,20180531,0001,UQH110,최고고도지구,2,용도지구코드,최고고도지구, ,0,전체,11110-100027370,0,서울특별시 종로구 청운동 81-1번지,1,284,11110, 
10100, ,0081,20180531,0001,ZQ0001,중점경관관리구역,3,용도구역코드,중점경관관리구역, ,0,전체,11110-100027370,0,서울특별시 종로구 청운동 81-1번지,1,285,11110, 
10100, ,0081,20180531,0001,UOA110,절대정화구역,3,용도구역코드,절대정화구역, ,0,전체,11110-100027370,0,서울특별시 종로구 청운동 81-1번지,0,286,11110, 
10100, ,0081,20180531,0001,UOA120,상대정화구역,3,용도구역코드,상대정화구역, ,0,전체,11110-100027370,0,서울특별시 종로구 청운동 81-1번지,0,287,11110, 
10100, ,0089,20160805,0002,UQA122,제2종일반주거지역,1,용도지역코드,제2종일반주거지역, ,0,전체,11110-100025951,0,서울특별시 종로구 청운동 89-2번지,1,288,11110, 
10100, ,0089,20090326,0005,1020, ,1,용도지역코드,일반주거지역, ,0,전체,11110-1530,0,서울특별시 종로구 청운동 89-5번지,1,289,11110, 
10100, ,0089,20090326,0005,102, ,2,용도지구코드,역사문화미관지구, ,0,전체,11110-1530,0,서울특별시 종로구 청운동 89-5번지,1,290,11110, 
10100, ,0089,20090326,0005,112, ,2,용도지구코드,최고고도지구, ,0,전체,11110-1530,0,서울특별시 종로구 청운동 89-5번지,0,291,11110, 
10100, ,0089,20090326,0005,200, ,2,용도지구코드,경치지구, ,0,전체,11110-1530,0,서울특별시 종로구 청운동 89-5번지,0,292,11110, 
10100, ,0089,20150310,0012,UQA121,제1종일반주거지역,1,용도지역코드,제1종일반주거지역, ,0,전체,11110-100022249,0,서울특별시 종로구 청운동 89-12번지,1,293,11110, 
10100, ,0089,20150310,0012,UQG120,역사문화미관지구,2,용도지구코드,역사문화미관지구, ,0,전체,11110-100022249,0,서울특별시 종로구 청운동 89-12번지,1,294,11110, 
10100, ,0089,20150310,0012,UQF110,자연경관지구,2,용도지구코드,자연경관지구, ,0,전체,11110-100022249,0,서울특별시 종로구 청운동 89-12번지,0,295,11110, 
10100, ,0089,20150310,0012,UQH110,최고고도지구,2,용도지구코드,최고고도지구, ,0,전체,11110-100022249,0,서울특별시 종로구 청운동 89-12번지,0,296,11110, 
10100, ,0089,20090326,0017,1020, ,1,용도지역코드,일반주거지역, ,0,전체,11110-799,0,서울특별시 종로구 청운동 89-17번지,1,297,11110, 
10100, ,0089,20090326,0017,300, ,2,용도지구코드,자연환경지구, ,0,전체,11110-799,0,서울특별시 종로구 청운동 89-17번지,1,298,11110, 
10100, ,0089,20090326,0017,112, ,2,용도지구코드,최고고도지구, ,0,전체,11110-799,0,서울특별시 종로구 청운동 89-17번지,0,299,11110, 
10100, ,0089,20090326,0020,1020, ,1,용도지역코드,일반주거지역, ,0,전체,11110-2536,0,서울특별시 종로구 청운동 89-20번지,1,300,11110, 
10100, ,0089,20090326,0020,112, ,2,용도지구코드,최고고도지구, ,0,전체,11110-2536,0,서울특별시 종로구 청운동 89-20번지,1,301,11110, 
10100, ,0089,20090326,0020,200, ,2,용도지구코드,경치지구, ,0,전체,11110-2536,0,서울특별시 종로구 청운동 89-20번지,0,302,11110, 
10100, ,0089,20090326,0021,1020, ,1,용도지역코드,일반주거지역, ,0,전체,11110-1614,0,서울특별시 종로구 청운동 89-21번지,1,303,11110, 
10100, ,0089,20090326,0021,300, ,2,용도지구코드,자연환경지구, ,0,전체,11110-1614,0,서울특별시 종로구 청운동 89-21번지,1,304,11110, 
10100, ,0089,20090326,0021,112, ,2,용도지구코드,최고고도지구, ,0,전체,11110-1614,0,서울특별시 종로구 청운동 89-21번지,0,305,11110, 
10100, ,0089,20090326,0022,1020, ,1,용도지역코드,일반주거지역, ,0,전체,11110-947,0,서울특별시 종로구 청운동 89-22번지,1,306,11110, 
10100, ,0089,20090326,0022,200, ,2,용도지구코드,경치지구, ,0,전체,11110-947,0,서울특별시 종로구 청운동 89-22번지,1,307,11110, 
10100, ,0089,20090326,0022,112, ,2,용도지구코드,최고고도지구, ,0,전체,11110-947,0,서울특별시 종로구 청운동 89-22번지,0,308,11110, 
10100, ,0089,20090326,0023,1020, ,1,용도지역코드,일반주거지역, ,0,전체,11110-491,0,서울특별시 종로구 청운동 89-23번지,1,309,11110, 
10100, ,0089,20090326,0023,112, ,2,용도지구코드,최고고도지구, ,0,전체,11110-491,0,서울특별시 종로구 청운동 89-23번지,1,310,11110, 
10100, ,0089,20090326,0023,200, ,2,용도지구코드,경치지구, ,0,전체,11110-491,0,서울특별시 종로구 청운동 89-23번지,0,311,11110, 
10100, ,0089,20090326,0108,1020, ,1,용도지역코드,일반주거지역, ,0,전체,11110-2061,0,서울특별시 종로구 청운동 89-108번지,1,312,11110, 
10100, ,0089,20090326,0108,112, ,2,용도지구코드,최고고도지구, ,0,전체,11110-2061,0,서울특별시 종로구 청운동 89-108번지,1,313,11110, 
10100, ,0089,20170727,0109,UQA121,제1종일반주거지역,1,용도지역코드,제1종일반주거지역, ,0,전체,11110-100026815,0,서울특별시 종로구 청운동 89-109번지,1,314,11110, 
10100, ,0089,20170727,0109,UQF110,자연경관지구,2,용도지구코드,자연경관지구, ,0,전체,11110-100026815,0,서울특별시 종로구 청운동 89-109번지,1,315,11110, 
10100, ,0089,20170727,0109,UQH110,최고고도지구,2,용도지구코드,최고고도지구, ,0,전체,11110-100026815,0,서울특별시 종로구 청운동 89-109번지,0,316,11110, 
10100, ,0089,20171118,0109,UQA001,도시지역,1,용도지역코드,도시지역, ,0,전체,11110-100018883,0,서울특별시 종로구 청운동 89-109번지,1,317,11110, 
10100, ,0089,20171118,0109,UQA121,제1종일반주거지역,1,용도지역코드,제1종일반주거지역, ,0,전체,11110-100018883,0,서울특별시 종로구 청운동 89-109번지,0,318,11110, 
10100, ,0089,20171118,0109,UQF110,자연경관지구,2,용도지구코드,자연경관지구, ,0,전체,11110-100018883,0,서울특별시 종로구 청운동 89-109번지,1,319,11110, 
10100, ,0089,20171118,0109,UQH110,최고고도지구,2,용도지구코드,최고고도지구, ,0,전체,11110-100018883,0,서울특별시 종로구 청운동 89-109번지,0,320,11110, 
10100, ,0089,20171118,0109,UNA200, ,3,용도구역코드,대공방어 협조구역, ,0,전체,11110-100018883,0,서울특별시 종로구 청운동 89-109번지,1,321,11110, 
10100, ,0089,20121219,0112,UQA001,도시지역,1,용도지역코드,도시지역, ,0,전체,11110-100014909,0,서울특별시 종로구 청운동 89-112번지,1,322,11110, 
10100, ,0089,20121219,0112,UQA121,제1종일반주거지역,1,용도지역코드,제1종일반주거지역, ,0,전체,11110-100014909,0,서울특별시 종로구 청운동 89-112번지,0,323,11110, 
10100, ,0089,20121219,0112,UQF110,자연경관지구,2,용도지구코드,자연경관지구, ,0,전체,11110-100014909,0,서울특별시 종로구 청운동 89-112번지,1,324,11110, 
10100, ,0089,20121219,0112,UQH110,최고고도지구,2,용도지구코드,최고고도지구, ,0,전체,11110-100014909,0,서울특별시 종로구 청운동 89-112번지,0,325,11110, 
10100, ,0089,20121219,0112,ZA0006, ,3,용도구역코드,문화재보존영향 검토대상구역, ,0,전체,11110-100014909,0,서울특별시 종로구 청운동 89-112번지,1,326,11110, 
10100, ,0089,20121219,0112,UOA120,상대정화구역,3,용도구역코드,상대정화구역, ,0,전체,11110-100014909,0,서울특별시 종로구 청운동 89-112번지,0,327,11110, 
10100, ,0091,20090326,0000,1020, ,1,용도지역코드,일반주거지역, ,0,전체,11110-659,0,서울특별시 종로구 청운동 91번지,1,328,11110, 
10100, ,0091,20090326,0000,112, ,2,용도지구코드,최고고도지구, ,0,전체,11110-659,0,서울특별시 종로구 청운동 91번지,1,329,11110, 
10100, ,0091,20090326,0000,0100, ,1,용도지역코드,도시지역, ,0,전체,11110-3893,0,서울특별시 종로구 청운동 91번지,1,330,11110, 
10100, ,0091,20090326,0000,1022, ,1,용도지역코드,제2종일반주거지역, ,0,전체,11110-3893,0,서울특별시 종로구 청운동 91번지,0,331,11110, 
10100, ,0094,20090326,0002,1022, ,1,용도지역코드,제2종일반주거지역, ,0,전체,11110-100007115,0,서울특별시 종로구 청운동 94-2번지,1,332,11110, 
10100, ,0094,20090326,0002,111, ,2,용도지구코드,최저고도지구, ,0,전체,11110-100007115,0,서울특별시 종로구 청운동 94-2번지,1,333,11110, 
10100, ,0095,20170715,0000,UQA001,도시지역,1,용도지역코드,도시지역, ,0,전체,11110-100028424,0,서울특별시 종로구 청운동 95번지,1,334,11110, 
10100, ,0095,20170715,0000,UQA122,제2종일반주거지역,1,용도지역코드,제2종일반주거지역, ,0,전체,11110-100028424,0,서울특별시 종로구 청운동 95번지,0,335,11110, 
10100, ,0095,20170715,0000,UQH110,최고고도지구,2,용도지구코드,최고고도지구, ,0,전체,11110-100028424,0,서울특별시 종로구 청운동 95번지,1,336,11110, 
10100,100,0100,20090326,0000,1020, ,1,용도지역코드,일반주거지역,0,0,전체,11110-1234,0,서울특별시 종로구 청운동 100번지,1,337,11110,서울특별시 종로구 청운동
10100,100,0100,20090326,0000,112, ,2,용도지구코드,최고고도지구,0,0,전체,11110-1234,0,서울특별시 종로구 청운동 100번지,1,338,11110,서울특별시 종로구 청운동
10100, ,0107,20180608,0000,1020, ,1,용도지역코드,일반주거지역, ,0,전체,11110-2326,0,서울특별시 종로구 청운동 107번지,1,339,11110, 
10100, ,0107,20180608,0000,102, ,2,용도지구코드,역사문화미관지구, ,0,전체,11110-2326,0,서울특별시 종로구 청운동 107번지,1,340,11110, 
10100, ,0107,20180608,0000,112, ,2,용도지구코드,최고고도지구, ,0,전체,11110-2326,0,서울특별시 종로구 청운동 107번지,0,341,11110, 
10100, ,0108,20100604,0001,1020, ,1,용도지역코드,일반주거지역, ,0,전체,11110-455,0,서울특별시 종로구 청운동 108-1번지,1,342,11110, 
10100, ,0108,20100604,0001,112, ,2,용도지구코드,최고고도지구, ,0,전체,11110-455,0,서울특별시 종로구 청운동 108-1번지,1,343,11110, 
10100, ,0108,20171118,0008,UQA122,제2종일반주거지역,1,용도지역코드,제2종일반주거지역, ,0,전체,11110-100019273,0,서울특별시 종로구 청운동 108-8번지,1,344,11110, 
10100, ,0108,20171118,0008,UQG120,역사문화미관지구,2,용도지구코드,역사문화미관지구, ,0,전체,11110-100019273,0,서울특별시 종로구 청운동 108-8번지,1,345,11110, 
10100, ,0108,20171118,0008,UQH110,최고고도지구,2,용도지구코드,최고고도지구, ,0,전체,11110-100019273,0,서울특별시 종로구 청운동 108-8번지,0,346,11110, 
10100, ,0108,20180426,0008,UQA01X, ,1,용도지역코드,도시지역, ,0,전체,11110-100027924,0,서울특별시 종로구 청운동 108-8번지,1,347,11110, 
10100, ,0108,20180426,0008,UQA122,제2종일반주거지역,1,용도지역코드,제2종일반주거지역, ,0,전체,11110-100027924,0,서울특별시 종로구 청운동 108-8번지,0,348,11110, 
10100, ,0108,20180426,0008,UQG120,역사문화미관지구,2,용도지구코드,역사문화미관지구, ,0,전체,11110-100027924,0,서울특별시 종로구 청운동 108-8번지,1,349,11110, 
10100, ,0108,20180426,0008,UQH110,최고고도지구,2,용도지구코드,최고고도지구, ,0,전체,11110-100027924,0,서울특별시 종로구 청운동 108-8번지,0,350,11110, 
10100, ,0108,20180426,0008,ZQ0001,중점경관관리구역,3,용도구역코드,중점경관관리구역, ,0,전체,11110-100027924,0,서울특별시 종로구 청운동 108-8번지,1,351,11110, 
10100, ,0108,20180426,0008,UOA110,절대정화구역,3,용도구역코드,절대보호구역, ,0,전체,11110-100027924,0,서울특별시 종로구 청운동 108-8번지,0,352,11110, 
10100, ,0108,20180426,0008,UOA120,상대정화구역,3,용도구역코드,상대보호구역, ,0,전체,11110-100027924,0,서울특별시 종로구 청운동 108-8번지,0,353,11110, 
10100,108,0108,20100604,0014,1020, ,1,용도지역코드,일반주거지역,14,0,전체,11110-441,0,서울특별시 종로구 청운동 108-14번지,1,354,11110, 
10100,108,0108,20100604,0014,Z03, ,2,용도지구코드,3종미관지구,14,0,전체,11110-441,0,서울특별시 종로구 청운동 108-14번지,1,355,11110, 
10100,108,0108,20100604,0014,112, ,2,용도지구코드,최고고도지구,14,0,전체,11110-441,0,서울특별시 종로구 청운동 108-14번지,0,356,11110, 
10100, ,0111,20090326,0001,0100, ,1,용도지역코드,도시지역, ,0,전체,11110-3646,0,서울특별시 종로구 청운동 111-1번지,0,357,11110, 
10100, ,0111,20090326,0001,1022, ,1,용도지역코드,제2종일반주거지역, ,0,전체,11110-3646,0,서울특별시 종로구 청운동 111-1번지,1,358,11110, 
10100, ,0111,20090326,0001,102, ,2,용도지구코드,역사문화미관지구, ,0,전체,11110-3646,0,서울특별시 종로구 청운동 111-1번지,1,359,11110, 
10100, ,0111,20090326,0001,112, ,2,용도지구코드,최고고도지구, ,0,전체,11110-3646,0,서울특별시 종로구 청운동 111-1번지,0,360,11110, 
10100, ,0113,20120215,0003,1022, ,1,용도지역코드,제2종일반주거지역, ,0,전체,11110-2432,0,서울특별시 종로구 청운동 113-3번지,1,361,11110, 
10100, ,0113,20120215,0003,UQG120,역사문화미관지구,2,용도지구코드,역사문화미관지구, ,0,전체,11110-2432,0,서울특별시 종로구 청운동 113-3번지,1,362,11110, 
10100, ,0113,20120215,0003,UQH110,최고고도지구,2,용도지구코드,최고고도지구, ,0,전체,11110-2432,0,서울특별시 종로구 청운동 113-3번지,0,363,11110, 
10100, ,0113,20120215,0003,UNA200, ,3,용도구역코드,대공방어 협조구역, ,0,전체,11110-2432,0,서울특별시 종로구 청운동 113-3번지,1,364,11110, 
10100, ,0113,20170106,0003,UQA122,제2종일반주거지역,1,용도지역코드,제2종일반주거지역, ,0,전체,11110-100027038,0,서울특별시 종로구 청운동 113-3번지,1,365,11110, 
10100, ,0113,20170106,0003,UQG120,역사문화미관지구,2,용도지구코드,역사문화미관지구, ,0,전체,11110-100027038,0,서울특별시 종로구 청운동 113-3번지,1,366,11110, 
10100, ,0114,20090326,0001,1020, ,1,용도지역코드,일반주거지역, ,0,전체,11110-2393,0,서울특별시 종로구 청운동 114-1번지,1,367,11110, 
10100, ,0114,20090326,0001,112, ,2,용도지구코드,최고고도지구, ,0,전체,11110-2393,0,서울특별시 종로구 청운동 114-1번지,1,368,11110, 
10100, ,0115,20090326,0001,1022, ,1,용도지역코드,제2종일반주거지역, ,0,전체,11110-3138,0,서울특별시 종로구 청운동 115-1번지,1,369,11110, 
10100, ,0115,20090326,0001,112, ,2,용도지구코드,최고고도지구, ,0,전체,11110-3138,0,서울특별시 종로구 청운동 115-1번지,1,370,11110, 
10100, ,0115,20110723,0001,1022, ,1,용도지역코드,제2종일반주거지역, ,0,전체,11110-100010850,0,서울특별시 종로구 청운동 115-1번지,1,371,11110, 
10100, ,0117,20190227,0001,UQA122,제2종일반주거지역,1,용도지역코드,제2종일반주거지역, ,0,전체,11110-100029242,0,서울특별시 종로구 청운동 117-1번지,1,372,11110, 
10100, ,0117,20190227,0001,UQA001,도시지역,1,용도지역코드,도시지역, ,0,전체,11110-100029242,0,서울특별시 종로구 청운동 117-1번지,0,373,11110, 
10100, ,0117,20190227,0001,UQH110,최고고도지구,2,용도지구코드,최고고도지구, ,0,전체,11110-100029242,0,서울특별시 종로구 청운동 117-1번지,1,374,11110, 
10100, ,0117,20150207,0002,1022, ,1,용도지역코드,제2종일반주거지역, ,0,전체,11110-100012332,0,서울특별시 종로구 청운동 117-2번지,1,375,11110, 
10100, ,0117,20150207,0002,112, ,2,용도지구코드,최고고도지구, ,0,전체,11110-100012332,0,서울특별시 종로구 청운동 117-2번지,1,376,11110, 
10100, ,0140,20090326,0001,1022, ,1,용도지역코드,제2종일반주거지역, ,0,전체,11110-3750,0,서울특별시 종로구 청운동 140-1번지,1,377,11110, 
10100, ,0140,20090326,0001,111, ,2,용도지구코드,최저고도지구, ,0,전체,11110-3750,0,서울특별시 종로구 청운동 140-1번지,1,378,11110, 
10100, ,0140,20090326,0001,102, ,2,용도지구코드,역사문화미관지구, ,0,전체,11110-3750,0,서울특별시 종로구 청운동 140-1번지,0,379,11110, 
10100, ,0001,20160428,0001,UQA430,자연녹지지역,1,용도지역코드,자연녹지지역, ,0,전체,11110-100024421,1,서울특별시 종로구 청운동 산 1-1번지,1,380,11110, 
10100, ,0001,20160428,0001,UQG120,역사문화미관지구,2,용도지구코드,역사문화미관지구, ,0,전체,11110-100024421,1,서울특별시 종로구 청운동 산 1-1번지,1,381,11110, 
10100, ,0001,20160428,0001,UQF110,자연경관지구,2,용도지구코드,자연경관지구, ,0,전체,11110-100024421,1,서울특별시 종로구 청운동 산 1-1번지,0,382,11110, 
10100, ,0001,20160428,0001,UDV100,개발제한구역,3,용도구역코드,개발제한구역, ,0,전체,11110-100024421,1,서울특별시 종로구 청운동 산 1-1번지,1,383,11110, 
10100, ,0001,20160428,0001,UOC510,국가지정문화재구역,3,용도구역코드,국가지정문화재구역, ,0,전체,11110-100024421,1,서울특별시 종로구 청운동 산 1-1번지,0,384,11110, 
10100, ,0001,20160428,0001,ZH0021, ,3,용도구역코드,문화재보존영향 검토대상구역, ,0,전체,11110-100024421,1,서울특별시 종로구 청운동 산 1-1번지,0,385,11110, 
10100, ,0001,20111129,0077,UQA001,도시지역,1,용도지역코드,도시지역, ,0,전체,11110-100014870,1,서울특별시 종로구 청운동 산 1-77번지,1,386,11110, 
10100, ,0001,20111129,0077,UQG120,역사문화미관지구,2,용도지구코드,역사문화미관지구, ,0,전체,11110-100014870,1,서울특별시 종로구 청운동 산 1-77번지,1,387,11110, 
10200, ,0001,20100317,0026,1021, ,1,용도지역코드,제1종일반주거지역, ,0,전체,11110-2994,0,서울특별시 종로구 신교동 1-26번지,1,1,11110, 
10200, ,0001,20100317,0026,411, ,2,용도지구코드,자연경관지구, ,0,전체,11110-2994,0,서울특별시 종로구 신교동 1-26번지,1,2,11110, 
10200, ,0001,20120605,0027,0100, ,1,용도지역코드,도시지역, ,0,전체,11110-100010119,0,서울특별시 종로구 신교동 1-27번지,1,3,11110, 
10200, ,0001,20120605,0027,1021, ,1,용도지역코드,제1종일반주거지역, ,0,전체,11110-100010119,0,서울특별시 종로구 신교동 1-27번지,0,4,11110, 
10200, ,0001,20120605,0027,300, ,2,용도지구코드,자연환경지구, ,0,전체,11110-100010119,0,서울특별시 종로구 신교동 1-27번지,1,5,11110, 
10200, ,0002,20131126,0007,1020, ,1,용도지역코드,일반주거지역, ,0,전체,11110-291,0,서울특별시 종로구 신교동 2-7번지,1,6,11110, 
10200, ,0002,20131126,0007,411, ,2,용도지구코드,자연경관지구, ,0,전체,11110-291,0,서울특별시 종로구 신교동 2-7번지,1,7,11110, 
10200, ,0002,20100605,0048,1021, ,1,용도지역코드,제1종일반주거지역, ,0,전체,11110-100011103,0,서울특별시 종로구 신교동 2-48번지,1,8,11110, 
10200, ,0002,20120929,0051,UQA121,제1종일반주거지역,1,용도지역코드,제1종일반주거지역, ,0,전체,11110-100015118,0,서울특별시 종로구 신교동 2-51번지,1,9,11110, 
10200, ,0002,20120929,0051,UQF110,자연경관지구,2,용도지구코드,자연경관지구, ,0,전체,11110-100015118,0,서울특별시 종로구 신교동 2-51번지,1,10,11110, 
10200, ,0002,20120929,0051,UNA200, ,3,용도구역코드,대공방어 협조구역, ,0,전체,11110-100015118,0,서울특별시 종로구 신교동 2-51번지,1,11,11110, 
10200, ,0002,20120929,0051,UOA120,상대정화구역,3,용도구역코드,상대정화구역, ,0,전체,11110-100015118,0,서울특별시 종로구 신교동 2-51번지,0,12,11110, 
10200, ,0002,20120929,0051,UOA110,절대정화구역,3,용도구역코드,절대정화구역, ,0,전체,11110-100015118,0,서울특별시 종로구 신교동 2-51번지,0,13,11110, 
10200, ,0002,20130220,0062,UQA121,제1종일반주거지역,1,용도지역코드,제1종일반주거지역, ,0,전체,11110-100015739,0,서울특별시 종로구 신교동 2-62번지,1,14,11110, 
10200, ,0002,20090326,0084,1021, ,1,용도지역코드,제1종일반주거지역, ,0,전체,11110-2851,0,서울특별시 종로구 신교동 2-84번지,1,15,11110, 
10200, ,0002,20090326,0084,200, ,2,용도지구코드,경치지구, ,0,전체,11110-2851,0,서울특별시 종로구 신교동 2-84번지,1,16,11110, 
10200, ,0002,20141218,0116,UQA001,도시지역,1,용도지역코드,도시지역, ,0,전체,11110-100021469,0,서울특별시 종로구 신교동 2-116번지,1,17,11110, 
10200, ,0002,20141218,0116,UQA121,제1종일반주거지역,1,용도지역코드,제1종일반주거지역, ,0,전체,11110-100021469,0,서울특별시 종로구 신교동 2-116번지,0,18,11110, 
10200, ,0002,20141218,0116,UQF110,자연경관지구,2,용도지구코드,자연경관지구, ,0,전체,11110-100021469,0,서울특별시 종로구 신교동 2-116번지,1,19,11110, 
10200, ,0002,20141219,0116,0100, ,1,용도지역코드,도시지역, ,0,전체,11110-100008092,0,서울특별시 종로구 신교동 2-116번지,1,20,11110, 
10200, ,0002,20141219,0116,1021, ,1,용도지역코드,제1종일반주거지역, ,0,전체,11110-100008092,0,서울특별시 종로구 신교동 2-116번지,0,21,11110, 
10200, ,0002,20141219,0116,411, ,2,용도지구코드,자연경관지구, ,0,전체,11110-100008092,0,서울특별시 종로구 신교동 2-116번지,1,22,11110, 
10200, ,0002,20141219,0116,318, ,3,용도구역코드,대공방어협조구역, ,0,전체,11110-100008092,0,서울특별시 종로구 신교동 2-116번지,1,23,11110, 
10200, ,0002,20111014,0118,UQA121,제1종일반주거지역,1,용도지역코드,제1종일반주거지역, ,0,전체,11110-100013761,0,서울특별시 종로구 신교동 2-118번지,1,24,11110, 
10200, ,0002,20111014,0118,UQF110,자연경관지구,2,용도지구코드,자연경관지구, ,0,전체,11110-100013761,0,서울특별시 종로구 신교동 2-118번지,1,25,11110, 
10200, ,0002,20111014,0118,UNA200, ,3,용도구역코드,대공방어 협조구역, ,0,전체,11110-100013761,0,서울특별시 종로구 신교동 2-118번지,1,26,11110, 
10200, ,0002,20111014,0118,UOA120,상대정화구역,3,용도구역코드,상대정화구역, ,0,전체,11110-100013761,0,서울특별시 종로구 신교동 2-118번지,0,27,11110, 
10200, ,0002,20141230,0121,UQA121,제1종일반주거지역,1,용도지역코드,제1종일반주거지역, ,0,전체,11110-100021575,0,서울특별시 종로구 신교동 2-121번지,1,28,11110, 
10200, ,0002,20170608,0121,UQA121,제1종일반주거지역,1,용도지역코드,제1종일반주거지역, , , ,11110-100028043,0,서울특별시 종로구 신교동 2-121번지,0,29,11110, 
10200, ,0002,20170608,0121,UQA01X, ,1,용도지역코드,도시지역, ,0,전체,11110-100028043,0,서울특별시 종로구 신교동 2-121번지,1,30,11110, 
10200, ,0002,20170608,0121,UOA120,상대정화구역,3,용도구역코드,상대보호구역, , , ,11110-100028043,0,서울특별시 종로구 신교동 2-121번지,0,31,11110, 
10200, ,0002,20170608,0121,ZQ0001,중점경관관리구역,3,용도구역코드,중점경관관리구역, ,0,전체,11110-100028043,0,서울특별시 종로구 신교동 2-121번지,1,32,11110, 
10200, ,0004,20111231,0002,UQA122,제2종일반주거지역,1,용도지역코드,제2종일반주거지역, ,0,전체,11110-100013895,0,서울특별시 종로구 신교동 4-2번지,1,33,11110, 
10200, ,0004,20111231,0002,UQH110,최고고도지구,2,용도지구코드,최고고도지구, ,0,전체,11110-100013895,0,서울특별시 종로구 신교동 4-2번지,1,34,11110, 
10200, ,0006,20131018,0001,UQA122,제2종일반주거지역,1,용도지역코드,제2종일반주거지역, ,0,전체,11110-100013164,0,서울특별시 종로구 신교동 6-1번지,1,35,11110, 
10200, ,0006,20131018,0001,UQH110,최고고도지구,2,용도지구코드,최고고도지구, ,0,전체,11110-100013164,0,서울특별시 종로구 신교동 6-1번지,1,36,11110, 
10200, ,0006,20111229,0002,UQA001,도시지역,1,용도지역코드,도시지역, ,0,전체,11110-100014456,0,서울특별시 종로구 신교동 6-2번지,1,37,11110, 
10200, ,0006,20111229,0002,UQA122,제2종일반주거지역,1,용도지역코드,제2종일반주거지역, ,0,전체,11110-100014456,0,서울특별시 종로구 신교동 6-2번지,0,38,11110, 
10200, ,0006,20111229,0002,UQH110,최고고도지구,2,용도지구코드,최고고도지구, ,0,전체,11110-100014456,0,서울특별시 종로구 신교동 6-2번지,1,39,11110, 
10200, ,0006,20111229,0002,UQQ310,제1종지구단위계획구역,3,용도구역코드,제1종지구단위계획구역, ,0,전체,11110-100014456,0,서울특별시 종로구 신교동 6-2번지,1,40,11110, 
10200, ,0006,20140411,0004,1022, ,1,용도지역코드,제2종일반주거지역, ,0,전체,11110-4434,0,서울특별시 종로구 신교동 6-4번지,1,41,11110, 
10200, ,0006,20140411,0004,112, ,2,용도지구코드,최고고도지구, ,0,전체,11110-4434,0,서울특별시 종로구 신교동 6-4번지,1,42,11110, 
10200, ,0006,20170112,0004,UQA122,제2종일반주거지역,1,용도지역코드,제2종일반주거지역, , , ,11110-100027098,0,서울특별시 종로구 신교동 6-4번지,0,43,11110, 
10200, ,0006,20170112,0004,UQA001,도시지역,1,용도지역코드,도시지역, ,0,전체,11110-100027098,0,서울특별시 종로구 신교동 6-4번지,1,44,11110, 
10200, ,0006,20170112,0004,UQH110,최고고도지구,2,용도지구코드,최고고도지구, ,0,전체,11110-100027098,0,서울특별시 종로구 신교동 6-4번지,1,45,11110, 
10200, ,0006,20170112,0004,UQQ310,제1종지구단위계획구역,3,용도구역코드,제1종지구단위계획구역, , , ,11110-100027098,0,서울특별시 종로구 신교동 6-4번지,0,46,11110, 
10200, ,0006,20170112,0004,UDT100,정비구역,3,용도구역코드,정비구역, , , ,11110-100027098,0,서울특별시 종로구 신교동 6-4번지,0,47,11110, 
10200, ,0006,20170112,0004,UOA120,상대정화구역,3,용도구역코드,상대정화구역, , , ,11110-100027098,0,서울특별시 종로구 신교동 6-4번지,0,48,11110, 
10200, ,0006,20170112,0004,UOA110,절대정화구역,3,용도구역코드,절대정화구역, , , ,11110-100027098,0,서울특별시 종로구 신교동 6-4번지,0,49,11110, 
10200, ,0006,20170112,0004,ZQ0001,중점경관관리구역,3,용도구역코드,중점경관관리구역, ,0,전체,11110-100027098,0,서울특별시 종로구 신교동 6-4번지,1,50,11110, 
10200, ,0006,20150107,0006,UQA001,도시지역,1,용도지역코드,도시지역, ,0,전체,11110-100017446,0,서울특별시 종로구 신교동 6-6번지,1,51,11110, 
10200, ,0006,20150107,0006,UQA122,제2종일반주거지역,1,용도지역코드,제2종일반주거지역, ,0,전체,11110-100017446,0,서울특별시 종로구 신교동 6-6번지,0,52,11110, 
10200, ,0006,20150107,0006,UQH110,최고고도지구,2,용도지구코드,최고고도지구, ,0,전체,11110-100017446,0,서울특별시 종로구 신교동 6-6번지,1,53,11110, 
10200, ,0006,20150107,0006,UQQ310,제1종지구단위계획구역,3,용도구역코드,제1종지구단위계획구역, ,0,전체,11110-100017446,0,서울특별시 종로구 신교동 6-6번지,1,54,11110, 
10200, ,0006,20090326,0011,1020, ,1,용도지역코드,일반주거지역, ,0,전체,11110-825,0,서울특별시 종로구 신교동 6-11번지,1,55,11110, 
10200, ,0006,20090326,0011,112, ,2,용도지구코드,최고고도지구, ,0,전체,11110-825,0,서울특별시 종로구 신교동 6-11번지,1,56,11110, 
10200, ,0006,20090326,0013,1020, ,1,용도지역코드,일반주거지역, ,0,전체,11110-931,0,서울특별시 종로구 신교동 6-13번지,1,57,11110, 
10200, ,0006,20090326,0013,112, ,2,용도지구코드,최고고도지구, ,0,전체,11110-931,0,서울특별시 종로구 신교동 6-13번지,1,58,11110, 
10200,6,0006,20131126,0017,1020, ,1,용도지역코드,일반주거지역,17,0,전체,11110-321,0,서울특별시 종로구 신교동 6-17번지,1,59,11110,서울특별시 종로구 신교동
10200,6,0006,20131126,0017,112, ,2,용도지구코드,최고고도지구,17,0,전체,11110-321,0,서울특별시 종로구 신교동 6-17번지,1,60,11110,서울특별시 종로구 신교동
10200, ,0006,20140724,0025,UQA001,도시지역,1,용도지역코드,도시지역, ,0,전체,11110-100012519,0,서울특별시 종로구 신교동 6-25번지,1,61,11110, 
10200, ,0006,20140724,0025,UQA122,제2종일반주거지역,1,용도지역코드,제2종일반주거지역, ,0,전체,11110-100012519,0,서울특별시 종로구 신교동 6-25번지,0,62,11110, 
10200, ,0006,20140724,0025,UQH110,최고고도지구,2,용도지구코드,최고고도지구, ,0,전체,11110-100012519,0,서울특별시 종로구 신교동 6-25번지,1,63,11110, 
10200, ,0006,20140724,0025,UQQ310,제1종지구단위계획구역,3,용도구역코드,제1종지구단위계획구역, ,0,전체,11110-100012519,0,서울특별시 종로구 신교동 6-25번지,1,64,11110, 
10200, ,0006,20090326,0046,0100, ,1,용도지역코드,도시지역, ,0,전체,11110-1626,0,서울특별시 종로구 신교동 6-46번지,1,65,11110, 
10200, ,0006,20090326,0046,1020, ,1,용도지역코드,일반주거지역, ,0,전체,11110-1626,0,서울특별시 종로구 신교동 6-46번지,0,66,11110, 
10200, ,0006,20090326,0046,112, ,2,용도지구코드,최고고도지구, ,0,전체,11110-1626,0,서울특별시 종로구 신교동 6-46번지,1,67,11110, 
10200, ,0006,20150107,0047,UQA122,제2종일반주거지역,1,용도지역코드,제2종일반주거지역, ,0,전체,11110-100021632,0,서울특별시 종로구 신교동 6-47번지,1,68,11110, 
10200, ,0006,20150107,0047,UQA001,도시지역,1,용도지역코드,도시지역, ,0,전체,11110-100021632,0,서울특별시 종로구 신교동 6-47번지,0,69,11110, 
10200, ,0006,20150107,0047,UQH110,최고고도지구,2,용도지구코드,최고고도지구, ,0,전체,11110-100021632,0,서울특별시 종로구 신교동 6-47번지,1,70,11110, 
10200, ,0006,20150107,0047,UQQ310,제1종지구단위계획구역,3,용도구역코드,제1종지구단위계획구역, ,0,전체,11110-100021632,0,서울특별시 종로구 신교동 6-47번지,1,71,11110, 
10200, ,0006,20090326,0049,1020, ,1,용도지역코드,일반주거지역, ,0,전체,11110-139,0,서울특별시 종로구 신교동 6-49번지,1,72,11110, 
10200, ,0006,20090326,0049,112, ,2,용도지구코드,최고고도지구, ,0,전체,11110-139,0,서울특별시 종로구 신교동 6-49번지,1,73,11110, 
10200, ,0006,20090326,0049,370, ,2,용도지구코드,주거환경개선지구, ,0,전체,11110-139,0,서울특별시 종로구 신교동 6-49번지,0,74,11110, 
10200, ,0006,20090326,0049,260, ,2,용도지구코드,주차장정비지구, ,0,전체,11110-139,0,서울특별시 종로구 신교동 6-49번지,0,75,11110, 
10200, ,0006,20090326,0049,1020, ,1,용도지역코드,일반주거지역, ,0,전체,11110-1444,0,서울특별시 종로구 신교동 6-49번지,1,76,11110, 
10200, ,0006,20090326,0049,0100, ,1,용도지역코드,도시지역, ,0,전체,11110-1444,0,서울특별시 종로구 신교동 6-49번지,0,77,11110, 
10200, ,0006,20090326,0049,112, ,2,용도지구코드,최고고도지구, ,0,전체,11110-1444,0,서울특별시 종로구 신교동 6-49번지,0,78,11110, 
10200, ,0006,20090326,0049,370, ,2,용도지구코드,주거환경개선지구, ,0,전체,11110-1444,0,서울특별시 종로구 신교동 6-49번지,1,79,11110, 
10200, ,0006,20131010,0053,1020, ,1,용도지역코드,일반주거지역, ,0,전체,11110-1541,0,서울특별시 종로구 신교동 6-53번지,1,80,11110, 
10200, ,0006,20150331,0080,UQA122,제2종일반주거지역,1,용도지역코드,제2종일반주거지역, ,0,전체,11110-100020854,0,서울특별시 종로구 신교동 6-80번지,1,81,11110, 
10200, ,0006,20150331,0080,UQQ310,제1종지구단위계획구역,3,용도구역코드,제1종지구단위계획구역, ,0,전체,11110-100020854,0,서울특별시 종로구 신교동 6-80번지,1,82,11110, 
10200,12,0012,20131126,0000,1020, ,1,용도지역코드,일반주거지역, ,0,전체,11110-265,0,서울특별시 종로구 신교동 12번지,1,83,11110,서울특별시 종로구 신교동
10200,12,0012,20131126,0000,370, ,2,용도지구코드,주거환경개선지구, ,0,전체,11110-265,0,서울특별시 종로구 신교동 12번지,1,84,11110,서울특별시 종로구 신교동
10200,12,0012,20131126,0000,112, ,2,용도지구코드,최고고도지구, ,0,전체,11110-265,0,서울특별시 종로구 신교동 12번지,0,85,11110,서울특별시 종로구 신교동
10200, ,0017,20130618,0006,1020, ,1,용도지역코드,일반주거지역, ,0,전체,11110-166,0,서울특별시 종로구 신교동 17-6번지,1,86,11110, 
10200, ,0017,20130618,0006,112, ,2,용도지구코드,최고고도지구, ,0,전체,11110-166,0,서울특별시 종로구 신교동 17-6번지,0,87,11110, 
10200, ,0017,20130618,0006,370, ,2,용도지구코드,주거환경개선지구, ,0,전체,11110-166,0,서울특별시 종로구 신교동 17-6번지,1,88,11110, 
10200, ,0017,20140905,0006,UQA122,제2종일반주거지역,1,용도지역코드,제2종일반주거지역, ,0,전체,11110-100020680,0,서울특별시 종로구 신교동 17-6번지,1,89,11110, 
10200, ,0017,20140905,0006,UQQ310,제1종지구단위계획구역,3,용도구역코드,제1종지구단위계획구역, ,0,전체,11110-100020680,0,서울특별시 종로구 신교동 17-6번지,1,90,11110, 
10200, ,0017,20090326,0009,1022, ,1,용도지역코드,제2종일반주거지역, ,0,전체,11110-4615,0,서울특별시 종로구 신교동 17-9번지,1,91,11110, 
10200, ,0017,20090326,0009,370, ,2,용도지구코드,주거환경개선지구, ,0,전체,11110-4615,0,서울특별시 종로구 신교동 17-9번지,1,92,11110, 
10200, ,0017,20090326,0009,112, ,2,용도지구코드,최고고도지구, ,0,전체,11110-4615,0,서울특별시 종로구 신교동 17-9번지,0,93,11110, 
10200, ,0017,20130618,0009,1020, ,1,용도지역코드,일반주거지역, ,0,전체,11110-145,0,서울특별시 종로구 신교동 17-9번지,1,94,11110, 
10200, ,0017,20130618,0009,112, ,2,용도지구코드,최고고도지구, ,0,전체,11110-145,0,서울특별시 종로구 신교동 17-9번지,1,95,11110, 
10200, ,0017,20130618,0009,370, ,2,용도지구코드,주거환경개선지구, ,0,전체,11110-145,0,서울특별시 종로구 신교동 17-9번지,0,96,11110, 
10200, ,0017,20130618,0009,260, ,2,용도지구코드,주차장정비지구, ,0,전체,11110-145,0,서울특별시 종로구 신교동 17-9번지,0,97,11110, 
10200, ,0017,20170524,0010,UQA001,도시지역,1,용도지역코드,도시지역, ,0,전체,11110-100026235,0,서울특별시 종로구 신교동 17-10번지,1,98,11110, 
10200, ,0017,20170524,0010,UQA122,제2종일반주거지역,1,용도지역코드,제2종일반주거지역, ,0,전체,11110-100026235,0,서울특별시 종로구 신교동 17-10번지,0,99,11110, 
10200, ,0017,20170524,0010,UQH110,최고고도지구,2,용도지구코드,최고고도지구, ,0,전체,11110-100026235,0,서울특별시 종로구 신교동 17-10번지,1,100,11110, 
10200, ,0017,20170524,0010,UQQ310,제1종지구단위계획구역,3,용도구역코드,제1종지구단위계획구역, ,0,전체,11110-100026235,0,서울특별시 종로구 신교동 17-10번지,1,101,11110, 
10200, ,0017,20170524,0010,UOA120,상대정화구역,3,용도구역코드,상대정화구역, ,0,전체,11110-100026235,0,서울특별시 종로구 신교동 17-10번지,0,102,11110, 
10200, ,0017,20170524,0010,UDT100,정비구역,3,용도구역코드,정비구역, ,0,전체,11110-100026235,0,서울특별시 종로구 신교동 17-10번지,0,103,11110, 
10200, ,0017,20110723,0021,0100, ,1,용도지역코드,도시지역, ,0,전체,11110-4627,0,서울특별시 종로구 신교동 17-21번지,1,104,11110, 
10200, ,0017,20110723,0021,1022, ,1,용도지역코드,제2종일반주거지역, ,0,전체,11110-4627,0,서울특별시 종로구 신교동 17-21번지,0,105,11110, 
10200, ,0017,20110723,0021,112, ,2,용도지구코드,최고고도지구, ,0,전체,11110-4627,0,서울특별시 종로구 신교동 17-21번지,1,106,11110, 
10200, ,0017,20110723,0021,370, ,2,용도지구코드,주거환경개선지구, ,0,전체,11110-4627,0,서울특별시 종로구 신교동 17-21번지,0,107,11110, 
10200, ,0017,20110723,0021,0100, ,1,용도지역코드,도시지역, ,0,전체,11110-4777,0,서울특별시 종로구 신교동 17-21번지,1,108,11110, 
10200, ,0017,20110723,0021,1022, ,1,용도지역코드,제2종일반주거지역, ,0,전체,11110-4777,0,서울특별시 종로구 신교동 17-21번지,0,109,11110, 
10200, ,0017,20110723,0021,112, ,2,용도지구코드,최고고도지구, ,0,전체,11110-4777,0,서울특별시 종로구 신교동 17-21번지,1,110,11110, 
10200, ,0017,20110723,0021,370, ,2,용도지구코드,주거환경개선지구, ,0,전체,11110-4777,0,서울특별시 종로구 신교동 17-21번지,0,111,11110, 
10200,17,0017,20100112,0031,1020, ,1,용도지역코드,일반주거지역,31,0,전체,11110-142,0,서울특별시 종로구 신교동 17-31번지,1,112,11110,서울특별시 종로구 신교동
10200,17,0017,20100112,0031,260, ,2,용도지구코드,주차장정비지구,31,0,전체,11110-142,0,서울특별시 종로구 신교동 17-31번지,1,113,11110,서울특별시 종로구 신교동
10200,17,0017,20100112,0031,370, ,2,용도지구코드,주거환경개선지구,31,0,전체,11110-142,0,서울특별시 종로구 신교동 17-31번지,0,114,11110,서울특별시 종로구 신교동
10200, ,0017,20100827,0044,1020, ,1,용도지역코드,일반주거지역, ,0,전체,11110-141,0,서울특별시 종로구 신교동 17-44번지,1,115,11110, 
10200, ,0017,20100827,0044,370, ,2,용도지구코드,주거환경개선지구, ,0,전체,11110-141,0,서울특별시 종로구 신교동 17-44번지,1,116,11110, 
10200, ,0017,20090326,0046,0100, ,1,용도지역코드,도시지역, ,0,전체,11110-3238,0,서울특별시 종로구 신교동 17-46번지,0,117,11110, 
10200, ,0017,20090326,0046,1022, ,1,용도지역코드,제2종일반주거지역, ,0,전체,11110-3238,0,서울특별시 종로구 신교동 17-46번지,1,118,11110, 
10200, ,0017,20090326,0046,112, ,2,용도지구코드,최고고도지구, ,0,전체,11110-3238,0,서울특별시 종로구 신교동 17-46번지,1,119,11110, 
10200, ,0017,20090326,0046,370, ,2,용도지구코드,주거환경개선지구, ,0,전체,11110-3238,0,서울특별시 종로구 신교동 17-46번지,0,120,11110, 
10200, ,0039,20090326,0002,0100, ,1,용도지역코드,도시지역, ,0,전체,11110-405,0,서울특별시 종로구 신교동 39-2번지,0,121,11110, 
10200, ,0039,20090326,0002,1020, ,1,용도지역코드,일반주거지역, ,0,전체,11110-405,0,서울특별시 종로구 신교동 39-2번지,1,122,11110, 
10200, ,0039,20090326,0002,112, ,2,용도지구코드,최고고도지구, ,0,전체,11110-405,0,서울특별시 종로구 신교동 39-2번지,0,123,11110, 
10200, ,0039,20090326,0002,370, ,2,용도지구코드,주거환경개선지구, ,0,전체,11110-405,0,서울특별시 종로구 신교동 39-2번지,1,124,11110, 
10200, ,0039,20090326,0002,0100, ,1,용도지역코드,도시지역, ,0,전체,11110-349,0,서울특별시 종로구 신교동 39-2번지,0,125,11110, 
10200, ,0039,20090326,0002,1020, ,1,용도지역코드,일반주거지역, ,0,전체,11110-349,0,서울특별시 종로구 신교동 39-2번지,1,126,11110, 
10200, ,0039,20090326,0002,112, ,2,용도지구코드,최고고도지구, ,0,전체,11110-349,0,서울특별시 종로구 신교동 39-2번지,0,127,11110, 
10200, ,0039,20090326,0002,370, ,2,용도지구코드,주거환경개선지구, ,0,전체,11110-349,0,서울특별시 종로구 신교동 39-2번지,1,128,11110, 
10200, ,0039,20110723,0002,0100, ,1,용도지역코드,도시지역, ,0,전체,11110-4048,0,서울특별시 종로구 신교동 39-2번지,1,129,11110, 
10200, ,0039,20110723,0002,1022, ,1,용도지역코드,제2종일반주거지역, ,0,전체,11110-4048,0,서울특별시 종로구 신교동 39-2번지,0,130,11110, 
10200, ,0039,20110723,0002,112, ,2,용도지구코드,최고고도지구, ,0,전체,11110-4048,0,서울특별시 종로구 신교동 39-2번지,1,131,11110, 
10200, ,0039,20110723,0002,370, ,2,용도지구코드,주거환경개선지구, ,0,전체,11110-4048,0,서울특별시 종로구 신교동 39-2번지,0,132,11110, 
10200, ,0039,20171118,0002,UQA122,제2종일반주거지역,1,용도지역코드,제2종일반주거지역, , , ,11110-100017643,0,서울특별시 종로구 신교동 39-2번지,0,133,11110, 
10200, ,0039,20171118,0002,UQA001,도시지역,1,용도지역코드,도시지역, ,0,전체,11110-100017643,0,서울특별시 종로구 신교동 39-2번지,1,134,11110, 
10200, ,0039,20171118,0002,UQH110,최고고도지구,2,용도지구코드,최고고도지구, ,0,전체,11110-100017643,0,서울특별시 종로구 신교동 39-2번지,1,135,11110, 
10200, ,0039,20171118,0002,UOA120,상대정화구역,3,용도구역코드,상대정화구역, , , ,11110-100017643,0,서울특별시 종로구 신교동 39-2번지,0,136,11110, 
10200, ,0039,20171118,0002,UQQ310,제1종지구단위계획구역,3,용도구역코드,제1종지구단위계획구역, ,0,전체,11110-100017643,0,서울특별시 종로구 신교동 39-2번지,1,137,11110, 
10200, ,0045,20131205,0000,UQA122,제2종일반주거지역,1,용도지역코드,제2종일반주거지역, ,0,전체,11110-100017032,0,서울특별시 종로구 신교동 45번지,1,138,11110, 
10200, ,0045,20131205,0000,UQG120,역사문화미관지구,2,용도지구코드,역사문화미관지구, ,0,전체,11110-100017032,0,서울특별시 종로구 신교동 45번지,1,139,11110, 
10200, ,0045,20131205,0000,UQQ310,제1종지구단위계획구역,3,용도구역코드,제1종지구단위계획구역, ,0,전체,11110-100017032,0,서울특별시 종로구 신교동 45번지,1,140,11110, 
10200, ,0051,20150814,0001,UQA122,제2종일반주거지역,1,용도지역코드,제2종일반주거지역, ,0,전체,11110-100023387,0,서울특별시 종로구 신교동 51-1번지,1,141,11110, 
10200, ,0051,20150814,0001,UQG120,역사문화미관지구,2,용도지구코드,역사문화미관지구, ,0,전체,11110-100023387,0,서울특별시 종로구 신교동 51-1번지,1,142,11110, 
10200, ,0051,20150814,0001,UQH110,최고고도지구,2,용도지구코드,최고고도지구, ,0,전체,11110-100023387,0,서울특별시 종로구 신교동 51-1번지,0,143,11110, 
10200, ,0051,20150814,0001,UQQ900,개발행위허가제한지역,3,용도구역코드,개발행위허가제한지역, ,0,전체,11110-100023387,0,서울특별시 종로구 신교동 51-1번지,0,144,11110, 
10200, ,0051,20150814,0001,UQQ310,제1종지구단위계획구역,3,용도구역코드,제1종지구단위계획구역, ,0,전체,11110-100023387,0,서울특별시 종로구 신교동 51-1번지,0,145,11110, 
10200, ,0058,20100414,0001,1022, ,1,용도지역코드,제2종일반주거지역, ,0,전체,11110-100005657,0,서울특별시 종로구 신교동 58-1번지,1,146,11110, 
10200, ,0058,20100414,0001,102, ,2,용도지구코드,역사문화미관지구, ,0,전체,11110-100005657,0,서울특별시 종로구 신교동 58-1번지,1,147,11110, 
10200, ,0058,20100414,0001,112, ,2,용도지구코드,최고고도지구, ,0,전체,11110-100005657,0,서울특별시 종로구 신교동 58-1번지,0,148,11110, 
10200, ,0058,20100414,0001,370, ,2,용도지구코드,주거환경개선지구, ,0,전체,11110-100005657,0,서울특별시 종로구 신교동 58-1번지,0,149,11110, 
10200, ,0058,20100414,0001,272, ,3,용도구역코드,상대정화구역, ,0,전체,11110-100005657,0,서울특별시 종로구 신교동 58-1번지,1,150,11110, 
10200, ,0058,20100908,0001,0100, ,1,용도지역코드,도시지역, ,0,전체,11110-100011109,0,서울특별시 종로구 신교동 58-1번지,1,151,11110, 
10200, ,0058,20100908,0001,1022, ,1,용도지역코드,제2종일반주거지역, ,0,전체,11110-100011109,0,서울특별시 종로구 신교동 58-1번지,0,152,11110, 
10200, ,0058,20100908,0001,102, ,2,용도지구코드,역사문화미관지구, ,0,전체,11110-100011109,0,서울특별시 종로구 신교동 58-1번지,1,153,11110, 
10200, ,0058,20100908,0001,112, ,2,용도지구코드,최고고도지구, ,0,전체,11110-100011109,0,서울특별시 종로구 신교동 58-1번지,0,154,11110, 
10200, ,0058,20100908,0001,272, ,3,용도구역코드,상대정화구역, ,0,전체,11110-100011109,0,서울특별시 종로구 신교동 58-1번지,1,155,11110, 
10200, ,0059,20120831,0000,UQA122,제2종일반주거지역,1,용도지역코드,제2종일반주거지역, ,0,전체,11110-100016304,0,서울특별시 종로구 신교동 59번지,1,156,11110, 
10200, ,0059,20120831,0000,UQG120,역사문화미관지구,2,용도지구코드,역사문화미관지구, ,0,전체,11110-100016304,0,서울특별시 종로구 신교동 59번지,1,157,11110, 
10200, ,0059,20120831,0000,UQH110,최고고도지구,2,용도지구코드,최고고도지구, ,0,전체,11110-100016304,0,서울특별시 종로구 신교동 59번지,0,158,11110, 
10200, ,0059,20120831,0000,UQQ310,제1종지구단위계획구역,3,용도구역코드,제1종지구단위계획구역, ,0,전체,11110-100016304,0,서울특별시 종로구 신교동 59번지,1,159,11110, 
10200, ,0059,20130417,0000,UQA001,도시지역,1,용도지역코드,도시지역, ,0,전체,11110-100017374,0,서울특별시 종로구 신교동 59번지,1,160,11110, 
10200, ,0059,20130417,0000,UQG100,미관지구,2,용도지구코드,미관지구, ,0,전체,11110-100017374,0,서울특별시 종로구 신교동 59번지,1,161,11110, 
10200, ,0066,20120929,0000,UQG120,역사문화미관지구,2,용도지구코드,역사문화미관지구, ,0,전체,11110-100014228,0,서울특별시 종로구 신교동 66번지,1,162,11110, 
10200, ,0066,20120929,0000,UOA120,상대정화구역,3,용도구역코드,상대정화구역, , , ,11110-100014228,0,서울특별시 종로구 신교동 66번지,0,163,11110, 
10200, ,0066,20120929,0000,UOA110,절대정화구역,3,용도구역코드,절대정화구역, , , ,11110-100014228,0,서울특별시 종로구 신교동 66번지,0,164,11110, 
10200, ,0066,20120929,0000,UQQ310,제1종지구단위계획구역,3,용도구역코드,제1종지구단위계획구역, ,0,전체,11110-100014228,0,서울특별시 종로구 신교동 66번지,1,165,11110, 
10200, ,0066,20120929,0000,UQA122,제2종일반주거지역,1,용도지역코드,제2종일반주거지역, , , ,11110-100014228,0,서울특별시 종로구 신교동 66번지,0,166,11110, 
10200, ,0066,20120929,0000,UQA001,도시지역,1,용도지역코드,도시지역, ,0,전체,11110-100014228,0,서울특별시 종로구 신교동 66번지,1,167,11110, 
10200, ,0066,20120929,0000,UQH110,최고고도지구,2,용도지구코드,최고고도지구, , , ,11110-100014228,0,서울특별시 종로구 신교동 66번지,0,168,11110, 
10200, ,0070,20131126,0001,0100, ,1,용도지역코드,도시지역, ,0,전체,11110-550,0,서울특별시 종로구 신교동 70-1번지,0,169,11110, 
10200, ,0070,20131126,0001,1022, ,1,용도지역코드,제2종일반주거지역, ,0,전체,11110-550,0,서울특별시 종로구 신교동 70-1번지,1,170,11110, 
10200, ,0070,20131126,0001,102, ,2,용도지구코드,역사문화미관지구, ,0,전체,11110-550,0,서울특별시 종로구 신교동 70-1번지,1,171,11110, 
10200, ,0070,20131126,0001,112, ,2,용도지구코드,최고고도지구, ,0,전체,11110-550,0,서울특별시 종로구 신교동 70-1번지,0,172,11110, 
10200, ,0070,20171229,0002,UQA122,제2종일반주거지역,1,용도지역코드,제2종일반주거지역, , , ,11110-100029606,0,서울특별시 종로구 신교동 70-2번지,0,173,11110, 
10200, ,0070,20171229,0002,UQA01X, ,1,용도지역코드,도시지역, ,0,전체,11110-100029606,0,서울특별시 종로구 신교동 70-2번지,1,174,11110, 
10200, ,0070,20171229,0002,UQH110,최고고도지구,2,용도지구코드,최고고도지구, , , ,11110-100029606,0,서울특별시 종로구 신교동 70-2번지,0,175,11110, 
10200, ,0070,20171229,0002,UQG120,역사문화미관지구,2,용도지구코드,역사문화미관지구, ,0,전체,11110-100029606,0,서울특별시 종로구 신교동 70-2번지,1,176,11110, 
10200, ,0070,20171229,0002,UOA120,상대정화구역,3,용도구역코드,상대보호구역, , , ,11110-100029606,0,서울특별시 종로구 신교동 70-2번지,0,177,11110, 
10200, ,0070,20171229,0002,ZQ0001,중점경관관리구역,3,용도구역코드,중점경관관리구역, ,0,전체,11110-100029606,0,서울특별시 종로구 신교동 70-2번지,1,178,11110, 
10200, ,0070,20090326,0010,0100, ,1,용도지역코드,도시지역, ,0,전체,11110-3709,0,서울특별시 종로구 신교동 70-10번지,1,179,11110, 
10200, ,0070,20090326,0010,1022, ,1,용도지역코드,제2종일반주거지역, ,0,전체,11110-3709,0,서울특별시 종로구 신교동 70-10번지,0,180,11110, 
10200, ,0070,20090326,0010,112, ,2,용도지구코드,최고고도지구, ,0,전체,11110-3709,0,서울특별시 종로구 신교동 70-10번지,1,181,11110, 
10200, ,0070,20090326,0010,102, ,2,용도지구코드,역사문화미관지구, ,0,전체,11110-3709,0,서울특별시 종로구 신교동 70-10번지,0,182,11110, 
10200, ,0070,20090326,0010,1022, ,1,용도지역코드,제2종일반주거지역, ,0,전체,11110-3716,0,서울특별시 종로구 신교동 70-10번지,1,183,11110, 
10200, ,0070,20090326,0010,0100, ,1,용도지역코드,도시지역, ,0,전체,11110-3716,0,서울특별시 종로구 신교동 70-10번지,0,184,11110, 
10200, ,0070,20090326,0010,102, ,2,용도지구코드,역사문화미관지구, ,0,전체,11110-3716,0,서울특별시 종로구 신교동 70-10번지,1,185,11110, 
10200, ,0070,20090326,0010,112, ,2,용도지구코드,최고고도지구, ,0,전체,11110-3716,0,서울특별시 종로구 신교동 70-10번지,0,186,11110, 
10200, ,0077,20170708,0002,UQA122,제2종일반주거지역,1,용도지역코드,제2종일반주거지역, ,0,전체,11110-100026918,0,서울특별시 종로구 신교동 77-2번지,1,187,11110, 
10200, ,0079,20090326,0000,1020, ,1,용도지역코드,일반주거지역, ,0,전체,11110-2555,0,서울특별시 종로구 신교동 79번지,1,188,11110, 
10200, ,0079,20090326,0000,112, ,2,용도지구코드,최고고도지구, ,0,전체,11110-2555,0,서울특별시 종로구 신교동 79번지,1,189,11110, 
10200, ,0082,20090326,0003,1020, ,1,용도지역코드,일반주거지역, ,0,전체,11110-1960,0,서울특별시 종로구 신교동 82-3번지,1,190,11110, 
10200, ,0082,20090326,0003,102, ,2,용도지구코드,역사문화미관지구, ,0,전체,11110-1960,0,서울특별시 종로구 신교동 82-3번지,1,191,11110, 
10200, ,0082,20090326,0003,112, ,2,용도지구코드,최고고도지구, ,0,전체,11110-1960,0,서울특별시 종로구 신교동 82-3번지,0,192,11110, 
