bjdongCd,block,bun,crtnDay,hjdongCd,ji,jimokCd,jimokCdNm,lot,mainDongGbCd,mainDongGbCdNm,mgmDongOulnPk,mgmPlatPlcPk,platGbCd,platPlc,relJibunNm,reprYn,rnum,sigunguCd,splotNm,mgmPmsrgstPk
10100, ,0036,20090326,510,0010, , , ,1,동별,11110-5538,11110-11635,-, ,0,0,1,11110, ,
10100, ,0001,20090326,510,0016, , , ,1,동별,11110-3074,11110-10893,0,서울특별시 종로구 청운동 1-16번지,89-16,0,2,11110, ,
10100, ,0003,20090326,510,0094, , , ,1,동별,11110-3937,11110-11167,0,서울특별시 종로구 청운동 3-94번지,3-94,0,3,11110, ,
10100, ,0003,20090326,510,0138, , , ,1,동별,11110-3937,11110-11166,0,서울특별시 종로구 청운동 3-138번지,3-138,0,4,11110, ,
10100, ,0004,20090326,510,0001,08,대, ,0,전체,11110-3680,11110-3306,0,서울특별시 종로구 청운동 4-1번지, ,1,5,11110, ,
10100, ,0004,20100325,510,0001, , , ,0,전체,11110-6813,11110-6439,0,서울특별시 종로구 청운동 4-1번지, ,1,6,11110, ,
10100, ,0004,20090326,510,0003,08,대, ,0,전체,11110-4035,11110-3661,0,서울특별시 종로구 청운동 4-3번지, ,1,7,11110, ,
10100, ,0004,20100325,510,0003, , , ,0,전체,11110-6897,11110-6523,0,서울특별시 종로구 청운동 4-3번지, ,1,8,11110, ,
10100, ,0004,20090326,510,0005, , , ,1,동별,11110-3937,11110-11163,0,서울특별시 종로구 청운동 4-5번지,4-5,0,9,11110, ,
10100, ,0004,20090326,510,0007, , , ,0,전체,11110-483,11110-284,0,서울특별시 종로구 청운동 4-7번지, ,1,10,11110, ,
10100, ,0004,20140711,510,0014,08,대, ,0,전체,11110-2708,11110-2334,0,서울특별시 종로구 청운동 4-14번지, ,1,11,11110, ,
10100, ,0004,20090326,510,0016, , , ,1,동별,11110-4347,11110-11325,0,서울특별시 종로구 청운동 4-16번지,4-16,0,12,11110, ,
10100, ,0004,20100325,510,0021, , , ,0,전체,11110-6575,11110-6201,0,서울특별시 종로구 청운동 4-21번지, ,1,13,11110, ,
10100, ,0004,20100818,510,0021, , , ,0,전체,11110-3921,11110-3547,0,서울특별시 종로구 청운동 4-21번지, ,1,14,11110, ,
10100, ,0004,20090326,510,0027, , , ,1,동별,11110-3937,11110-11164,0,서울특별시 종로구 청운동 4-27번지,4-27,0,15,11110, ,
10100, ,0004,20090326,510,0042, , , ,1,동별,11110-3937,11110-11165,0,서울특별시 종로구 청운동 4-42번지,4-42,0,16,11110, ,
10100, ,0005,20090326,510,0000,08,대, ,0,전체,11110-3861,11110-3487,0,서울특별시 종로구 청운동 5번지, ,1,17,11110, ,
10100, ,0005,20140315,510,0000,08,대, ,0,전체,11110-3300,11110-2926,0,서울특별시 종로구 청운동 5번지, ,1,18,11110, ,
10100, ,0005,20161221,515,0001,08,대, ,0,전체,11110-100037357,11110-100023513,0,서울특별시 종로구 청운동 5-1번지, ,0,19,11110, ,
10100, ,0005,20161221,515,0001,08,대, ,1,동별,11110-100026886,11110-100037360,0,서울특별시 종로구 청운동 5-1번지, ,0,20,11110, ,
10100, ,0006,20161221,515,0000,08,대, ,0,전체,11110-100037356,11110-100023513,0,서울특별시 종로구 청운동 6번지, ,1,21,11110, ,
10100, ,0007,20150708,515,0003,22,공원, ,0,전체,11110-100031119,11110-100023152,0,서울특별시 종로구 청운동 7-3번지, ,1,22,11110, ,
10100, ,0008,20170307,510,0004,08,대, ,0,전체,11110-4145,11110-3771,0,서울특별시 종로구 청운동 8-4번지, ,1,23,11110, ,
10100, ,0008,20170307,510,0005, , , ,1,동별,11110-4463,11110-11361,0,서울특별시 종로구 청운동 8-5번지,8-5,0,24,11110, ,
10100, ,0008,20170307,510,0009, , , ,1,동별,11110-4463,11110-11362,0,서울특별시 종로구 청운동 8-9번지,8-9,0,25,11110, ,
10100, ,0008,20170307,510,0010, , , ,1,동별,11110-4463,11110-11363,0,서울특별시 종로구 청운동 8-10번지,8-10,0,26,11110, ,
10100, ,0009,20161221,515,0006,08,대, ,0,전체,11110-100037358,11110-100023513,0,서울특별시 종로구 청운동 9-6번지, ,0,27,11110, ,
10100, ,0009,20161221,515,0006,08,대, ,1,동별,11110-100026886,11110-100037361,0,서울특별시 종로구 청운동 9-6번지, ,0,28,11110, ,
10100, ,0012,20090326,510,0001,08,대, ,0,전체,11110-5256,11110-4882,0,서울특별시 종로구 청운동 12-1번지, ,1,29,11110, ,
10100, ,0012,20090326,510,0001,08,대, ,0,전체,11110-5257,11110-4883,0,서울특별시 종로구 청운동 12-1번지, ,1,30,11110, ,
10100, ,0012,20090326,510,0001,08,대, ,0,전체,11110-5259,11110-4885,0,서울특별시 종로구 청운동 12-1번지, ,1,31,11110, ,
10100, ,0012,20190109,515,0002,08,대, ,0,전체,11110-100042756,11110-100030002,0,서울특별시 종로구 청운동 12-2번지, ,1,32,11110, ,
10100, ,0012,20170223,515,0003,08,대, ,0,전체,11110-100037996,11110-100027328,0,서울특별시 종로구 청운동 12-3번지, ,1,33,11110, ,
10100, ,0012,20190109,515,0003,08,대, ,0,전체,11110-100042757,11110-100030002,0,서울특별시 종로구 청운동 12-3번지, ,0,34,11110, ,
10100, ,0012,20190212,515,0003,08,대, ,0,전체,11110-100047144,11110-100034834,0,서울특별시 종로구 청운동 12-3번지, ,1,35,11110, ,
10100, ,0012,20190307,515,0003,08,대, ,0,전체,11110-100047698,11110-100035371,0,서울특별시 종로구 청운동 12-3번지, ,1,36,11110, ,
10100, ,0012,20190329,515,0003,08,대, ,0,전체,11110-100048409,11110-100034089,0,서울특별시 종로구 청운동 12-3번지, ,1,37,11110, ,
10100, ,0012,20141210,515,0005,08,대, ,0,전체,11110-100028611,11110-100021370,0,서울특별시 종로구 청운동 12-5번지, ,1,38,11110, ,
10100, ,0012,20100325,510,0009, , , ,0,전체,11110-7105,11110-6731,0,서울특별시 종로구 청운동 12-9번지, ,1,39,11110, ,
10100, ,0012,20190109,515,0015,08,대, ,0,전체,11110-100042758,11110-100030002,0,서울특별시 종로구 청운동 12-15번지, ,0,40,11110, ,
10100, ,0015,20100325,510,0000, , , ,0,전체,11110-6002,11110-5628,0,서울특별시 종로구 청운동 15번지, ,1,41,11110, ,
10100, ,0015,20130618,510,0000,08,대, ,0,전체,11110-2238,11110-1864,0,서울특별시 종로구 청운동 15번지, ,1,42,11110, ,
10100, ,0015,20100325,510,0007, , , ,0,전체,11110-5582,11110-5208,0,서울특별시 종로구 청운동 15-7번지, ,1,43,11110, ,
10100, ,0015,20130618,510,0007,08,대, ,0,전체,11110-1935,11110-1561,0,서울특별시 종로구 청운동 15-7번지, ,1,44,11110, ,
10100, ,0015,20090326,510,0009,08,대, ,0,전체,11110-2935,11110-2561,0,서울특별시 종로구 청운동 15-9번지, ,1,45,11110, ,
10100, ,0015,20100325,510,0009, , , ,0,전체,11110-6042,11110-5668,0,서울특별시 종로구 청운동 15-9번지, ,1,46,11110, ,
10100, ,0015,20131001,510,0012,08,대, ,0,전체,11110-100024170,11110-100018280,0,서울특별시 종로구 청운동 15-12번지, ,1,47,11110, ,
10100, ,0015,20180914,510,0012,08,대, ,0,전체,11110-100027043,11110-100016889,0,서울특별시 종로구 청운동 15-12번지, ,1,48,11110, ,
10100, ,0015,20100325,510,0014,08,대, ,0,전체,11110-100009949,11110-100010314,0,서울특별시 종로구 청운동 15-14번지, ,1,49,11110, ,
10100, ,0015,20111209,510,0014,08,대, ,0,전체,11110-100010515,11110-100010771,0,서울특별시 종로구 청운동 15-14번지, ,1,50,11110, ,
10100, ,0015,20111209,510,0014,08,대, ,0,전체,11110-100018505,11110-100011735,0,서울특별시 종로구 청운동 15-14번지, ,1,51,11110, ,
10100, ,0015,20100325,510,0015, , , ,0,전체,11110-6254,11110-5880,0,서울특별시 종로구 청운동 15-15번지, ,1,52,11110, ,
10100, ,0015,20130618,510,0015,08,대, ,0,전체,11110-2837,11110-2463,0,서울특별시 종로구 청운동 15-15번지, ,1,53,11110, ,
10100, ,0015,20100325,510,0017,08,대, ,0,전체,11110-100009950,11110-100010315,0,서울특별시 종로구 청운동 15-17번지, ,1,54,11110, ,
10100, ,0015,20111104,510,0017,08,대, ,0,전체,11110-100018184,11110-100011736,0,서울특별시 종로구 청운동 15-17번지, ,1,55,11110, ,
10100, ,0015,20100325,510,0021, , , ,0,전체,11110-6963,11110-6589,0,서울특별시 종로구 청운동 15-21번지, ,1,56,11110, ,
10100, ,0015,20140318,510,0021,08,대, ,0,전체,11110-100026011,11110-100018579,0,서울특별시 종로구 청운동 15-21번지, ,0,57,11110, ,
10100, ,0015,20140318,510,0021,08,대, ,1,동별,11110-100018724,11110-100026013,0,서울특별시 종로구 청운동 15-21번지, ,0,58,11110, ,
10100, ,0015,20140318,510,0022,08,대, ,0,전체,11110-100026010,11110-100018579,0,서울특별시 종로구 청운동 15-22번지, ,1,59,11110, ,
10100, ,0015,20130824,510,0033,08,대, ,0,전체,11110-2325,11110-1951,0,서울특별시 종로구 청운동 15-33번지, ,1,60,11110, ,
10100, ,0015,20170301,515,0033,08,대, ,0,전체,11110-100038045,11110-100027374,0,서울특별시 종로구 청운동 15-33번지, ,1,61,11110, ,
10100, ,0015,20180420,515,0033,08,대, ,0,전체,11110-100043302,11110-100025592,0,서울특별시 종로구 청운동 15-33번지, ,1,62,11110, ,
10100, ,0015,20140318,510,0040,08,대, ,0,전체,11110-100026012,11110-100018579,0,서울특별시 종로구 청운동 15-40번지, ,0,63,11110, ,
10100, ,0015,20140318,510,0040,08,대, ,1,동별,11110-100018724,11110-100026014,0,서울특별시 종로구 청운동 15-40번지, ,0,64,11110, ,
10100, ,0015,20130727,510,0046,08,대, ,0,전체,11110-100023718,11110-100016486,0,서울특별시 종로구 청운동 15-46번지, ,1,65,11110, ,
10100, ,0015,20150627,515,0046,08,대, ,0,전체,11110-100031016,11110-100023085,0,서울특별시 종로구 청운동 15-46번지, ,1,66,11110, ,
10100, ,0015,20161207,515,0046,08,대, ,0,전체,11110-100037255,11110-100023938,0,서울특별시 종로구 청운동 15-46번지, ,1,67,11110, ,
10100, ,0015,20100818,510,0047, , , ,0,전체,11110-1070,11110-732,0,서울특별시 종로구 청운동 15-47번지, ,1,68,11110, ,
10100, ,0015,20130618,510,0056,08,대, ,0,전체,11110-1292,11110-929,0,서울특별시 종로구 청운동 15-56번지, ,1,69,11110, ,
10100, ,0015,20111209,510,0079,08,대, ,0,전체,11110-100018506,11110-100011735,0,서울특별시 종로구 청운동 15-79번지, ,0,70,11110, ,
10100, ,0016,20190305,510,0001, , , ,0,전체,11110-3885,11110-3511,0,서울특별시 종로구 청운동 16-1번지, ,1,71,11110, ,
10100, ,0030,20140711,510,0001,08,대, ,0,전체,11110-2843,11110-2469,0,서울특별시 종로구 청운동 30-1번지, ,1,72,11110, ,
10100, ,0030,20140711,510,0004, , , ,1,동별,11110-3002,11110-10862,0,서울특별시 종로구 청운동 30-4번지,30-4,0,73,11110, ,
10100, ,0030,20100325,510,0005, , , ,0,전체,11110-6180,11110-5806,0,서울특별시 종로구 청운동 30-5번지, ,1,74,11110, ,
10100, ,0030,20140711,510,0005, , , ,1,동별,11110-3002,11110-10863,0,서울특별시 종로구 청운동 30-5번지,30-5,0,75,11110, ,
10100, ,0030,20151014,515,0013,08,대, ,0,전체,11110-100032299,11110-100023937,0,서울특별시 종로구 청운동 30-13번지, ,1,76,11110, ,
10100, ,0030,20170908,515,0013,08,대, ,0,전체,11110-100041095,11110-100024216,0,서울특별시 종로구 청운동 30-13번지, ,1,77,11110, ,
10100, ,0030,20171020,515,0013,08,대, ,0,전체,11110-100041494,11110-100029175,0,서울특별시 종로구 청운동 30-13번지, ,1,78,11110, ,
10100, ,0030,20180519,515,0015,08,대, ,0,전체,11110-100043623,11110-100027079,0,서울특별시 종로구 청운동 30-15번지, ,1,79,11110, ,
10100, ,0030,20180519,515,0016,08,대, ,0,전체,11110-100043624,11110-100027079,0,서울특별시 종로구 청운동 30-16번지, ,0,80,11110, ,
10100, ,0031,20100818,510,0007, , , ,0,전체,11110-1733,11110-1370,0,서울특별시 종로구 청운동 31-7번지, ,1,81,11110, ,
10100, ,0038,20151014,515,0001,08,대, ,0,전체,11110-100032297,11110-100023936,0,서울특별시 종로구 청운동 38-1번지, ,1,82,11110, ,
10100, ,0038,20170908,515,0001,08,대, ,0,전체,11110-100041096,11110-100024216,0,서울특별시 종로구 청운동 38-1번지, ,0,83,11110, ,
10100, ,0038,20170908,515,0001,08,대, ,1,동별,11110-100029000,11110-100041098,0,서울특별시 종로구 청운동 38-1번지, ,0,84,11110, ,
10100, ,0038,20171020,515,0001,08,대, ,0,전체,11110-100041495,11110-100029175,0,서울특별시 종로구 청운동 38-1번지, ,0,85,11110, ,
10100, ,0038,20180519,515,0011,08,대, ,0,전체,11110-100043625,11110-100027079,0,서울특별시 종로구 청운동 38-11번지, ,0,86,11110, ,
10100, ,0038,20170908,515,0014,08,대, ,0,전체,11110-100041097,11110-100024216,0,서울특별시 종로구 청운동 38-14번지, ,0,87,11110, ,
10100, ,0038,20170908,515,0014,08,대, ,1,동별,11110-100029000,11110-100041099,0,서울특별시 종로구 청운동 38-14번지, ,0,88,11110, ,
10100, ,0038,20171020,515,0014,08,대, ,0,전체,11110-100041496,11110-100029175,0,서울특별시 종로구 청운동 38-14번지, ,0,89,11110, ,
10100, ,0039,20100325,510,0006, , , ,0,전체,11110-6096,11110-5722,0,서울특별시 종로구 청운동 39-6번지, ,1,90,11110, ,
10100, ,0039,20140327,510,0006,08,대, ,0,전체,11110-2201,11110-1827,0,서울특별시 종로구 청운동 39-6번지, ,1,91,11110, ,
10100, ,0040,20090326,510,0003,08,대, ,0,전체,11110-1395,11110-1032,0,서울특별시 종로구 청운동 40-3번지, ,1,92,11110, ,
10100, ,0040,20100325,510,0003, , , ,0,전체,11110-5892,11110-5518,0,서울특별시 종로구 청운동 40-3번지, ,1,93,11110, ,
10100, ,0040,20140206,510,0003,08,대, ,0,전체,11110-2132,11110-1758,0,서울특별시 종로구 청운동 40-3번지, ,1,94,11110, ,
10100, ,0040,20180914,510,0003,08,대, ,0,전체,11110-100026090,11110-100019422,0,서울특별시 종로구 청운동 40-3번지, ,1,95,11110, ,
10100, ,0048,20150730,515,0000,08,대, ,0,전체,11110-100031480,11110-100023269,0,서울특별시 종로구 청운동 48번지, ,1,96,11110, ,
10100, ,0049,20160706,515,0002,08,대, ,0,전체,11110-100035197,11110-100025772,0,서울특별시 종로구 청운동 49-2번지, ,1,97,11110, ,
10100, ,0049,20170524,515,0002,08,대, ,0,전체,11110-100038943,11110-100024571,0,서울특별시 종로구 청운동 49-2번지, ,1,98,11110, ,
10100, ,0049,20160706,515,0003,08,대, ,0,전체,11110-100035196,11110-100025771,0,서울특별시 종로구 청운동 49-3번지, ,1,99,11110, ,
10100, ,0049,20170524,515,0003,08,대, ,0,전체,11110-100038944,11110-100024571,0,서울특별시 종로구 청운동 49-3번지, ,0,100,11110, ,
10100, ,0049,20170524,515,0003,08,대, ,1,동별,11110-100027973,11110-100038947,0,서울특별시 종로구 청운동 49-3번지, ,0,101,11110, ,
10100, ,0050,20170421,515,0006,08,대, ,0,전체,11110-100038641,11110-100025737,0,서울특별시 종로구 청운동 50-6번지, ,1,102,11110, ,
10100, ,0050,20131206,510,0010,08,대, ,0,전체,11110-1383,11110-1020,0,서울특별시 종로구 청운동 50-10번지, ,1,103,11110, ,
10100, ,0050,20170524,515,0014,08,대, ,0,전체,11110-100038945,11110-100024571,0,서울특별시 종로구 청운동 50-14번지, ,0,104,11110, ,
10100, ,0050,20170524,515,0014,08,대, ,1,동별,11110-100027973,11110-100038948,0,서울특별시 종로구 청운동 50-14번지, ,0,105,11110, ,
10100, ,0050,20180421,515,0030,08,대, ,0,전체,11110-100043307,11110-100030448,0,서울특별시 종로구 청운동 50-30번지, ,1,106,11110, ,
10100, ,0050,20190213,515,0030,08,대, ,0,전체,11110-100047163,11110-100024762,0,서울특별시 종로구 청운동 50-30번지, ,1,107,11110, ,
10100, ,0050,20160805,515,0040,08,대, ,0,전체,11110-100035698,11110-100025971,0,서울특별시 종로구 청운동 50-40번지, ,1,108,11110, ,
10100, ,0050,20170722,515,0040,08,대, ,0,전체,11110-100040559,11110-100025972,0,서울특별시 종로구 청운동 50-40번지, ,1,109,11110, ,
10100, ,0050,20160805,515,0041,08,대, ,0,전체,11110-100035699,11110-100025971,0,서울특별시 종로구 청운동 50-41번지, ,0,110,11110, ,
10100, ,0050,20170524,515,0049,08,대, ,0,전체,11110-100038946,11110-100024571,0,서울특별시 종로구 청운동 50-49번지, ,0,111,11110, ,
10100, ,0050,20170524,515,0049,08,대, ,1,동별,11110-100027973,11110-100038949,0,서울특별시 종로구 청운동 50-49번지, ,0,112,11110, ,
10100, ,0050,20150903,515,0062,08,대, ,0,전체,11110-100031806,11110-100022515,0,서울특별시 종로구 청운동 50-62번지, ,1,113,11110, ,
10100, ,0051,20130618,510,0005,08,대, ,0,전체,11110-756,11110-418,0,서울특별시 종로구 청운동 51-5번지, ,1,114,11110, ,
10100, ,0051,20130618,510,0005, , , ,0,전체,11110-855,11110-517,0,서울특별시 종로구 청운동 51-5번지, ,1,115,11110, ,
10100, ,0052,20160608,515,0002,08,대, ,0,전체,11110-100034915,11110-100023810,0,서울특별시 종로구 청운동 52-2번지, ,1,116,11110, ,
10100, ,0052,20100616,510,0005,08,대, ,0,전체,11110-100013675,11110-100012124,0,서울특별시 종로구 청운동 52-5번지, ,1,117,11110, ,
10100, ,0052,20101123,510,0005,08,대, ,0,전체,11110-100015225,11110-100011904,0,서울특별시 종로구 청운동 52-5번지, ,1,118,11110, ,
10100, ,0052,20141001,515,0005,08,대, ,0,전체,11110-100027829,11110-100020788,0,서울특별시 종로구 청운동 52-5번지, ,1,119,11110, ,
10100, ,0052,20180328,515,0005,08,대, ,0,전체,11110-100043024,11110-100030171,0,서울특별시 종로구 청운동 52-5번지, ,1,120,11110, ,
10100, ,0052,20090326,510,0006,08,대, ,0,전체,11110-1157,11110-794,0,서울특별시 종로구 청운동 52-6번지, ,1,121,11110, ,
10100, ,0052,20130618,510,0010,08,대, ,0,전체,11110-810,11110-472,0,서울특별시 종로구 청운동 52-10번지, ,1,122,11110, ,
10100, ,0052,20100604,510,0015,08,대, ,0,전체,11110-784,11110-446,0,서울특별시 종로구 청운동 52-15번지, ,1,123,11110, ,
10100, ,0052,20090326,510,0016,08,대, ,0,전체,11110-2839,11110-2465,0,서울특별시 종로구 청운동 52-16번지, ,1,124,11110, ,
10100, ,0052,20090326,510,0018,08,대, ,0,전체,11110-905,11110-567,0,서울특별시 종로구 청운동 52-18번지, ,1,125,11110, ,
10100, ,0052,20120204,510,0018,08,대, ,0,전체,11110-805,11110-467,0,서울특별시 종로구 청운동 52-18번지, ,1,126,11110, ,
10100,52,0052,20090326,510,0023,08,대,23,0,전체,11110-1443,11110-1080,0,서울특별시 종로구 청운동 52-23번지, ,1,127,11110,서울시 종로구 청운동,
10100, ,0052,20100112,510,0026,08,대, ,0,전체,11110-100012191,11110-100008788,0,서울특별시 종로구 청운동 52-26번지, ,1,128,11110, ,
10100, ,0052,20100325,510,0026,08,대, ,0,전체,11110-100009690,11110-100009995,0,서울특별시 종로구 청운동 52-26번지, ,1,129,11110, ,
10100, ,0052,20161022,515,0028,08,대, ,0,전체,11110-100036710,11110-100026582,0,서울특별시 종로구 청운동 52-28번지, ,1,130,11110, ,
10100, ,0052,20100616,510,0037,08,대, ,0,전체,11110-100013674,11110-100012123,0,서울특별시 종로구 청운동 52-37번지, ,1,131,11110, ,
10100, ,0052,20101123,510,0037,08,대, ,0,전체,11110-100015226,11110-100011904,0,서울특별시 종로구 청운동 52-37번지, ,0,132,11110, ,
10100, ,0052,20101123,510,0037,08,대, ,1,동별,11110-100010849,11110-100015227,0,서울특별시 종로구 청운동 52-37번지, ,0,133,11110, ,
10100, ,0052,20141001,515,0037,08,대, ,0,전체,11110-100027830,11110-100020788,0,서울특별시 종로구 청운동 52-37번지, ,0,134,11110, ,
10100, ,0052,20141001,515,0037,08,대, ,1,동별,11110-100020075,11110-100027831,0,서울특별시 종로구 청운동 52-37번지, ,0,135,11110, ,
10100, ,0052,20180328,515,0037,08,대, ,0,전체,11110-100043025,11110-100030171,0,서울특별시 종로구 청운동 52-37번지, ,0,136,11110, ,
10100, ,0052,20090326,510,0038, , , ,0,전체,11110-1232,11110-869,0,서울특별시 종로구 청운동 52-38번지, ,1,137,11110, ,
10100, ,0052,20100325,510,0038, , , ,0,전체,11110-5357,11110-4983,0,서울특별시 종로구 청운동 52-38번지, ,1,138,11110, ,
10100, ,0052,20091024,510,0042,08,대, ,0,전체,11110-100011260,11110-100010883,0,서울특별시 종로구 청운동 52-42번지, ,1,139,11110, ,
10100, ,0052,20100325,510,0042,08,대, ,0,전체,11110-100010412,11110-100010702,0,서울특별시 종로구 청운동 52-42번지, ,1,140,11110, ,
10100, ,0052,20090326,510,0051,08,대, ,0,전체,11110-2930,11110-2556,0,서울특별시 종로구 청운동 52-51번지, ,1,141,11110, ,
10100, ,0052,20100325,510,0057, , , ,0,전체,11110-6812,11110-6438,0,서울특별시 종로구 청운동 52-57번지, ,1,142,11110, ,
10100, ,0052,20140902,510,0057,08,대, ,0,전체,11110-3754,11110-3380,0,서울특별시 종로구 청운동 52-57번지, ,1,143,11110, ,
10100, ,0052,20100325,510,0066, , , ,0,전체,11110-6811,11110-6437,0,서울특별시 종로구 청운동 52-66번지, ,1,144,11110, ,
10100, ,0052,20140902,510,0066, , , ,1,동별,11110-4016,11110-11239,0,서울특별시 종로구 청운동 52-66번지,52-66,0,145,11110, ,
10100, ,0052,20120217,510,0083,08,대, ,0,전체,11110-100019144,11110-100015298,0,서울특별시 종로구 청운동 52-83번지, ,1,146,11110, ,
10100, ,0052,20120217,510,0083,08,대, ,0,전체,11110-100019145,11110-100015299,0,서울특별시 종로구 청운동 52-83번지, ,1,147,11110, ,
10100, ,0052,20120731,510,0083,08,대, ,0,전체,11110-100020791,11110-100015218,0,서울특별시 종로구 청운동 52-83번지, ,1,148,11110, ,
10100, ,0052,20140710,515,0083,08,대, ,0,전체,11110-100027001,11110-100020246,0,서울특별시 종로구 청운동 52-83번지, ,1,149,11110, ,
10100, ,0052,20090326,510,0106,08,대, ,0,전체,11110-4230,11110-3856,0,서울특별시 종로구 청운동 52-106번지, ,1,150,11110, ,
10100, ,0052,20100818,510,0108,08,대, ,0,전체,11110-1012,11110-674,0,서울특별시 종로구 청운동 52-108번지, ,1,151,11110, ,
10100, ,0052,20190109,515,0127,08,대, ,0,전체,11110-100046804,11110-100033809,0,서울특별시 종로구 청운동 52-127번지, ,1,152,11110, ,
10100, ,0052,20190124,515,0128,08,대, ,0,전체,11110-100047014,11110-100033810,0,서울특별시 종로구 청운동 52-128번지, ,1,153,11110, ,
10100, ,0052,20190323,515,0131,08,대, ,0,전체,11110-100048269,11110-100035831,0,서울특별시 종로구 청운동 52-131번지, ,1,154,11110, ,
10100, ,0053,20130315,510,0003,08,대, ,0,전체,11110-100022608,11110-100017257,0,서울특별시 종로구 청운동 53-3번지, ,1,155,11110, ,
10100, ,0053,20180914,510,0003,08,대, ,0,전체,11110-100025644,11110-100017312,0,서울특별시 종로구 청운동 53-3번지, ,1,156,11110, ,
10100, ,0053,20130803,510,0008,08,대, ,0,전체,11110-100023826,11110-100016882,0,서울특별시 종로구 청운동 53-8번지, ,1,157,11110, ,
10100, ,0053,20141024,510,0008, , , ,0,전체,11110-1444,11110-1081,0,서울특별시 종로구 청운동 53-8번지, ,1,158,11110, ,
10100, ,0053,20110226,510,0016,08,대, ,0,전체,11110-100016073,11110-100013380,0,서울특별시 종로구 청운동 53-16번지, ,1,159,11110, ,
10100, ,0053,20120425,510,0016,08,대, ,0,전체,11110-100019881,11110-100013593,0,서울특별시 종로구 청운동 53-16번지, ,1,160,11110, ,
10100, ,0053,20090326,510,0017,08,대, ,0,전체,11110-92,11110-92,0,서울특별시 종로구 청운동 53-17번지, ,1,161,11110, ,
10100, ,0053,20090326,510,0018,08,대, ,0,전체,11110-4481,11110-4107,0,서울특별시 종로구 청운동 53-18번지, ,1,162,11110, ,
10100, ,0053,20100325,510,0018, , , ,0,전체,11110-7061,11110-6687,0,서울특별시 종로구 청운동 53-18번지, ,1,163,11110, ,
10100, ,0053,20130723,510,0019,08,대, ,0,전체,11110-100023640,11110-100017873,0,서울특별시 종로구 청운동 53-19번지, ,1,164,11110, ,
10100, ,0053,20140117,510,0019,08,대, ,0,전체,11110-100025407,11110-100018037,0,서울특별시 종로구 청운동 53-19번지, ,1,165,11110, ,
10100, ,0053,20110308,510,0031,08,대, ,0,전체,11110-100016142,11110-100013449,0,서울특별시 종로구 청운동 53-31번지, ,1,166,11110, ,
10100, ,0053,20120229,510,0031,08,대, ,0,전체,11110-100019287,11110-100013423,0,서울특별시 종로구 청운동 53-31번지, ,1,167,11110, ,
10100, ,0053,20090326,510,0056,08,대, ,0,전체,11110-3009,11110-2635,0,서울특별시 종로구 청운동 53-56번지, ,1,168,11110, ,
10100, ,0053,20090326,510,0057,08,대, ,0,전체,11110-100005773,11110-4073,0,서울특별시 종로구 청운동 53-57번지, ,1,169,11110, ,
10100, ,0053,20100325,510,0057, , , ,0,전체,11110-7015,11110-6641,0,서울특별시 종로구 청운동 53-57번지, ,1,170,11110, ,
10100, ,0053,20130911,510,0060,08,대, ,0,전체,11110-100024028,11110-100018204,0,서울특별시 종로구 청운동 53-60번지, ,1,171,11110, ,
10100, ,0053,20131026,510,0060,08,대, ,0,전체,11110-100024460,11110-100018469,0,서울특별시 종로구 청운동 53-60번지, ,1,172,11110, ,
10100, ,0053,20150508,515,0060,08,대, ,0,전체,11110-100030448,11110-100022710,0,서울특별시 종로구 청운동 53-60번지, ,1,173,11110, ,
10100, ,0053,20180419,515,0060,08,대, ,0,전체,11110-100043273,11110-100030423,0,서울특별시 종로구 청운동 53-60번지, ,1,174,11110, ,
10100, ,0053,20090610,510,0078,08,대, ,0,전체,11110-100009850,11110-100007235,0,서울특별시 종로구 청운동 53-78번지, ,1,175,11110, ,
10100, ,0053,20100325,510,0083, , , ,0,전체,11110-7062,11110-6688,0,서울특별시 종로구 청운동 53-83번지, ,1,176,11110, ,
10100, ,0053,20140411,510,0083,08,대, ,0,전체,11110-4492,11110-4118,0,서울특별시 종로구 청운동 53-83번지, ,1,177,11110, ,
10100, ,0053,20130801,510,0088,08,대, ,0,전체,11110-100023743,11110-100017954,0,서울특별시 종로구 청운동 53-88번지, ,1,178,11110, ,
10100, ,0053,20141021,510,0088,08,대, ,0,전체,11110-100028095,11110-100017623,0,서울특별시 종로구 청운동 53-88번지, ,1,179,11110, ,
10100, ,0055,20110908,510,0013,08,대, ,0,전체,11110-100017767,11110-100014357,0,서울특별시 종로구 청운동 55-13번지, ,1,180,11110, ,
10100, ,0056,20090326,510,0001,08,대, ,0,전체,11110-510,11110-311,0,서울특별시 종로구 청운동 56-1번지, ,1,181,11110, ,
10100, ,0056,20090326,510,0003,08,대, ,0,전체,11110-4566,11110-4192,0,서울특별시 종로구 청운동 56-3번지, ,1,182,11110, ,
10100, ,0056,20150402,510,0004,08,대, ,0,전체,11110-2328,11110-1954,0,서울특별시 종로구 청운동 56-4번지, ,1,183,11110, ,
10100, ,0056,20100325,510,0013, , , ,0,전체,11110-5852,11110-5478,0,서울특별시 종로구 청운동 56-13번지, ,1,184,11110, ,
10100, ,0056,20140517,510,0014,08,대, ,0,전체,11110-3231,11110-2857,0,서울특별시 종로구 청운동 56-14번지, ,1,185,11110, ,
10100, ,0056,20100325,510,0021, , , ,0,전체,11110-6456,11110-6082,0,서울특별시 종로구 청운동 56-21번지, ,1,186,11110, ,
10100, ,0056,20090326,510,0041,08,대, ,0,전체,11110-4037,11110-3663,0,서울특별시 종로구 청운동 56-41번지, ,1,187,11110, ,
10100, ,0056,20100325,510,0041, , , ,0,전체,11110-5976,11110-5602,0,서울특별시 종로구 청운동 56-41번지, ,1,188,11110, ,
10100, ,0056,20130618,510,0042,08,대, ,0,전체,11110-767,11110-429,0,서울특별시 종로구 청운동 56-42번지, ,1,189,11110, ,
10100, ,0056,20171118,515,0044,08,대, ,0,전체,11110-100031616,11110-100023469,0,서울특별시 종로구 청운동 56-44번지, ,1,190,11110, ,
10100, ,0056,20100325,510,0046, , , ,0,전체,11110-7102,11110-6728,0,서울특별시 종로구 청운동 56-46번지, ,1,191,11110, ,
10100, ,0056,20090326,510,0048,10,학교용지, ,0,전체,11110-2032,11110-1658,0,서울특별시 종로구 청운동 56-48번지, ,1,192,11110, ,
10100, ,0056,20100325,510,0048, , , ,0,전체,11110-5761,11110-5387,0,서울특별시 종로구 청운동 56-48번지, ,1,193,11110, ,
10100, ,0056,20100325,510,0049, , , ,0,전체,11110-6364,11110-5990,0,서울특별시 종로구 청운동 56-49번지, ,1,194,11110, ,
10100, ,0056,20140711,510,0049,08,대, ,0,전체,11110-2235,11110-1861,0,서울특별시 종로구 청운동 56-49번지, ,1,195,11110, ,
10100, ,0056,20140711,510,0049,08,대, ,0,전체,11110-2737,11110-2363,0,서울특별시 종로구 청운동 56-49번지, ,1,196,11110, ,
10100, ,0056,20100529,510,0060,08,대, ,0,전체,11110-100013503,11110-100012046,0,서울특별시 종로구 청운동 56-60번지, ,1,197,11110, ,
10100, ,0056,20150207,510,0070,08,대, ,0,전체,11110-100013197,11110-100011630,0,서울특별시 종로구 청운동 56-70번지, ,1,198,11110, ,
10100, ,0056,20150523,515,0077,08,대, ,0,전체,11110-100030617,11110-100022814,0,서울특별시 종로구 청운동 56-77번지, ,1,199,11110, ,
10100, ,0056,20160629,515,0077,08,대, ,0,전체,11110-100035136,11110-100023518,0,서울특별시 종로구 청운동 56-77번지, ,1,200,11110, ,
10100, ,0057,20160420,515,0027,08,대, ,0,전체,11110-100034440,11110-100025286,0,서울특별시 종로구 청운동 57-27번지, ,1,201,11110, ,
10100, ,0057,20161108,515,0027,08,대, ,0,전체,11110-100036881,11110-100024788,0,서울특별시 종로구 청운동 57-27번지, ,1,202,11110, ,
10100, ,0057,20160421,515,0042,08,대, ,0,전체,11110-100034450,11110-100025288,0,서울특별시 종로구 청운동 57-42번지, ,1,203,11110, ,
10100, ,0057,20170603,515,0042,08,대, ,0,전체,11110-100039099,11110-100025790,0,서울특별시 종로구 청운동 57-42번지, ,1,204,11110, ,
10100, ,0057,20161108,515,0043,08,대, ,0,전체,11110-100036882,11110-100024788,0,서울특별시 종로구 청운동 57-43번지, ,0,205,11110, ,
10100, ,0057,20161108,515,0043,08,대, ,1,동별,11110-100026545,11110-100036888,0,서울특별시 종로구 청운동 57-43번지, ,0,206,11110, ,
10100, ,0057,20161108,515,0049,08,대, ,0,전체,11110-100036883,11110-100024788,0,서울특별시 종로구 청운동 57-49번지, ,0,207,11110, ,
10100, ,0057,20161108,515,0049,08,대, ,1,동별,11110-100026545,11110-100036889,0,서울특별시 종로구 청운동 57-49번지, ,0,208,11110, ,
10100, ,0057,20160419,515,0051,08,대, ,0,전체,11110-100034439,11110-100025285,0,서울특별시 종로구 청운동 57-51번지, ,1,209,11110, ,
10100, ,0057,20161108,515,0051,08,대, ,0,전체,11110-100036884,11110-100024788,0,서울특별시 종로구 청운동 57-51번지, ,0,210,11110, ,
10100, ,0057,20161108,515,0051,08,대, ,1,동별,11110-100026545,11110-100036890,0,서울특별시 종로구 청운동 57-51번지, ,0,211,11110, ,
10100, ,0057,20100325,510,0064, , , ,0,전체,11110-5604,11110-5230,0,서울특별시 종로구 청운동 57-64번지, ,1,212,11110, ,
10100,57,0057,20130618,510,0064,08,대,64,0,전체,11110-1369,11110-1006,0,서울특별시 종로구 청운동 57-64번지, ,1,213,11110,서울시 종로구 청운동,
10100, ,0057,20150109,515,0064,08,대, ,0,전체,11110-100029023,11110-100021666,0,서울특별시 종로구 청운동 57-64번지, ,1,214,11110, ,
10100, ,0057,20150109,515,0065,08,대, ,0,전체,11110-100029024,11110-100021666,0,서울특별시 종로구 청운동 57-65번지, ,0,215,11110, ,
10100, ,0057,20161108,515,0067,08,대, ,0,전체,11110-100036885,11110-100024788,0,서울특별시 종로구 청운동 57-67번지, ,0,216,11110, ,
10100, ,0057,20161108,515,0067,08,대, ,1,동별,11110-100026545,11110-100036891,0,서울특별시 종로구 청운동 57-67번지, ,0,217,11110, ,
10100, ,0057,20161108,515,0068,08,대, ,0,전체,11110-100036886,11110-100024788,0,서울특별시 종로구 청운동 57-68번지, ,0,218,11110, ,
10100, ,0057,20161108,515,0068,08,대, ,1,동별,11110-100026545,11110-100036892,0,서울특별시 종로구 청운동 57-68번지, ,0,219,11110, ,
10100, ,0057,20161108,515,0069,08,대, ,0,전체,11110-100036887,11110-100024788,0,서울특별시 종로구 청운동 57-69번지, ,0,220,11110, ,
10100, ,0057,20161108,515,0069,08,대, ,1,동별,11110-100026545,11110-100036893,0,서울특별시 종로구 청운동 57-69번지, ,0,221,11110, ,
10100, ,0059,20131018,510,0005,08,대, ,0,전체,11110-100016414,11110-100013670,0,서울특별시 종로구 청운동 59-5번지, ,1,222,11110, ,
10100, ,0060,20090326,510,0000,08,대, ,0,전체,11110-100008287,11110-100005957,0,서울특별시 종로구 청운동 60번지, ,1,223,11110, ,
10100, ,0060,20100325,510,0000,08,대, ,0,전체,11110-100006384,11110-100006197,0,서울특별시 종로구 청운동 60번지, ,1,224,11110, ,
10100, ,0063,20190214,515,0000,08,대, ,0,전체,11110-100047188,11110-100034893,0,서울특별시 종로구 청운동 63번지, ,1,225,11110, ,
10100, ,0063,20190329,515,0000,08,대, ,0,전체,11110-100048413,11110-100034531,0,서울특별시 종로구 청운동 63번지, ,1,226,11110, ,
10100, ,0065,20180616,515,0000,08,대, ,0,전체,11110-100042795,11110-100030046,0,서울특별시 종로구 청운동 65번지, ,1,227,11110, ,
10100, ,0065,20180719,515,0000,08,대, ,0,전체,11110-100044631,11110-100031167,0,서울특별시 종로구 청운동 65번지, ,1,228,11110, ,
10100, ,0065,20190112,515,0000,08,대, ,0,전체,11110-100046840,11110-100030967,0,서울특별시 종로구 청운동 65번지, ,1,229,11110, ,
10100, ,0068,20121113,510,0000,08,대, ,0,전체,11110-100021657,11110-100016626,0,서울특별시 종로구 청운동 68번지, ,1,230,11110, ,
10100, ,0069,20090326,510,0000,08,대, ,0,전체,11110-2425,11110-2051,0,서울특별시 종로구 청운동 69번지, ,1,231,11110, ,
10100, ,0071,20130221,510,0002,08,대, ,0,전체,11110-1173,11110-810,0,서울특별시 종로구 청운동 71-2번지, ,1,232,11110, ,
10100, ,0075,20130309,510,0000,08,대, ,0,전체,11110-100022585,11110-100017234,0,서울특별시 종로구 청운동 75번지, ,1,233,11110, ,
10100, ,0079,20090326,510,0002,08,대, ,0,전체,11110-2164,11110-1790,0,서울특별시 종로구 청운동 79-2번지, ,1,234,11110, ,
10100, ,0079,20100325,510,0002, , , ,0,전체,11110-5931,11110-5557,0,서울특별시 종로구 청운동 79-2번지, ,1,235,11110, ,
10100, ,0079,20170112,515,0002,08,대, ,0,전체,11110-100037619,11110-100027082,0,서울특별시 종로구 청운동 79-2번지, ,1,236,11110, ,
10100, ,0081,20170126,515,0001,08,대, ,0,전체,11110-100037763,11110-100027184,0,서울특별시 종로구 청운동 81-1번지, ,1,237,11110, ,
10100, ,0081,20180531,515,0001,08,대, ,0,전체,11110-100043749,11110-100027370,0,서울특별시 종로구 청운동 81-1번지, ,1,238,11110, ,
10100, ,0081,20170126,515,0002,08,대, ,0,전체,11110-100037762,11110-100027183,0,서울특별시 종로구 청운동 81-2번지, ,1,239,11110, ,
10100, ,0081,20180531,515,0002,08,대, ,0,전체,11110-100043750,11110-100027370,0,서울특별시 종로구 청운동 81-2번지, ,0,240,11110, ,
10100, ,0089,20100325,510,0000, , , ,0,전체,11110-5631,11110-5257,0,서울특별시 종로구 청운동 89번지, ,1,241,11110, ,
10100, ,0089,20160805,515,0002,08,대, ,0,전체,11110-100035657,11110-100025951,0,서울특별시 종로구 청운동 89-2번지, ,1,242,11110, ,
10100, ,0089,20090326,510,0005,08,대, ,0,전체,11110-1904,11110-1530,0,서울특별시 종로구 청운동 89-5번지, ,1,243,11110, ,
10100, ,0089,20100325,510,0005, , , ,0,전체,11110-5576,11110-5202,0,서울특별시 종로구 청운동 89-5번지, ,1,244,11110, ,
10100, ,0089,20150310,515,0012,08,대, ,0,전체,11110-100029837,11110-100022249,0,서울특별시 종로구 청운동 89-12번지, ,1,245,11110, ,
10100, ,0089,20150310,515,0013,14,도로, ,0,전체,11110-100029838,11110-100022249,0,서울특별시 종로구 청운동 89-13번지, ,0,246,11110, ,
10100, ,0089,20090326,510,0017,08,대, ,0,전체,11110-1162,11110-799,0,서울특별시 종로구 청운동 89-17번지, ,1,247,11110, ,
10100, ,0089,20090326,510,0020,08,대, ,0,전체,11110-2910,11110-2536,0,서울특별시 종로구 청운동 89-20번지, ,1,248,11110, ,
10100, ,0089,20090326,510,0021,08,대, ,0,전체,11110-1988,11110-1614,0,서울특별시 종로구 청운동 89-21번지, ,1,249,11110, ,
10100, ,0089,20100325,510,0021, , , ,0,전체,11110-6010,11110-5636,0,서울특별시 종로구 청운동 89-21번지, ,1,250,11110, ,
10100, ,0089,20090326,510,0022,08,대, ,0,전체,11110-1310,11110-947,0,서울특별시 종로구 청운동 89-22번지, ,1,251,11110, ,
10100, ,0089,20100325,510,0022, , , ,0,전체,11110-5455,11110-5081,0,서울특별시 종로구 청운동 89-22번지, ,1,252,11110, ,
10100, ,0089,20090326,510,0023,08,대, ,0,전체,11110-829,11110-491,0,서울특별시 종로구 청운동 89-23번지, ,1,253,11110, ,
10100, ,0089,20160223,510,0107, , , ,0,전체,11110-1713,11110-1350,0,서울특별시 종로구 청운동 89-107번지, ,1,254,11110, ,
10100, ,0089,20090326,510,0108,08,대, ,0,전체,11110-2435,11110-2061,0,서울특별시 종로구 청운동 89-108번지, ,1,255,11110, ,
10100, ,0089,20100325,510,0109,08,대, ,0,전체,11110-100011174,11110-100011015,0,서울특별시 종로구 청운동 89-109번지, ,1,256,11110, ,
10100, ,0089,20170727,515,0109,08,대, ,0,전체,11110-100040602,11110-100026815,0,서울특별시 종로구 청운동 89-109번지, ,1,257,11110, ,
10100, ,0089,20171118,510,0109,08,대, ,0,전체,11110-100025049,11110-100018883,0,서울특별시 종로구 청운동 89-109번지, ,1,258,11110, ,
10100, ,0089,20121219,510,0112,08,대, ,0,전체,11110-100022016,11110-100014909,0,서울특별시 종로구 청운동 89-112번지, ,1,259,11110, ,
10100, ,0091,20090326,510,0000,08,대, ,0,전체,11110-4267,11110-3893,0,서울특별시 종로구 청운동 91번지, ,1,260,11110, ,
10100, ,0091,20090326,510,0000, , , ,0,전체,11110-997,11110-659,0,서울특별시 종로구 청운동 91번지, ,1,261,11110, ,
10100, ,0094,20111201,510,0001,08,대, ,0,전체,11110-100018466,11110-100014894,0,서울특별시 종로구 청운동 94-1번지, ,1,262,11110, ,
10100, ,0094,20090326,510,0002,08,대, ,0,전체,11110-100007481,11110-100007115,0,서울특별시 종로구 청운동 94-2번지, ,1,263,11110, ,
10100, ,0095,20170715,515,0000,08,대, ,0,전체,11110-100040444,11110-100028424,0,서울특별시 종로구 청운동 95번지, ,1,264,11110, ,
10100,100,0100,20090326,510,0000,08,대,0,0,전체,11110-1597,11110-1234,0,서울특별시 종로구 청운동 100번지, ,1,265,11110,서울특별시 종로구 청운동,
10100, ,0107,20100325,510,0000, , , ,0,전체,11110-6051,11110-5677,0,서울특별시 종로구 청운동 107번지, ,1,266,11110, ,
10100, ,0107,20180608,510,0000,08,대, ,0,전체,11110-2700,11110-2326,0,서울특별시 종로구 청운동 107번지, ,1,267,11110, ,
10100, ,0108,20100604,510,0001,08,대, ,0,전체,11110-793,11110-455,0,서울특별시 종로구 청운동 108-1번지, ,1,268,11110, ,
10100, ,0108,20161209,510,0005, , , ,0,전체,11110-4679,11110-4305,0,서울특별시 종로구 청운동 108-5번지, ,1,269,11110, ,
10100, ,0108,20171031,515,0008,08,대, ,0,전체,11110-100041590,11110-100029241,0,서울특별시 종로구 청운동 108-8번지, ,1,270,11110, ,
10100, ,0108,20171118,510,0008,08,대, ,0,전체,11110-100025516,11110-100019273,0,서울특별시 종로구 청운동 108-8번지, ,1,271,11110, ,
10100, ,0108,20180426,515,0008,08,대, ,0,전체,11110-100043377,11110-100027924,0,서울특별시 종로구 청운동 108-8번지, ,1,272,11110, ,
10100,108,0108,20100604,510,0014,08,대,14,0,전체,11110-779,11110-441,0,서울특별시 종로구 청운동 108-14번지, ,1,273,11110, ,
10100, ,0111,20090326,510,0001,08,대, ,0,전체,11110-4020,11110-3646,0,서울특별시 종로구 청운동 111-1번지, ,1,274,11110, ,
10100, ,0111,20100325,510,0001, , , ,0,전체,11110-6936,11110-6562,0,서울특별시 종로구 청운동 111-1번지, ,1,275,11110, ,
10100, ,0113,20100325,510,0003, , , ,0,전체,11110-6790,11110-6416,0,서울특별시 종로구 청운동 113-3번지, ,1,276,11110, ,
10100, ,0113,20120215,510,0003,08,대, ,0,전체,11110-100019128,11110-2432,0,서울특별시 종로구 청운동 113-3번지, ,1,277,11110, ,
10100, ,0113,20170106,515,0003,08,대, ,0,전체,11110-100037519,11110-100027038,0,서울특별시 종로구 청운동 113-3번지, ,1,278,11110, ,
10100, ,0114,20090326,510,0001,08,대, ,0,전체,11110-2767,11110-2393,0,서울특별시 종로구 청운동 114-1번지, ,1,279,11110, ,
10100, ,0114,20100325,510,0001, , , ,0,전체,11110-6255,11110-5881,0,서울특별시 종로구 청운동 114-1번지, ,1,280,11110, ,
10100, ,0115,20090326,510,0001,08,대, ,0,전체,11110-3512,11110-3138,0,서울특별시 종로구 청운동 115-1번지, ,1,281,11110, ,
10100, ,0115,20110723,510,0001,08,대, ,0,전체,11110-100010642,11110-100010850,0,서울특별시 종로구 청운동 115-1번지, ,1,282,11110, ,
10100, ,0117,20171118,515,0001,08,대, ,0,전체,11110-100041788,11110-100029381,0,서울특별시 종로구 청운동 117-1번지, ,1,283,11110, ,
10100, ,0117,20190227,515,0001,08,대, ,0,전체,11110-100047618,11110-100029242,0,서울특별시 종로구 청운동 117-1번지, ,1,284,11110, ,
10100, ,0117,20150207,510,0002,08,대, ,0,전체,11110-100014679,11110-100012332,0,서울특별시 종로구 청운동 117-2번지, ,1,285,11110, ,
10100, ,0140,20090326,510,0001,08,대, ,0,전체,11110-4124,11110-3750,0,서울특별시 종로구 청운동 140-1번지, ,1,286,11110, ,
10100, ,0500,20100325,510,0010, , , ,0,전체,11110-5689,11110-5315,0,서울특별시 종로구 청운동 500-10번지, ,1,287,11110, ,
10100, ,0001,20111129,510,0001,05,임야, ,0,전체,11110-100018443,11110-100014870,1,서울특별시 종로구 청운동 산 1-1번지, ,0,288,11110, ,
10100, ,0001,20160428,515,0001,05,임야, ,0,전체,11110-100034597,11110-100024421,1,서울특별시 종로구 청운동 산 1-1번지, ,1,289,11110, ,
10100, ,0001,20111129,510,0077,05,임야, ,0,전체,11110-100018442,11110-100014870,1,서울특별시 종로구 청운동 산 1-77번지, ,1,290,11110, ,
10100, ,0004,20161221,515,0043,05,임야, ,0,전체,11110-100037359,11110-100023513,1,서울특별시 종로구 청운동 산 4-43번지, ,0,291,11110, ,
10100, ,0004,20161221,515,0043,05,임야, ,1,동별,11110-100026886,11110-100037362,1,서울특별시 종로구 청운동 산 4-43번지, ,0,292,11110, ,
10100, ,0000,20090326,510,0000,08,대, ,0,전체,11110-8307,11110-1530,0,서울특별시 종로구 청운동,89-83,0,293,11110, ,
10100, ,0000,20090326,510,0000,08,대, ,0,전체,11110-8308,11110-1530,0,서울특별시 종로구 청운동,89-138,0,294,11110, ,
10100, ,0000,20090326,510,0000,08,대, ,0,전체,11110-8129,11110-1234,0,서울특별시 종로구 청운동,99,0,295,11110, ,
10100, ,0000,20090326,510,0000,08,대, ,0,전체,11110-8130,11110-1234,0,서울특별시 종로구 청운동,100-2,0,296,11110, ,
10100, ,0000,20090326,510,0000,08,대, ,0,전체,11110-9266,11110-3306,0,서울특별시 종로구 청운동,3-94,0,297,11110, ,
10100, ,0000,20090326,510,0000, , , ,1,동별,11110-1986,11110-10452,0,서울특별시 종로구 청운동,89-83,0,298,11110, ,
10100, ,0000,20090326,510,0000, , , ,1,동별,11110-1986,11110-10453,0,서울특별시 종로구 청운동,89-138,0,299,11110, ,
10100, ,0000,20090326,510,0000,08,대, ,0,전체,11110-9262,11110-3306,0,서울특별시 종로구 청운동,4-5,0,300,11110, ,
10100, ,0000,20090326,510,0000,08,대, ,0,전체,11110-9263,11110-3306,0,서울특별시 종로구 청운동,4-27,0,301,11110, ,
10100, ,0000,20090326,510,0000,08,대, ,0,전체,11110-9264,11110-3306,0,서울특별시 종로구 청운동,4-42,0,302,11110, ,
10100, ,0000,20090326,510,0000,08,대, ,0,전체,11110-9265,11110-3306,0,서울특별시 종로구 청운동,3-138,0,303,11110, ,
10100, ,0000,20090326,510,0000,08,대, ,0,전체,11110-7429,11110-284,0,서울특별시 종로구 청운동,4-9,0,304,11110, ,
10100, ,0000,20090326,510,0000,08,대, ,0,전체,11110-7430,11110-284,0,서울특별시 종로구 청운동,4-11,0,305,11110, ,
10100, ,0000,20090326,510,0000,08,대, ,0,전체,11110-7431,11110-284,0,서울특별시 종로구 청운동,4-12,0,306,11110, ,
10100, ,0000,20090326,510,0000,08,대, ,0,전체,11110-9490,11110-3661,0,서울특별시 종로구 청운동,4-16,0,307,11110, ,
10100, ,0000,20090326,510,0000, , , ,1,동별,11110-5535,11110-11633,0,서울특별시 종로구 청운동,0^36-10,0,308,11110, ,
10100, ,0000,20090326,510,0000, , , ,1,동별,11110-5536,11110-11634,0,서울특별시 종로구 청운동,0^36-10,0,309,11110, ,
10100, ,0000,20090326,510,0000,08,대, ,0,전체,11110-10007,11110-4882,0,서울특별시 종로구 청운동,0^36-10,0,310,11110, ,
10100, ,0000,20090326,510,0000,08,대, ,0,전체,11110-10008,11110-4883,0,서울특별시 종로구 청운동,0^36-10,0,311,11110, ,
10100, ,0000,20090326,510,0000,08,대, ,0,전체,11110-10009,11110-4885,0,서울특별시 종로구 청운동,36-10,0,312,11110, ,
10100, ,0000,20100604,510,0000,08,대, ,0,전체,11110-7653,11110-441,0,서울특별시 종로구 청운동,141-2,0,313,11110, ,
10100, ,0000,20130618,510,0000, , , ,1,동별,11110-1406,11110-10287,0,서울특별시 종로구 청운동,57-65,0,314,11110, ,
10100, ,0000,20130618,510,0000, , , ,1,동별,11110-2338,11110-10573,0,서울특별시 종로구 청운동,0^1-3,0,315,11110, ,
10100, ,0000,20130618,510,0000,08,대, ,0,전체,11110-8013,11110-1006,0,서울특별시 종로구 청운동,57-65,0,316,11110, ,
10100, ,0000,20130618,510,0000,08,대, ,0,전체,11110-8446,11110-1864,0,서울특별시 종로구 청운동,0^1-3,0,317,11110, ,
10100, ,0000,20140711,510,0000,08,대, ,0,전체,11110-8798,11110-2469,0,서울특별시 종로구 청운동,30-4,0,318,11110, ,
10100, ,0000,20140711,510,0000,08,대, ,0,전체,11110-8799,11110-2469,0,서울특별시 종로구 청운동,30-5,0,319,11110, ,
10100, ,0000,20140902,510,0000,08,대, ,0,전체,11110-9360,11110-3380,0,서울특별시 종로구 청운동,52-66,0,320,11110, ,
10100, ,0000,20170307,510,0000,08,대, ,0,전체,11110-9572,11110-3771,0,서울특별시 종로구 청운동,8-5,0,321,11110, ,
10100, ,0000,20170307,510,0000,08,대, ,0,전체,11110-9573,11110-3771,0,서울특별시 종로구 청운동,8-9,0,322,11110, ,
10100, ,0000,20170307,510,0000,08,대, ,0,전체,11110-9574,11110-3771,0,서울특별시 종로구 청운동,8-10,0,323,11110, ,
10200, ,0001,20100317,510,0026,08,대, ,0,전체,,11110-100012838,0,서울특별시 종로구 신교동 1-26번지, ,1,1,11110, ,11110-2994
10200, ,0001,20100325,510,0026, , , ,0,전체,,11110-7118,0,서울특별시 종로구 신교동 1-26번지, ,1,2,11110, ,11110-6744
10200, ,0001,20100325,510,0027,08,대, ,0,전체,,11110-100006889,0,서울특별시 종로구 신교동 1-27번지, ,1,3,11110, ,11110-100006766
10200, ,0001,20120605,510,0027,08,대, ,0,전체,,11110-100020345,0,서울특별시 종로구 신교동 1-27번지, ,1,4,11110, ,11110-100010119
10200, ,0002,20131126,510,0007,08,대, ,0,전체,,11110-490,0,서울특별시 종로구 신교동 2-7번지, ,1,5,11110, ,11110-291
10200, ,0002,20100605,510,0048,08,대, ,0,전체,,11110-100013548,0,서울특별시 종로구 신교동 2-48번지, ,1,6,11110, ,11110-100011103
10200, ,0002,20120204,510,0048,08,대, ,0,전체,,11110-100013534,0,서울특별시 종로구 신교동 2-48번지, ,1,7,11110, ,11110-100012074
10200, ,0002,20110728,510,0051,08,대, ,0,전체,,11110-100017501,0,서울특별시 종로구 신교동 2-51번지, ,1,8,11110, ,11110-100014230
10200, ,0002,20120929,510,0051,08,대, ,0,전체,,11110-100021370,0,서울특별시 종로구 신교동 2-51번지, ,1,9,11110, ,11110-100015118
10200, ,0002,20130220,510,0062,08,대, ,0,전체,,11110-100022466,0,서울특별시 종로구 신교동 2-62번지, ,1,10,11110, ,11110-100015739
10200, ,0002,20090326,670,0084,08,대, ,0,전체,,11110-3225,0,서울특별시 종로구 신교동 2-84번지, ,1,11,11110, ,11110-2851
10200, ,0002,20100325,510,0084, , , ,0,전체,,11110-5474,0,서울특별시 종로구 신교동 2-84번지, ,1,12,11110, ,11110-5100
10200, ,0002,20141218,515,0116,08,대, ,0,전체,,11110-100028726,0,서울특별시 종로구 신교동 2-116번지, ,1,13,11110, ,11110-100021469
10200, ,0002,20141219,510,0116,08,대, ,0,전체,,11110-100013799,0,서울특별시 종로구 신교동 2-116번지, ,1,14,11110, ,11110-100008092
10200, ,0002,20111014,510,0118,08,대, ,0,전체,,11110-100018001,0,서울특별시 종로구 신교동 2-118번지, ,1,15,11110, ,11110-100013761
10200, ,0002,20141230,515,0121,08,대, ,0,전체,,11110-100028886,0,서울특별시 종로구 신교동 2-121번지, ,1,16,11110, ,11110-100021575
10200, ,0002,20170608,515,0121,08,대, ,0,전체,,11110-100039116,0,서울특별시 종로구 신교동 2-121번지, ,1,17,11110, ,11110-100028043
10200, ,0004,20110409,510,0002,08,대, ,0,전체,,11110-100016461,0,서울특별시 종로구 신교동 4-2번지, ,1,18,11110, ,11110-100013690
10200, ,0004,20111231,510,0002,08,대, ,0,전체,,11110-100018770,0,서울특별시 종로구 신교동 4-2번지, ,1,19,11110, ,11110-100013895
10200, ,0006,20131018,510,0001,08,대, ,0,전체,,11110-100015817,0,서울특별시 종로구 신교동 6-1번지, ,1,20,11110, ,11110-100013164
10200, ,0006,20111001,510,0002,08,대, ,0,전체,,11110-100017906,0,서울특별시 종로구 신교동 6-2번지, ,1,21,11110, ,11110-100014477
10200, ,0006,20111229,510,0002,08,대, ,0,전체,,11110-100018732,0,서울특별시 종로구 신교동 6-2번지, ,1,22,11110, ,11110-100014456
10200, ,0006,20140411,520,0004,08,대, ,0,전체,,11110-4808,0,서울특별시 종로구 신교동 6-4번지, ,1,23,11110, ,11110-4434
10200, ,0006,20170112,515,0004,08,대, ,0,전체,,11110-100037648,0,서울특별시 종로구 신교동 6-4번지, ,1,24,11110, ,11110-100027098
10200, ,0006,20131012,510,0006,08,대, ,0,전체,,11110-100024239,0,서울특별시 종로구 신교동 6-6번지, ,1,25,11110, ,11110-100018302
10200, ,0006,20150107,510,0006,08,대, ,0,전체,,11110-100028994,0,서울특별시 종로구 신교동 6-6번지, ,1,26,11110, ,11110-100017446
10200, ,0006,20090326,510,0011,08,대, ,0,전체,,11110-1188,0,서울특별시 종로구 신교동 6-11번지, ,1,27,11110, ,11110-825
10200, ,0006,20100325,510,0011, , , ,0,전체,,11110-5426,0,서울특별시 종로구 신교동 6-11번지, ,1,28,11110, ,11110-5052
10200, ,0006,20090326,510,0013, , , ,0,전체,,11110-1294,0,서울특별시 종로구 신교동 6-13번지, ,1,29,11110, ,11110-931
10200, ,0006,20100325,510,0013, , , ,0,전체,,11110-5425,0,서울특별시 종로구 신교동 6-13번지, ,1,30,11110, ,11110-5051
10200,6,0006,20131126,510,0017,08,대,17,0,전체,,11110-520,0,서울특별시 종로구 신교동 6-17번지, ,1,31,11110,서울특별시 종로구 신교동,11110-321
10200, ,0006,20140724,510,0025,08,대, ,0,전체,,11110-100014720,0,서울특별시 종로구 신교동 6-25번지, ,1,32,11110, ,11110-100012519
10200, ,0006,20100325,520,0039, , , ,0,전체,,11110-5424,0,서울특별시 종로구 신교동 6-39번지, ,1,33,11110, ,11110-5050
10200, ,0006,20090326,520,0046, , , ,0,전체,,11110-2000,0,서울특별시 종로구 신교동 6-46번지, ,1,34,11110, ,11110-1626
10200, ,0006,20131126,510,0046, , , ,1,동별,,11110-504,0,서울특별시 종로구 신교동 6-46번지,6-46,0,35,11110, ,11110-10110
10200, ,0006,20150107,515,0047,08,대, ,0,전체,,11110-100028978,0,서울특별시 종로구 신교동 6-47번지, ,1,36,11110, ,11110-100021632
10200, ,0006,20090326,510,0049,08,대, ,0,전체,,11110-140,0,서울특별시 종로구 신교동 6-49번지, ,1,37,11110, ,11110-139
10200, ,0006,20090326,510,0049,08,대, ,0,전체,,11110-1816,0,서울특별시 종로구 신교동 6-49번지, ,1,38,11110, ,11110-1444
10200, ,0006,20100325,510,0050, , , ,0,전체,,11110-5833,0,서울특별시 종로구 신교동 6-50번지, ,1,39,11110, ,11110-5459
10200, ,0006,20100325,510,0053, , , ,0,전체,,11110-5927,0,서울특별시 종로구 신교동 6-53번지, ,1,40,11110, ,11110-5553
10200, ,0006,20131010,510,0053,08,대, ,0,전체,,11110-1915,0,서울특별시 종로구 신교동 6-53번지, ,1,41,11110, ,11110-1541
10200, ,0006,20100325,510,0056, , , ,0,전체,,11110-5427,0,서울특별시 종로구 신교동 6-56번지, ,1,42,11110, ,11110-5053
10200, ,0006,20140916,515,0080,08,대, ,0,전체,,11110-100027673,0,서울특별시 종로구 신교동 6-80번지, ,1,43,11110, ,11110-100020703
10200, ,0006,20150331,515,0080,08,대, ,0,전체,,11110-100030037,0,서울특별시 종로구 신교동 6-80번지, ,1,44,11110, ,11110-100020854
10200,12,0012,20131126,510,0000,08,대, ,0,전체,,11110-446,0,서울특별시 종로구 신교동 12번지, ,1,45,11110,서울특별시 종로구 신교동,11110-265
10200, ,0017,20130618,510,0006,08,대, ,0,전체,,11110-179,0,서울특별시 종로구 신교동 17-6번지, ,1,46,11110, ,11110-166
10200, ,0017,20140905,515,0006,08,대, ,0,전체,,11110-100027619,0,서울특별시 종로구 신교동 17-6번지, ,1,47,11110, ,11110-100020680
10200, ,0017,20090326,520,0009,08,대, ,0,전체,,11110-4989,0,서울특별시 종로구 신교동 17-9번지, ,1,48,11110, ,11110-4615
10200, ,0017,20130618,510,0009,08,대, ,0,전체,,11110-153,0,서울특별시 종로구 신교동 17-9번지, ,1,49,11110, ,11110-145
10200, ,0017,20160601,515,0010,08,대, ,0,전체,,11110-100034874,0,서울특별시 종로구 신교동 17-10번지, ,1,50,11110, ,11110-100025523
10200, ,0017,20170524,515,0010,08,대, ,0,전체,,11110-100038957,0,서울특별시 종로구 신교동 17-10번지, ,1,51,11110, ,11110-100026235
10200, ,0017,20110723,510,0021,08,대, ,0,전체,,11110-5001,0,서울특별시 종로구 신교동 17-21번지, ,1,52,11110, ,11110-4627
10200, ,0017,20110723,510,0021,08,대, ,0,전체,,11110-5151,0,서울특별시 종로구 신교동 17-21번지, ,1,53,11110, ,11110-4777
10200,17,0017,20100112,640,0031,08,대,31,0,전체,,11110-144,0,서울특별시 종로구 신교동 17-31번지, ,1,54,11110,서울특별시 종로구 신교동,11110-142
10200, ,0017,20110813,510,0031,08,대, ,0,전체,,11110-100011352,0,서울특별시 종로구 신교동 17-31번지, ,1,55,11110, ,11110-100011095
10200, ,0017,20110813,510,0032,08,대, ,0,전체,,11110-100011353,0,서울특별시 종로구 신교동 17-32번지, ,0,56,11110, ,11110-100011095
10200, ,0017,20100827,510,0044,08,대, ,0,전체,,11110-143,0,서울특별시 종로구 신교동 17-44번지, ,1,57,11110, ,11110-141
10200, ,0017,20090326,510,0046,08,대, ,0,전체,,11110-3612,0,서울특별시 종로구 신교동 17-46번지, ,1,58,11110, ,11110-3238
10200, ,0017,20100325,520,0046, , , ,0,전체,,11110-6614,0,서울특별시 종로구 신교동 17-46번지, ,1,59,11110, ,11110-6240
10200, ,0039,20090326,510,0002,08,대, ,0,전체,,11110-548,0,서울특별시 종로구 신교동 39-2번지, ,1,60,11110, ,11110-349
10200, ,0039,20090326,510,0002,08,대, ,0,전체,,11110-743,0,서울특별시 종로구 신교동 39-2번지, ,1,61,11110, ,11110-405
10200, ,0039,20110723,510,0002,08,대, ,0,전체,,11110-4422,0,서울특별시 종로구 신교동 39-2번지, ,1,62,11110, ,11110-4048
10200, ,0039,20171118,510,0002,08,대, ,0,전체,,11110-100023242,0,서울특별시 종로구 신교동 39-2번지, ,1,63,11110, ,11110-100017643
10200, ,0039,20171118,510,0003,08,대, ,0,전체,,11110-100023243,0,서울특별시 종로구 신교동 39-3번지, ,0,64,11110, ,11110-100017643
10200, ,0045,20130514,510,0000,08,대, ,0,전체,,11110-100023045,0,서울특별시 종로구 신교동 45번지, ,1,65,11110, ,11110-100017493
10200, ,0045,20131205,510,0000,08,대, ,0,전체,,11110-100024993,0,서울특별시 종로구 신교동 45번지, ,1,66,11110, ,11110-100017032
10200, ,0050,20121020,510,0001,08,대, ,0,전체,,11110-100021479,0,서울특별시 종로구 신교동 50-1번지, ,1,67,11110, ,11110-100016521
10200, ,0051,20150814,515,0001,08,대, ,0,전체,,11110-100031601,0,서울특별시 종로구 신교동 51-1번지, ,1,68,11110, ,11110-100023387
10200, ,0058,20100414,510,0001,08,대, ,0,전체,,11110-100006143,0,서울특별시 종로구 신교동 58-1번지, ,1,69,11110, ,11110-100005657
10200, ,0058,20100908,510,0001,08,대, ,0,전체,,11110-100014533,0,서울특별시 종로구 신교동 58-1번지, ,1,70,11110, ,11110-100011109
10200, ,0058,20120831,510,0002,08,대, ,0,전체,,11110-100021032,0,서울특별시 종로구 신교동 58-2번지, ,0,71,11110, ,11110-100016304
10200, ,0059,20120831,510,0000,08,대, ,0,전체,,11110-100021031,0,서울특별시 종로구 신교동 59번지, ,1,72,11110, ,11110-100016304
10200, ,0059,20130417,510,0000,08,대, ,0,전체,,11110-100022837,0,서울특별시 종로구 신교동 59번지, ,1,73,11110, ,11110-100017374
10200, ,0060,20120831,510,0000,08,대, ,0,전체,,11110-100021033,0,서울특별시 종로구 신교동 60번지, ,0,74,11110, ,11110-100016304
10200, ,0066,20120929,510,0000,08,대, ,0,전체,,11110-100021376,0,서울특별시 종로구 신교동 66번지, ,1,75,11110, ,11110-100014228
10200, ,0070,20100325,520,0001, , , ,0,전체,,11110-6276,0,서울특별시 종로구 신교동 70-1번지, ,1,76,11110, ,11110-5902
10200, ,0070,20131126,510,0001,08,대, ,0,전체,,11110-888,0,서울특별시 종로구 신교동 70-1번지, ,1,77,11110, ,11110-550
10200, ,0070,20171229,515,0002,08,대, ,0,전체,,11110-100042188,0,서울특별시 종로구 신교동 70-2번지, ,1,78,11110, ,11110-100029606
10200, ,0070,20090326,510,0010,08,대, ,0,전체,,11110-4083,0,서울특별시 종로구 신교동 70-10번지, ,1,79,11110, ,11110-3709
10200, ,0070,20090326,510,0010,08,대, ,0,전체,,11110-4090,0,서울특별시 종로구 신교동 70-10번지, ,1,80,11110, ,11110-3716
10200, ,0070,20131126,510,0019, , , ,1,동별,,11110-919,0,서울특별시 종로구 신교동 70-19번지,70-19,0,81,11110, ,11110-10172
10200, ,0076,20161109,515,0000,08,대, ,0,전체,,11110-100036894,0,서울특별시 종로구 신교동 76번지, ,1,82,11110, ,11110-100026679
10200, ,0076,20170517,515,0000,08,대, ,0,전체,,11110-100038887,0,서울특별시 종로구 신교동 76번지, ,1,83,11110, ,11110-100026683
10200, ,0077,20161130,515,0002,08,대, ,0,전체,,11110-100037168,0,서울특별시 종로구 신교동 77-2번지, ,1,84,11110, ,11110-100026798
10200, ,0077,20170708,515,0002,08,대, ,0,전체,,11110-100040319,0,서울특별시 종로구 신교동 77-2번지, ,1,85,11110, ,11110-100026918
10200, ,0079,20090326,510,0000,08,대, ,0,전체,,11110-2929,0,서울특별시 종로구 신교동 79번지, ,1,86,11110, ,11110-2555
10200, ,0079,20100325,510,0000, , , ,0,전체,,11110-6073,0,서울특별시 종로구 신교동 79번지, ,1,87,11110, ,11110-5699
10200, ,0082,20090326,510,0003, , , ,0,전체,,11110-2334,0,서울특별시 종로구 신교동 82-3번지, ,1,88,11110, ,11110-1960
10200, ,0082,20100325,510,0003, , , ,0,전체,,11110-5844,0,서울특별시 종로구 신교동 82-3번지, ,1,89,11110, ,11110-5470
10200, ,0000,20090326,0000,08,대, ,0,전체,11110-8563,,11110-1960,서울특별시 종로구 신교동,82-6,0,90,11110, ,,0
10200, ,0000,20090326,520,0000,08,대, ,0,전체,,11110-8300,0,서울특별시 종로구 신교동,17-5,0,91,11110, ,11110-1519
10200, ,0000,20090326,0000,08,대, ,0,전체,11110-7920,,11110-825,서울특별시 종로구 신교동,6-39호,0,92,11110, ,,0
10200, ,0000,20090326,0000,08,대, ,0,전체,11110-7921,,11110-825,서울특별시 종로구 신교동,6-12,0,93,11110, ,,0
10200, ,0000,20090326,0000, , , ,1,동별,11110-1224,,11110-10230,서울특별시 종로구 신교동,6-39호,0,94,11110, ,,0
10200, ,0000,20090326,0000, , , ,1,동별,11110-1224,,11110-10231,서울특별시 종로구 신교동,6-12,0,95,11110, ,,0
10200, ,0000,20090326,0000, , , ,1,동별,11110-1331,,11110-10270,서울특별시 종로구 신교동,6-41,0,96,11110, ,,0
10200, ,0000,20090326,0000, , , ,1,동별,11110-1331,,11110-10271,서울특별시 종로구 신교동,6-56,0,97,11110, ,,0
10200, ,0000,20090326,510,0000,08,대, ,0,전체,,11110-7474,0,서울특별시 종로구 신교동,0^38-4,0,98,11110, ,11110-349
10200, ,0000,20090326,510,0000, , , ,1,동별,,11110-1898,0,서울특별시 종로구 신교동,0^6-50,0,99,11110, ,11110-10416
10200, ,0000,20090326,0000, , , ,1,동별,11110-2444,,11110-10729,서울특별시 종로구 신교동,82-6,0,100,11110, ,,0
10200, ,0000,20090326,0000,08,대, ,0,전체,11110-7993,,11110-931,서울특별시 종로구 신교동,6-41,0,101,11110, ,,0
10200, ,0000,20090326,0000,08,대, ,0,전체,11110-7994,,11110-931,서울특별시 종로구 신교동,6-56,0,102,11110, ,,0
10200, ,0000,20090326,510,0000,08,대, ,0,전체,,11110-8259,0,서울특별시 종로구 신교동,6-50,0,103,11110, ,11110-1444
10200, ,0000,20090326,520,0000, , , ,1,동별,,11110-1975,0,서울특별시 종로구 신교동,17-5,0,104,11110, ,11110-10445
10200, ,0000,20100112,640,0000,08,대, ,0,전체,,11110-7218,0,서울특별시 종로구 신교동,17-32,0,105,11110, ,11110-142
10200, ,0000,20100818,520,0000,08,대, ,0,전체,,11110-8617,0,서울특별시 종로구 신교동,17-5,0,106,11110, ,11110-2229
10200, ,0000,20131126,510,0000,08,대, ,0,전체,,11110-7410,0,서울특별시 종로구 신교동,11-3,0,107,11110, ,11110-265
10200, ,0000,20131126,510,0000,08,대, ,0,전체,,11110-7411,0,서울특별시 종로구 신교동,23-6,0,108,11110, ,11110-265
10200, ,0000,20131126,510,0000,08,대, ,0,전체,,11110-7434,0,서울특별시 종로구 신교동,6-46,0,109,11110, ,11110-291
10200, ,0000,20131126,510,0000,08,대, ,0,전체,,11110-7457,0,서울특별시 종로구 신교동,"6-14,20,21,22,78",0,110,11110, ,11110-321
10200, ,0000,20131126,510,0000,08,대, ,0,전체,,11110-7711,0,서울특별시 종로구 신교동,70-19,0,111,11110, ,11110-550
