,연도,월,서울특별시건수,서울특별시보증잔액(원),부산광역시건수,부산광역시보증잔액(원),대구광역시건수,대구광역시보증잔액(원),인천광역시건수,인천광역시보증잔액(원),광주광역시건수,광주광역시보증잔액(원),대전광역시건수,대전광역시보증잔액(원),울산광역시건수,울산광역시보증잔액(원),경기도건수,경기도보증잔액(원),충청북도건수,충청북도보증잔액(원),충청남도건수,충청남도보증잔액(원),전라북도건수,전라북도보증잔액(원),전라남도건수,전라남도보증잔액(원),경상북도건수,경상북도보증잔액(원),경상남도건수,경상남도보증잔액(원),강원도 건수,강원도 보증잔액(원),제주도건수,제주도보증잔액(원),세종특별자치시건수,세종특별자치시보증잔액(원),기타공급건수,기타공급금액(원)
0,2004,4,"99,409","1,487,147,563,206","38,847","680,823,453,048","22,555","288,902,567,319","91,914","1,505,212,647,687","16,368","173,081,720,014","15,507","236,298,249,474","11,348","247,398,367,856","184,169","3,170,965,634,360","11,557","135,255,000,725","14,133","207,644,336,589","16,247","186,286,281,592","13,010","124,182,344,439","17,339","220,056,131,789","32,059","383,912,930,127","10,575","119,438,366,616","3,161","27,926,477,853",,,555,"5,531,901,068"
1,2004,5,"96,670","1,448,694,063,819","37,736","657,355,201,838","21,962","279,660,451,110","90,898","1,487,740,661,641","15,972","169,959,747,797","15,220","233,801,821,316","10,935","236,252,004,543","180,044","3,088,757,757,366","11,312","131,347,149,288","13,753","201,873,210,062","15,914","182,156,598,793","12,751","121,576,707,080","16,777","206,048,340,417","31,497","379,959,796,333","10,275","114,779,805,965","2,968","25,772,900,897",,,530,"5,281,905,651"
2,2004,6,"93,682","1,405,068,946,075","36,594","634,189,207,015","21,532","277,004,076,536","89,606","1,465,787,109,986","15,581","165,206,951,184","14,817","231,554,744,691","10,313","221,990,735,109","175,679","2,999,813,300,906","10,979","128,352,402,928","13,273","196,334,579,078","15,537","177,142,814,066","12,447","119,849,196,697","16,403","200,922,296,000","30,817","376,015,742,137","9,866","111,427,790,961","2,823","24,414,727,514",,,482,"5,018,362,912"
3,2004,7,"90,871","1,356,839,443,201","35,586","614,058,735,338","21,059","273,235,430,176","88,550","1,448,986,404,560","15,269","162,763,168,076","14,473","227,410,266,422","10,136","220,460,154,543","171,177","2,883,714,939,239","10,668","125,654,097,515","12,899","190,603,252,532","15,198","174,155,514,651","12,178","117,619,078,525","15,909","188,117,405,390","30,153","367,610,546,236","9,656","109,832,649,576","2,772","23,797,111,539",,,462,"4,918,233,114"
4,2004,8,"88,428","1,321,409,572,877","34,639","596,540,424,000","20,665","270,110,772,554","87,209","1,418,985,476,272","15,069","166,638,889,557","13,989","215,432,059,488","9,978","219,073,037,660","167,323","2,797,233,418,989","10,415","123,002,054,708","12,620","187,170,426,390","14,891","172,072,168,786","11,887","114,963,710,191","15,390","175,004,173,109","29,551","362,574,568,960","9,456","108,856,539,276","2,705","22,582,898,249",,,453,"4,796,327,060"
5,2004,9,"85,824","1,286,053,127,622","33,843","585,772,056,922","20,120","261,755,054,291","85,047","1,359,963,688,289","14,687","167,601,626,692","13,590","208,740,431,766","9,801","217,516,036,334","162,981","2,700,367,576,104","10,149","119,518,273,820","12,290","183,975,165,538","14,533","170,874,802,623","11,564","113,058,492,519","14,910","173,592,045,322","29,008","359,401,598,473","9,112","106,463,523,040","2,662","22,032,712,826",,,438,"4,641,597,917"
6,2004,10,"82,472","1,241,532,634,847","32,749","565,199,083,133","19,614","256,077,762,237","83,398","1,322,616,334,076","14,217","165,427,729,385","13,140","201,584,309,770","9,297","196,944,401,132","158,476","2,609,978,356,439","9,896","116,616,720,798","11,917","178,696,268,558","14,083","158,913,987,156","11,136","109,787,828,082","14,524","171,744,729,436","28,421","354,958,055,468","8,532","87,419,461,000","2,591","21,589,467,953",,,422,"4,404,907,563"
7,2004,11,"79,076","1,196,442,985,444","31,430","542,166,896,902","18,951","249,062,527,669","80,279","1,253,706,189,611","13,669","163,867,278,531","12,682","196,323,466,325","8,593","170,734,913,161","151,973","2,443,101,500,463","9,412","110,856,365,240","11,365","167,697,697,460","13,109","135,710,442,812","10,717","106,399,962,979","13,986","163,247,110,653","27,599","346,861,220,174","8,077","81,392,074,483","2,510","20,768,061,432",,,408,"4,290,687,721"
8,2004,12,"76,845","1,156,711,040,571","30,615","529,053,890,128","18,552","244,880,302,008","79,522","1,238,081,860,531","13,278","162,910,821,580","12,295","187,038,469,087","8,162","159,335,062,808","147,510","2,316,831,423,057","8,085","93,697,452,483","10,827","154,407,679,966","12,724","129,282,007,074","10,463","105,394,576,314","13,642","159,117,790,844","27,023","346,034,669,264","7,788","78,838,104,648","2,387","19,757,667,537",,,395,"4,193,561,260"
9,2005,1,"75,158","1,124,989,582,775","29,965","519,210,551,185","18,105","238,919,730,092","78,852","1,226,742,362,823","12,932","160,946,119,452","11,959","179,969,677,035","7,928","154,543,105,492","144,483","2,239,253,334,778","7,188","79,688,661,226","10,486","146,259,312,096","12,394","124,952,023,915","10,208","103,639,009,843","13,313","154,345,399,419","26,476","338,438,412,269","7,550","76,070,718,286","2,279","18,852,459,827",,,381,"4,046,372,326"
10,2005,2,"73,394","1,097,892,065,822","29,328","509,720,040,505","17,746","234,058,232,840","78,234","1,213,893,364,590","12,664","159,340,915,960","11,496","165,375,333,037","7,823","154,409,090,596","141,581","2,173,245,805,527","6,905","75,501,355,896","10,046","131,226,033,512","12,091","121,532,599,079","10,024","102,121,221,779","13,024","150,166,731,410","25,840","328,208,597,648","7,312","73,677,168,352","2,182","18,208,324,590",,,365,"3,883,998,065"
11,2005,3,"70,696","1,060,988,760,769","28,307","488,318,713,330","17,056","226,055,542,479","76,443","1,175,329,814,912","12,322","157,223,694,643","10,906","148,621,431,139","7,610","152,087,944,216","136,974","2,088,743,289,571","6,464","65,725,326,699","9,662","122,903,820,096","11,672","114,362,313,632","9,744","98,791,593,528","12,560","146,258,092,502","25,193","321,147,808,485","7,047","70,454,995,721","2,102","17,492,575,898",,,380,"4,108,812,969"
12,2005,4,"68,239","1,026,197,746,407","27,372","470,409,534,517","16,412","216,254,816,549","74,716","1,135,804,144,076","11,894","154,901,419,467","10,566","146,914,658,303","7,459","150,102,326,431","132,966","2,019,302,681,265","6,265","63,953,824,681","9,328","118,676,317,269","11,370","111,374,854,789","9,417","92,769,963,077","12,218","143,105,561,400","24,629","315,429,389,682","6,800","66,173,355,795","2,050","17,000,587,595",,,404,"4,491,942,081"
13,2005,5,"65,630","990,423,446,257","26,151","438,657,110,546","15,758","206,631,865,364","72,830","1,089,541,867,295","11,447","151,600,343,014","10,054","141,253,076,998","7,269","147,843,356,546","128,104","1,928,512,555,003","6,061","61,611,250,078","8,948","113,178,325,963","11,084","109,772,114,856","9,015","88,742,157,986","11,891","139,845,764,247","23,924","316,255,831,139","6,532","62,565,242,443","2,028","18,454,195,559",,,425,"4,842,236,642"
14,2005,6,"62,748","952,701,892,682","24,614","400,989,794,142","15,238","201,355,472,561","69,012","1,012,523,248,719","10,853","145,216,600,729","9,647","136,888,441,110","7,026","144,663,952,131","123,167","1,836,848,702,780","5,746","58,698,799,418","8,651","116,960,813,446","10,590","102,363,405,916","8,589","85,233,106,424","11,388","130,294,545,056","22,878","300,572,320,333","6,240","60,183,195,232","1,911","17,881,733,681",,,426,"4,934,190,513"
15,2005,7,"61,444","930,320,624,047","23,983","384,969,381,879","14,826","193,269,681,515","68,094","988,351,742,223","10,632","141,080,978,128","9,462","136,354,060,415","6,914","142,642,355,912","120,610","1,782,239,590,461","5,720","64,803,469,153","9,045","158,639,149,279","10,355","99,736,561,175","8,557","90,203,845,521","11,050","116,440,563,173","22,247","280,609,903,931","6,078","58,305,174,271","1,867","17,390,399,668",,,417,"4,844,893,188"
16,2005,8,"59,882","896,808,116,283","23,444","375,285,508,003","14,501","191,429,311,031","67,209","968,940,269,149","10,473","141,546,563,565","9,245","133,521,111,236","6,785","139,792,942,658","118,045","1,740,940,102,815","5,636","65,700,974,179","8,983","168,671,313,016","10,080","95,764,876,944","8,473","90,408,968,356","10,788","111,423,629,027","21,457","257,191,759,498","5,910","55,526,046,995","1,835","17,200,796,919",,,411,"4,796,118,647"
17,2005,9,"58,305","871,085,700,672","22,740","354,797,208,309","14,131","184,927,775,587","64,974","929,167,000,057","10,235","139,429,284,797","9,061","130,682,124,586","6,621","136,205,443,593","115,289","1,718,918,529,769","5,516","64,957,644,437","9,032","184,704,520,357","9,815","90,892,231,234","8,698","99,618,233,532","10,260","95,331,411,452","20,922","246,717,955,645","5,789","61,536,661,461","1,807","16,819,453,826",,,421,"5,127,468,158"
18,2005,10,"56,719","851,423,814,686","22,192","348,710,798,711","13,630","177,173,924,061","63,990","914,622,468,524","9,867","135,296,116,145","8,833","128,087,172,847","5,928","98,851,892,548","112,322","1,677,161,498,809","5,345","65,402,440,482","8,844","181,860,055,042","9,596","87,582,827,483","8,627","102,916,864,068","9,999","91,785,397,162","20,178","230,187,357,551","5,603","59,735,411,605","1,778","16,296,063,289",,,429,"5,340,852,746"
19,2005,11,"55,311","826,346,907,949","21,500","331,054,964,297","13,183","173,453,063,841","62,915","895,347,039,272","9,362","117,339,263,005","8,621","125,529,315,815","5,594","85,854,034,762","109,978","1,640,539,206,943","5,181","63,909,907,285","8,618","176,268,457,615","9,389","84,002,906,362","8,478","102,836,705,360","9,713","87,540,267,038","19,675","221,911,218,272","5,379","56,433,163,477","1,733","15,687,963,348",,,434,"5,461,513,623"
20,2005,12,"54,031","805,125,873,562","20,901","321,758,544,070","12,677","170,252,975,865","61,920","876,887,090,696","8,648","86,846,234,840","8,343","120,255,789,926","5,012","67,709,939,320","107,463","1,604,090,630,115","5,065","63,052,906,020","8,482","175,778,735,351","9,195","82,394,253,858","8,299","101,478,771,497","9,443","84,444,281,630","19,085","209,449,369,243","5,215","54,664,768,022","1,686","15,200,882,759",,,429,"5,417,780,738"
21,2006,1,"52,907","781,619,102,979","20,433","313,852,281,243","12,408","180,855,716,941","60,683","855,087,784,076","8,383","82,250,566,889","8,087","116,817,596,048","4,855","63,869,529,619","105,518","1,573,534,166,871","5,028","68,711,373,664","8,274","173,065,401,790","9,031","80,721,840,379","8,172","99,721,944,012","9,212","82,505,239,618","18,660","201,613,512,515","5,083","53,099,485,360","1,635","14,543,072,294",,,415,"5,298,478,605"
22,2006,2,"51,958","765,776,468,992","19,857","301,710,649,028","12,063","175,938,111,629","59,779","837,976,268,892","8,144","78,707,763,502","7,878","113,616,055,534","4,677","59,943,621,437","103,419","1,528,546,971,390","4,936","68,848,979,458","8,071","169,815,244,431","8,819","78,499,180,136","8,037","98,550,649,837","9,057","82,829,836,529","18,237","196,147,558,193","4,970","51,979,889,853","1,535","13,333,500,659",,,407,"5,263,541,571"
23,2006,3,"50,712","744,788,589,361","19,135","284,808,738,809","11,632","170,629,870,324","58,334","811,348,424,524","7,823","75,005,839,643","7,660","110,458,680,953","4,459","55,744,126,161","100,751","1,482,531,824,089","4,825","68,229,031,120","7,839","165,387,530,908","8,615","75,731,896,761","8,151","122,308,834,132","8,765","80,341,298,970","17,629","186,165,003,941","4,866","51,732,061,297","1,480","12,326,745,031",,,406,"5,295,791,165"
24,2006,4,"49,538","727,099,374,831","18,603","272,571,032,728","11,257","167,999,378,353","57,188","791,430,929,413","7,604","72,037,746,107","7,476","106,974,819,617","4,339","53,773,937,745","98,744","1,453,734,543,754","4,765","69,557,237,440","7,715","162,652,995,456","8,394","73,930,480,200","8,043","122,383,317,790","8,503","76,923,807,446","17,239","180,175,466,619","4,725","50,139,561,167","1,433","11,824,352,850",,,398,"5,180,119,451"
25,2006,5,"48,344","715,844,170,532","17,963","257,283,419,329","10,942","163,789,281,722","55,527","762,649,730,870","7,384","69,234,576,337","7,274","102,910,149,897","4,214","51,677,732,809","96,574","1,426,679,821,975","4,620","67,935,095,989","7,561","160,166,086,274","8,245","76,747,721,340","7,929","124,409,718,668","8,283","74,347,461,161","16,808","175,523,078,539","4,633","49,259,548,601","1,413","11,658,945,451",,,395,"5,205,845,693"
26,2006,6,"47,197","700,316,597,634","17,279","242,074,315,797","10,581","159,584,607,046","53,411","722,943,612,194","7,103","65,925,122,221","7,164","101,634,800,889","4,078","49,795,722,047","94,067","1,387,158,702,141","4,555","67,603,236,731","7,305","151,070,521,591","7,965","78,559,474,170","7,737","123,832,962,361","8,032","71,847,606,469","16,193","169,195,225,830","4,531","49,123,114,485","1,382","11,370,638,088",,,393,"5,319,088,821"
27,2006,7,"46,332","686,700,806,480","16,912","232,648,000,191","10,405","161,757,074,344","52,720","711,673,451,069","6,938","63,943,529,370","7,072","100,555,594,184","3,989","48,487,094,317","92,521","1,371,105,502,470","4,495","67,171,715,948","7,183","149,043,703,922","7,897","85,419,659,594","7,602","124,943,556,677","7,875","70,654,093,916","15,830","165,100,863,344","4,559","54,273,336,692","1,359","11,056,447,973",,,393,"5,456,525,479"
28,2006,8,"45,472","672,594,574,433","16,531","225,660,557,605","10,486","174,784,019,947","52,141","701,741,664,052","6,808","62,551,869,323","6,978","99,570,133,143","3,908","47,440,603,420","90,833","1,340,388,143,637","4,484","71,580,073,787","7,065","147,815,847,647","7,804","89,092,137,222","7,478","125,055,663,065","7,776","72,807,181,811","15,523","163,606,712,740","4,526","58,820,560,012","1,336","10,816,600,587",,,383,"5,369,543,603"
29,2006,9,"44,516","659,669,134,835","16,168","216,532,444,111","10,225","173,383,984,330","50,762","676,566,666,620","6,737","62,236,336,443","6,828","97,353,547,000","3,813","46,112,781,043","89,504","1,402,617,123,736","4,403","70,904,865,287","6,947","145,082,518,676","7,581","86,582,516,594","7,335","125,211,442,076","7,668","74,585,313,569","15,161","160,240,830,762","4,443","62,582,721,981","1,308","10,564,822,035",,,378,"5,412,913,125"
30,2006,10,"43,604","649,142,271,165","15,804","211,359,204,659","10,004","171,158,192,387","49,625","658,487,844,558","6,588","60,834,705,227","6,710","95,678,205,569","3,727","45,233,516,076","87,309","1,370,515,329,059","4,335","70,213,357,068","6,852","143,939,008,124","7,452","87,778,005,448","7,241","125,930,325,114","7,511","74,378,297,766","14,874","156,798,825,714","4,381","64,432,385,641","1,272","10,280,500,562",,,374,"5,454,866,584"
31,2006,11,"42,470","639,337,044,280","15,390","205,111,340,206","9,725","168,326,333,413","48,090","632,755,138,330","6,368","58,874,232,502","6,569","93,625,491,063","3,617","43,868,762,627","84,693","1,327,280,355,094","4,257","70,106,317,247","6,712","141,502,529,560","7,252","87,241,827,810","7,127","129,791,942,494","7,323","73,573,287,419","14,581","153,022,309,489","4,261","64,579,958,805","1,227","10,075,024,398",,,373,"5,721,711,071"
32,2006,12,"41,503","628,851,680,521","15,132","201,077,369,961","9,488","166,264,407,671","47,207","621,076,265,017","6,229","57,731,252,257","6,324","84,838,537,071","3,516","41,589,273,757","82,481","1,325,926,651,655","4,166","69,377,660,652","6,484","134,365,904,768","7,103","86,059,531,132","7,289","146,155,849,656","7,107","73,155,938,202","14,357","149,082,414,180","4,183","65,680,709,149","1,190","9,808,535,943",,,364,"5,635,533,179"
33,2007,1,"40,377","626,092,899,631","14,834","196,794,502,621","9,262","163,774,644,121","46,537","611,150,318,418","6,054","56,186,435,454","6,136","78,902,740,526","3,418","40,893,916,993","80,426","1,294,522,671,302","3,809","52,722,454,088","6,335","129,801,335,751","6,927","83,949,899,629","7,140","147,205,361,042","6,880","71,933,172,637","14,154","145,232,523,556","4,098","66,082,553,484","1,129","9,195,420,463",,,355,"5,578,695,751"
34,2007,2,"39,066","609,425,047,746","14,393","189,715,938,976","8,949","159,500,554,155","45,478","596,843,324,953","5,871","54,483,112,879","5,858","73,223,569,108","3,278","39,189,787,707","77,788","1,258,972,319,107","3,636","48,649,464,320","6,251","130,939,453,952","6,915","95,247,740,823","6,954","145,298,510,626","6,659","70,473,020,129","13,638","140,083,425,038","4,000","65,640,584,941","1,043","8,704,096,289",,,350,"5,558,877,039"
35,2007,3,"37,868","594,457,925,743","13,982","183,458,224,963","8,761","158,354,073,014","44,215","577,013,127,426","5,664","52,050,082,789","5,657","68,209,521,124","3,136","37,729,091,334","75,631","1,279,279,665,279","3,534","46,630,262,707","6,158","129,641,156,105","6,761","93,938,669,965","6,864","148,562,892,004","6,402","68,286,248,396","13,258","136,958,301,339","3,936","59,730,732,122","1,009","8,560,096,029",,,347,"5,531,882,809"
36,2007,4,"36,567","574,990,321,095","13,558","177,882,626,661","8,565","156,108,449,495","42,187","543,461,405,343","5,468","49,820,863,162","5,528","66,132,173,761","3,000","38,413,983,463","73,222","1,261,578,300,261","3,471","45,824,603,262","5,935","121,912,758,809","6,664","99,043,447,876","6,680","146,378,029,809","6,260","67,629,932,428","12,998","134,922,295,481","3,793","57,395,400,223",991,"8,379,642,228",,,339,"5,474,868,886"
37,2007,5,"35,316","555,264,237,959","13,158","171,949,649,434","8,380","154,767,046,203","40,417","514,107,564,780","5,225","47,308,181,025","5,395","63,157,525,525","2,887","37,431,569,463","70,982","1,247,376,411,363","3,400","45,106,029,565","5,837","124,016,968,684","6,563","102,747,198,381","6,580","147,860,972,582","6,122","65,965,436,328","12,474","130,763,340,770","3,655","56,378,093,834",970,"8,164,969,438",,,332,"5,465,258,219"
38,2007,6,"34,336","541,086,311,088","12,872","168,152,164,718","8,222","152,998,871,519","38,951","493,524,056,337","5,037","45,243,270,781","5,277","61,350,439,534","2,813","37,044,723,221","69,210","1,328,236,111,857","3,363","44,816,272,488","5,750","126,733,690,932","6,407","104,473,405,676","6,486","148,234,989,965","5,952","63,419,925,824","12,098","125,130,402,715","3,503","54,815,950,013",955,"8,028,282,662",,,332,"5,462,272,525"
39,2007,7,"33,733","540,024,060,845","12,621","163,730,428,083","8,102","151,062,509,011","38,263","486,752,569,497","4,937","43,997,413,315","5,153","58,222,763,985","2,742","36,409,496,658","67,872","1,321,133,967,948","3,374","45,402,933,281","5,679","127,752,136,398","6,317","104,869,312,597","6,321","140,892,549,468","5,683","47,565,471,516","11,900","123,024,324,995","3,449","54,260,706,967",940,"7,906,746,123",,,328,"5,373,885,813"
40,2007,8,"33,006","533,386,448,119","12,390","160,033,255,971","7,987","149,451,196,205","37,131","468,538,640,622","4,826","42,926,438,858","5,074","57,432,863,693","2,685","36,218,263,974","66,535","1,322,641,100,851","3,393","46,759,369,904","5,563","125,374,175,558","6,258","105,968,524,737","6,168","135,529,140,308","5,573","45,667,094,747","11,823","134,533,956,560","3,380","54,616,987,958",931,"7,780,724,970",,,324,"5,304,364,001"
41,2007,9,"32,384","531,018,074,129","12,135","153,015,155,832","7,889","148,314,033,034","36,174","453,590,033,339","4,722","41,708,018,984","4,992","56,263,987,814","2,623","34,123,370,247","65,546","1,350,752,162,195","3,379","48,533,401,657","5,482","125,012,178,121","6,176","105,164,645,682","6,042","133,229,867,554","5,774","57,654,426,296","11,560","130,050,310,925","3,373","54,860,548,295",924,"7,681,150,507",,,322,"5,248,889,238"
42,2007,10,"31,474","518,918,177,056","11,914","150,880,773,279","7,762","146,578,320,637","35,102","451,037,258,733","4,562","40,064,774,146","4,914","55,175,623,346","2,568","33,603,553,147","64,334","1,444,754,301,840","3,309","46,771,781,266","5,287","116,946,683,868","6,034","103,878,277,364","5,808","128,865,651,649","5,693","57,863,774,339","11,339","128,335,946,675","3,239","49,255,451,580",907,"7,466,930,667",,,308,"5,055,875,761"
43,2007,11,"30,608","514,141,982,224","11,589","145,824,595,855","7,640","144,821,135,429","34,170","473,805,333,994","4,428","38,695,224,119","4,821","53,522,808,039","2,499","32,802,950,111","62,997","1,508,829,023,607","3,228","44,960,843,255","5,177","116,197,461,347","5,902","102,057,347,838","5,670","127,913,107,624","5,620","57,647,451,066","11,110","138,522,959,288","3,236","52,214,484,693",890,"7,306,943,622",,,306,"4,967,477,796"
44,2007,12,"29,277","506,734,119,364","11,136","143,852,930,987","7,127","139,674,685,623","33,300","516,270,333,898","4,213","37,531,577,475","4,580","51,965,493,555","2,484","46,125,514,836","60,547","1,577,615,132,305","3,042","40,104,252,571","5,015","118,982,227,839","5,628","100,872,356,621","5,304","127,054,339,933","5,354","57,243,039,015","10,528","137,219,537,137","3,092","53,244,928,435",858,"7,143,574,048",,,298,"4,967,792,624"
45,2008,1,"28,802","502,773,315,586","10,996","143,270,275,652","6,950","133,300,716,141","32,780","515,697,916,327","4,112","36,494,249,360","4,509","50,605,527,488","2,516","61,392,028,724","60,687","1,767,568,995,485","2,973","37,559,447,199","5,006","123,756,283,835","5,494","99,679,979,641","5,207","125,969,034,273","5,336","60,404,972,929","10,324","134,637,370,280","3,174","62,339,997,898",838,"6,932,745,921",,,286,"4,790,942,443"
46,2008,2,"28,273","496,042,979,780","10,817","141,070,303,741","6,774","126,833,128,351","32,194","513,193,156,986","4,030","35,717,623,069","4,437","50,036,471,735","2,479","63,054,699,396","60,657","1,926,472,558,766","2,946","36,727,972,026","4,927","123,577,970,092","5,371","98,534,301,175","5,079","109,082,432,800","5,275","61,196,697,223","10,134","133,531,022,884","3,149","62,758,314,399",820,"6,749,739,666",,,284,"4,767,185,741"
47,2008,3,"27,434","492,110,147,546","10,584","138,337,414,782","6,491","117,403,783,490","31,339","503,857,829,471","3,898","34,648,060,803","4,320","49,172,180,743","2,433","63,743,229,552","59,834","2,025,885,529,829","2,868","34,933,834,705","4,730","116,067,777,905","5,243","97,554,303,346","4,896","98,724,127,621","5,198","61,881,284,591","9,919","132,126,648,008","3,116","65,392,726,925",800,"6,568,111,863",,,281,"4,730,260,195"
48,2008,4,"26,327","485,514,577,323","10,366","142,297,370,593","6,282","113,444,449,503","30,249","492,091,524,253","3,769","33,663,779,047","4,200","48,350,863,330","2,430","68,976,051,767","58,761","2,131,894,295,687","2,782","33,636,829,445","4,563","111,627,274,800","5,049","95,592,789,096","4,736","88,901,046,428","5,114","62,432,727,164","9,611","125,288,860,565","3,017","64,831,268,125",785,"6,399,823,316",,,276,"4,641,276,317"
49,2008,5,"25,494","480,354,999,690","10,201","145,830,849,664","6,141","111,667,459,667","29,571","557,462,048,948","3,643","32,453,655,201","4,100","47,851,471,540","2,408","74,177,134,310","57,871","2,233,165,521,634","2,706","33,181,291,718","4,461","111,053,467,371","4,908","92,118,314,133","4,693","90,471,645,455","5,068","67,358,499,349","9,297","115,040,476,423","2,937","64,721,724,627",774,"6,306,971,396",,,270,"4,638,902,699"
50,2008,6,"24,626","459,762,329,671","9,942","144,372,604,170","5,925","106,157,807,438","28,546","559,019,549,589","3,466","30,715,679,046","3,994","47,110,304,081","2,397","73,777,663,648","57,017","2,344,061,408,615","2,625","32,510,488,458","4,124","101,864,220,771","4,676","87,566,304,725","4,632","90,704,242,390","4,953","68,371,059,319","9,093","113,087,807,669","2,838","62,731,035,838",733,"6,087,019,210",,,260,"4,406,390,925"
51,2008,7,"23,982","450,098,078,257","9,732","143,056,852,612","5,763","99,651,077,145","27,624","580,319,746,399","3,360","29,711,799,659","3,893","45,948,884,109","2,362","73,285,964,029","55,987","2,364,451,071,857","2,519","30,952,580,528","4,228","119,671,411,568","4,609","86,090,120,012","4,528","83,655,024,433","4,898","69,329,691,786","8,721","104,680,066,733","2,772","62,045,911,542",720,"5,966,146,506",,,257,"4,340,288,599"
52,2008,8,"23,486","449,148,171,259","9,617","142,482,673,703","5,653","94,034,501,207","26,834","578,126,201,995","3,271","28,785,686,141","3,852","45,580,678,667","2,332","72,022,039,494","55,015","2,381,622,458,364","2,466","29,410,837,446","4,143","119,033,201,570","4,539","85,523,619,746","4,448","82,776,753,827","4,732","69,066,858,416","8,558","103,262,967,415","2,710","59,523,965,943",709,"5,768,280,877",,,256,"4,348,050,193"
53,2008,9,"23,130","447,613,629,774","9,472","140,178,661,138","5,532","87,640,580,474","26,148","582,673,231,756","3,194","27,991,982,473","3,785","44,878,164,538","2,274","70,979,973,671","54,089","2,380,119,084,634","2,399","27,576,278,773","4,051","119,345,126,666","4,421","83,724,944,074","4,358","81,095,122,854","4,468","59,717,038,951","8,398","100,995,576,383","2,636","55,453,067,634",688,"5,596,860,554",,,258,"4,368,606,359"
54,2008,10,"22,747","444,389,339,166","9,291","136,640,764,409","5,433","84,822,590,595","25,899","617,158,321,317","3,104","27,104,386,320","3,715","44,174,498,828","2,200","71,413,465,879","53,259","2,383,028,049,332","2,336","26,847,694,617","3,942","118,533,771,597","4,390","84,209,293,625","4,052","74,668,787,382","4,269","51,537,344,488","8,214","97,710,185,706","2,600","54,827,316,996",681,"5,518,165,814",,,262,"4,442,945,033"
55,2008,11,"22,451","444,441,362,578","9,175","135,142,828,165","5,320","81,116,745,638","25,472","613,997,042,127","3,018","26,388,168,989","3,679","43,667,957,904","2,186","72,578,067,751","52,649","2,376,887,218,695","2,292","26,199,212,098","3,886","117,822,991,165","4,354","84,064,794,999","4,002","74,781,338,324","4,109","44,243,098,213","8,067","95,546,233,235","2,572","54,364,888,222",672,"5,427,967,179",,,260,"4,412,993,173"
56,2008,12,"22,149","440,730,214,102","9,007","132,466,475,499","5,212","77,812,472,800","25,312","625,426,510,768","2,967","25,743,017,706","4,635","142,081,685,791","2,161","72,560,671,118","52,242","2,402,339,850,808","2,263","25,740,716,468","3,832","117,103,962,224","4,287","86,195,418,706","3,948","74,428,980,811","4,018","41,237,713,489","7,878","93,437,048,751","2,533","53,981,810,432",667,"5,348,062,186",,,261,"4,345,372,854"
57,2009,1,"21,017","419,447,084,649","8,590","109,898,641,673","5,099","75,004,865,727","24,954","620,604,021,105","2,897","25,087,647,236","4,644","149,184,758,619","2,128","72,085,319,085","50,893","2,381,190,711,736","2,194","25,102,639,307","3,716","114,824,418,591","4,224","89,001,490,927","3,882","73,420,649,733","3,948","40,202,486,743","7,679","91,145,043,015","2,395","53,116,248,462",653,"5,296,336,338",,,255,"4,281,473,911"
58,2009,2,"20,901","428,667,167,592","8,413","105,161,694,200","5,058","75,995,658,151","24,722","622,120,929,967","2,837","24,809,733,358","4,589","149,565,959,029","2,108","72,266,739,642","50,378","2,366,322,509,142","2,149","24,791,793,827","3,676","113,820,689,534","4,190","92,594,186,496","3,758","70,929,974,312","3,870","39,455,565,506","7,535","89,846,512,769","2,382","54,513,060,306",626,"5,227,954,448",,,251,"4,214,294,079"
59,2009,3,"20,856","438,728,253,502","8,243","103,400,588,111","5,133","84,309,547,326","24,373","622,552,690,287","2,716","24,366,414,212","4,553","151,163,278,225","2,092","73,062,913,940","50,455","2,368,006,164,850","2,258","37,129,160,274","3,709","122,259,841,270","3,892","80,226,725,796","3,641","68,759,086,551","3,819","41,098,776,822","7,339","88,101,941,152","2,350","56,758,585,451",611,"5,231,449,068",,,243,"4,062,663,605"
60,2009,4,"20,313","442,278,180,806","8,211","127,160,615,421","5,087","84,358,929,437","23,797","624,475,710,459","2,629","23,966,257,105","4,446","150,885,963,154","2,012","71,880,805,358","49,196","2,355,207,763,562","2,226","38,038,612,855","3,926","149,987,099,700","3,745","78,878,967,684","3,574","67,493,509,823","3,747","41,043,399,683","7,212","90,399,351,112","2,230","56,582,895,345",602,"5,204,301,297",,,237,"3,922,547,973"
61,2009,5,"20,171","451,006,693,095","8,133","135,162,795,816","5,033","83,227,570,683","23,463","621,305,488,460","2,542","23,700,384,734","4,809","224,780,262,790","1,970","71,500,012,416","48,907","2,361,593,415,605","2,201","38,254,906,259","3,619","128,162,781,835","3,807","92,718,743,353","3,524","67,757,562,239","3,696","40,903,543,543","7,091","91,910,216,506","2,192","57,539,198,009",587,"5,076,186,315",,,234,"3,861,255,545"
62,2009,6,"19,501","472,672,263,802","8,051","162,554,385,224","4,918","80,185,629,611","24,148","875,444,245,811","2,677","69,535,974,392","4,724","226,551,427,609","2,008","77,559,135,002","47,547","2,404,224,994,085","2,123","36,679,245,360","3,442","120,099,277,237","3,572","93,127,347,567","3,424","67,250,135,618","3,834","46,239,527,513","6,798","87,655,762,137","2,073","56,271,075,663",539,"4,529,015,865",,,231,"3,880,773,313"
63,2009,7,"19,450","480,499,085,864","8,061","179,012,762,550","4,897","80,323,176,141","24,081","941,128,615,793","2,663","72,126,501,509","4,666","226,537,523,442","2,091","83,993,849,178","49,017","2,668,068,277,466","2,094","37,788,123,724","3,220","102,971,052,943","3,517","94,716,164,862","3,395","67,331,002,393","3,786","45,986,988,547","6,659","83,923,199,611","2,041","56,627,828,445",533,"5,721,284,765",,,220,"3,610,360,770"
64,2009,8,"19,375","487,917,908,284","7,917","178,825,208,146","4,823","78,509,406,251","23,895","962,431,690,646","2,632","72,579,640,673","4,620","226,406,852,468","2,100","88,738,732,339","49,064","2,707,116,525,785","2,078","38,032,242,641","3,122","97,141,060,090","3,509","100,807,679,496","3,347","67,400,377,682","3,850","49,399,764,855","6,564","83,114,390,773","2,009","56,978,054,289",524,"5,616,850,904",,,223,"3,829,490,952"
65,2009,9,"19,380","503,252,146,378","7,868","196,010,554,601","4,766","75,588,290,510","24,781","1,188,925,339,117","2,591","72,637,201,218","5,227","327,398,313,627","2,081","91,314,289,655","50,768","2,957,808,281,049","2,226","52,665,850,912","3,195","109,432,744,056","3,608","112,693,644,164","3,250","66,791,471,911","3,783","48,782,665,165","6,493","84,791,555,954","1,992","57,602,153,964",515,"5,557,527,322",,,233,"4,364,003,478"
66,2009,10,"19,319","511,288,815,418","7,814","202,385,703,705","4,719","76,265,323,445","25,070","1,311,772,392,467","2,541","72,929,827,812","5,315","344,923,038,154","2,057","92,766,316,846","51,606","3,100,435,202,441","2,245","55,411,285,225","3,110","105,397,605,449","3,698","123,638,370,370","3,155","64,649,847,118","4,092","85,680,519,385","6,474","91,737,787,049","1,953","57,244,908,010",511,"5,777,785,974",,,233,"4,323,321,504"
67,2009,11,"19,337","514,079,640,715","7,737","207,506,532,301","4,680","76,132,282,780","25,307","1,415,067,452,690","2,492","73,118,492,876","5,382","360,996,530,682","2,043","94,671,087,706","51,859","3,155,396,377,667","2,225","55,548,330,443","3,360","137,589,148,909","3,766","131,383,182,591","3,074","63,200,465,215","4,067","88,392,532,784","6,392","92,011,335,283","1,919","57,328,386,643",504,"5,700,152,820",,,230,"4,298,453,203"
68,2009,12,"19,349","531,097,204,519","7,566","205,283,230,954","4,620","74,980,674,791","26,453","1,647,306,214,098","2,514","75,672,078,959","5,453","374,900,395,033","2,038","99,046,146,781","50,630","3,050,790,505,618","2,190","55,730,024,691","3,306","133,186,182,755","3,767","136,084,284,796","3,229","94,317,362,043","4,015","89,553,228,225","6,344","91,743,125,973","1,895","55,698,335,319",495,"5,608,288,949",,,250,"5,361,559,679"
69,2010,1,"19,129","547,777,076,827","7,262","199,034,889,433","4,524","73,306,184,704","28,449","1,993,123,850,135","2,509","76,443,006,409","5,488","388,659,027,013","2,050","108,481,664,401","50,607","3,138,977,291,053","2,130","55,286,662,043","3,132","123,709,686,148","3,858","147,628,550,934","3,191","95,662,489,038","4,059","98,916,579,896","6,146","86,544,804,343","1,747","48,942,745,872",445,"5,215,140,341",,,249,"5,370,059,570"
70,2010,2,"19,412","568,654,771,231","7,254","213,196,246,356","4,469","72,061,676,104","29,964","2,239,160,607,103","2,511","77,126,800,145","5,623","412,976,622,444","2,063","117,424,041,476","51,552","3,389,553,695,572","2,090","54,717,226,252","3,135","123,075,466,074","3,812","148,836,977,873","3,135","95,101,755,116","4,065","102,773,541,874","6,061","86,568,661,677","1,671","44,531,852,214",428,"5,104,087,442",,,248,"5,364,613,450"
71,2010,3,"19,397","578,016,977,848","7,299","243,489,847,946","4,409","71,814,881,789","31,016","2,471,127,025,266","2,464","77,217,456,455","5,639","418,593,797,337","2,033","119,463,850,982","50,815","3,367,880,821,242","2,071","54,790,621,575","3,376","158,622,104,539","3,734","150,329,653,266","3,077","96,027,370,632","4,068","105,799,212,236","5,914","84,911,667,339","1,640","43,041,035,164",407,"4,947,047,909",,,246,"5,357,723,336"
72,2010,4,"19,667","620,734,865,353","7,298","266,144,182,742","4,643","85,610,655,116","31,105","2,517,147,577,902","2,436","77,586,956,172","5,800","439,463,202,050","1,973","120,465,036,583","50,540","3,351,593,260,320","2,055","54,641,986,188","3,313","156,252,186,216","3,725","155,569,075,899","3,344","135,839,913,829","4,055","108,941,217,374","5,766","80,715,427,428","1,566","38,768,619,108",399,"4,855,786,022",,,247,"5,430,268,114"
73,2010,5,"20,087","693,259,052,954","7,285","285,836,588,080","4,589","85,113,229,163","31,210","2,546,763,004,566","2,846","157,469,646,808","5,875","454,911,608,519","1,892","116,460,333,794","49,918","3,285,825,616,410","2,033","54,434,074,690","3,307","156,923,920,989","3,547","143,427,013,520","3,813","166,392,573,088","4,125","114,223,220,646","5,679","87,053,110,671","1,542","38,471,686,236",389,"4,746,599,850",,,244,"5,376,011,142"
74,2010,6,"20,187","708,157,795,671","7,326","309,460,409,547","4,537","84,581,599,790","31,074","2,560,220,431,892","2,872","166,251,880,843","5,983","478,808,012,900","1,829","113,845,731,877","49,324","3,195,579,785,704","1,994","54,623,556,190","3,262","154,712,139,542","3,077","104,649,433,912","3,821","171,249,826,475","4,139","121,500,112,583","5,551","85,760,127,444","1,539","39,313,125,740",388,"4,818,741,428",,,246,"5,544,578,322"
75,2010,7,"20,669","741,630,515,699","7,255","317,448,092,275","4,503","84,795,423,291","30,965","2,559,578,953,625","3,288","227,514,611,155","5,987","484,009,241,642","1,763","109,669,472,905","48,388","3,035,503,752,993","2,001","57,089,437,258","3,910","230,752,525,966","2,936","95,649,181,685","3,804","174,412,928,995","4,204","129,070,793,773","5,449","85,706,944,538","1,534","39,663,612,342",388,"4,848,374,270",,,243,"5,705,012,492"
76,2010,8,"21,030","766,115,083,187","7,365","339,475,841,955","4,469","84,675,209,315","31,218","2,590,094,184,735","3,335","237,600,055,381","5,961","486,923,700,941","1,719","107,118,794,778","47,554","2,922,770,698,586","2,047","63,755,487,583","3,902","234,065,949,226","2,881","93,346,595,512","3,777","175,795,489,316","4,262","143,154,686,171","5,383","86,694,920,149","1,530","40,218,365,384",379,"4,752,562,173",,,243,"5,680,680,825"
77,2010,9,"21,194","775,634,180,466","7,693","399,104,222,168","4,439","84,496,573,076","31,209","2,596,753,237,849","3,385","245,511,032,955","6,128","513,360,415,286","1,684","105,718,946,971","46,945","2,822,995,728,325","2,028","63,961,706,619","3,847","232,699,608,429","3,280","122,033,722,152","3,802","179,789,631,647","4,352","157,220,788,416","5,338","88,270,072,761","1,853","66,129,959,076",371,"4,682,329,459",,,242,"5,797,717,789"
78,2010,10,"21,598","795,872,231,153","7,699","413,042,560,798","4,412","88,501,543,961","31,174","2,589,329,739,966","3,400","251,964,931,105","6,177","526,806,994,529","1,651","104,934,021,023","46,806","2,782,120,260,781","2,076","70,073,643,408","3,680","222,868,276,691","3,209","121,267,120,959","3,745","181,076,332,107","4,454","174,082,601,054","5,208","85,192,486,210","1,844","65,811,110,351",361,"4,703,642,926",,,237,"5,645,364,721"
79,2010,11,"22,108","828,722,489,891","8,644","481,837,155,257","4,490","98,294,570,065","31,222","2,590,490,093,627","4,298","374,888,638,535","6,258","543,541,106,078","1,572","93,511,125,957","46,344","2,716,978,896,924","1,908","66,279,900,661","3,585","220,416,202,120","3,402","147,701,831,708","3,796","186,374,452,353","4,518","182,095,735,621","6,086","229,714,218,974","1,837","66,098,669,901",360,"4,725,579,920",,,233,"5,556,042,793"
80,2010,12,"22,862","884,062,078,740","8,870","525,760,308,271","4,581","112,765,858,671","31,155","2,572,774,144,441","4,421","396,425,346,436","6,331","554,020,476,464","1,188","37,684,965,251","48,406","2,910,837,130,741","1,799","57,537,661,932","3,370","206,242,806,900","3,543","166,681,637,125","3,754","187,648,701,340","4,559","193,448,741,430","6,031","234,210,893,403","2,313","92,824,777,199",361,"4,750,564,249",,,229,"5,419,042,593"
81,2011,1,"23,132","925,970,379,452","8,778","544,283,525,266","4,483","117,100,062,046","31,011","2,561,261,594,413","4,728","444,623,493,908","6,305","562,320,389,969","1,045","27,105,757,995","48,363","2,995,521,240,972","1,718","53,715,090,050","3,343","208,815,330,186","3,410","167,745,200,163","3,608","185,972,169,117","4,630","215,500,014,364","5,838","250,748,613,821","2,265","93,662,885,352",338,"3,845,648,587",,,218,"5,371,058,434"
82,2011,2,"24,628","1,005,575,883,167","8,810","562,635,838,789","5,377","244,359,045,379","31,035","2,538,284,913,649","4,835","461,091,831,187","6,665","588,433,430,476","1,014","24,695,354,693","49,318","3,071,722,412,699","1,709","55,132,126,484","3,357","211,653,938,372","3,391","168,043,458,561","3,526","180,593,544,129","4,580","225,093,098,951","5,869","264,162,846,814","2,279","95,259,308,382",337,"3,820,918,369",,,218,"5,419,968,634"
83,2011,3,"26,234","1,083,635,117,669","8,608","546,103,044,083","5,308","250,400,638,753","31,249","2,538,028,547,647","4,900","472,663,609,380","6,931","615,794,263,856",951,"21,528,631,221","51,585","3,236,758,885,032","2,288","157,757,057,752","3,343","210,998,013,813","3,587","204,722,798,480","3,351","157,894,955,218","4,417","217,219,104,818","5,818","271,473,640,570","2,303","96,671,339,294",337,"3,874,003,976",,,206,"5,095,846,732"
84,2011,4,"27,980","1,160,832,953,417","8,511","552,236,939,931","5,924","334,113,300,030","31,654","2,560,674,194,912","4,918","471,898,658,750","7,093","629,861,126,390",924,"21,352,475,633","52,880","3,292,285,408,883","2,466","182,043,376,328","3,386","213,686,368,564","3,319","184,859,462,586","3,272","151,824,930,189","4,536","234,490,124,480","6,553","378,321,550,092","2,337","98,668,331,647",343,"3,764,298,188",,,199,"5,002,506,133"
85,2011,5,"29,797","1,238,764,507,288","9,429","702,131,700,195","6,190","364,421,205,698","31,960","2,551,910,781,735","4,871","460,743,189,914","8,007","669,696,879,746",979,"29,661,213,936","54,663","3,371,496,584,525","2,688","211,541,814,755","3,466","219,040,125,301","3,312","184,669,292,141","3,798","234,944,701,936","4,660","251,866,941,107","6,641","390,061,725,274","2,438","101,702,751,612",346,"3,794,395,406",,,195,"4,959,600,460"
86,2011,6,"32,065","1,339,984,864,447","10,063","769,788,653,778","6,314","382,491,065,696","32,203","2,532,993,272,886","4,561","418,060,308,849","8,383","709,534,065,522",964,"30,097,253,446","55,913","3,430,391,716,846","3,537","328,119,920,852","3,571","225,040,931,521","3,271","180,514,656,819","3,577","229,378,206,646","4,346","211,002,327,139","7,854","525,740,268,290","2,323","91,946,718,519",355,"3,926,105,158",,,190,"4,794,646,130"
87,2011,7,"34,154","1,420,460,906,438","10,027","765,793,738,945","6,630","423,940,718,860","32,597","2,516,150,101,750","4,197","349,464,241,120","8,614","730,795,387,321",969,"30,955,523,986","58,431","3,582,165,521,894","3,740","351,006,673,437","4,392","329,431,303,970","3,873","236,921,488,609","3,528","229,898,758,430","3,896","163,316,763,518","7,949","535,804,763,324","2,319","91,350,494,578",359,"3,948,016,677",,,189,"4,775,971,686"
88,2011,8,"36,658","1,526,807,006,833","11,763","972,496,890,441","6,824","446,236,938,372","33,355","2,532,604,279,424","4,308","367,963,489,806","8,800","741,753,357,783",982,"31,326,066,512","61,868","3,806,839,662,422","3,925","371,197,075,883","4,649","355,805,222,975","4,526","263,839,882,724","3,450","235,604,801,060","3,917","173,046,937,721","8,963","673,207,796,708","2,829","142,257,770,364",366,"4,022,438,956",,,186,"4,698,586,075"
89,2011,9,"39,301","1,678,776,824,535","12,755","1,094,839,304,842","6,937","464,696,545,478","33,523","2,487,148,812,009","4,863","444,495,494,043","8,858","735,764,783,875","1,022","36,124,754,946","64,675","3,981,075,571,153","4,565","446,616,827,387","4,884","380,680,602,390","4,840","307,076,945,887","3,434","240,776,086,061","3,901","175,180,438,076","9,608","751,471,249,950","2,867","148,115,488,698",366,"4,100,401,029",,,185,"4,666,381,704"
90,2011,10,"41,678","1,794,554,222,634","13,108","1,151,376,793,009","6,978","473,033,980,800","33,720","2,448,351,409,654","6,077","623,511,757,903","9,554","864,589,583,739","1,034","37,476,368,071","67,399","4,152,754,754,779","4,788","475,902,006,870","5,208","411,984,404,957","5,542","386,690,793,362","4,373","361,770,885,497","3,908","178,874,234,748","11,351","972,905,570,024","2,655","140,358,568,885",359,"4,036,341,442",,,182,"4,566,647,155"
91,2011,11,"44,441","1,986,021,954,206","14,220","1,326,230,499,995","7,475","534,257,061,569","34,430","2,440,721,068,993","5,844","579,025,751,981","9,228","817,345,174,031","1,557","108,882,892,063","70,930","4,336,363,282,364","4,861","481,217,804,371","5,539","446,086,868,832","5,556","390,573,675,503","4,857","424,791,568,645","3,751","160,521,432,317","13,173","1,192,524,698,974","2,624","146,693,493,863",353,"4,017,061,207",,,176,"4,293,087,168"
92,2011,12,"46,255","2,073,981,553,978","14,878","1,432,184,811,385","7,461","537,936,284,768","35,720","2,415,735,173,971","7,176","738,453,259,341","9,248","837,459,318,212","2,177","194,895,629,401","73,897","4,449,257,949,558","4,952","485,891,454,977","6,360","544,564,688,734","6,329","513,755,946,487","6,059","549,511,624,605","3,823","186,615,146,004","14,870","1,416,900,170,174","2,883","170,830,408,097",352,"4,096,428,090",,,172,"4,269,445,112"
93,2012,1,"47,480","2,150,768,229,315","15,031","1,455,785,458,626","7,965","606,282,879,131","35,911","2,420,077,697,735","7,744","807,035,675,111","8,714","815,787,076,918","2,256","209,615,213,891","75,671","4,607,682,254,404","4,985","486,170,183,522","6,931","607,252,869,023","6,590","534,612,635,943","6,377","588,955,623,043","3,778","186,710,443,835","16,856","1,685,721,950,658","2,974","181,017,568,977",346,"4,009,690,918",,,169,"4,163,617,506"
94,2012,2,"49,965","2,305,657,357,925","17,563","1,772,702,733,199","8,743","732,505,060,446","36,371","2,416,880,714,216","7,793","812,590,764,295","9,011","866,772,992,785","2,509","244,951,000,490","78,563","4,770,873,159,071","5,304","525,743,364,598","7,707","683,637,423,709","7,435","612,789,078,773","6,669","601,169,264,286","3,775","190,552,291,104","17,967","1,833,991,190,624","3,090","192,033,659,871",347,"4,194,250,349",,,168,"4,143,080,916"
95,2012,3,"52,200","2,404,239,140,824","17,753","1,788,928,160,443","8,581","713,914,706,752","36,710","2,393,044,387,499","7,844","817,899,875,651","11,319","1,228,595,585,170","2,578","251,127,592,450","82,493","5,035,689,126,857","5,641","579,376,372,157","8,740","805,024,261,260","8,064","688,449,051,231","6,773","619,977,928,147","3,881","202,052,116,142","18,996","1,966,599,993,232","3,216","209,172,960,028",350,"4,230,375,683",,,166,"4,067,466,134"
96,2012,4,"54,865","2,571,352,286,977","19,556","2,088,641,290,410","9,770","869,907,617,946","37,158","2,329,697,809,705","8,333","894,981,822,234","11,364","1,223,816,645,542","2,602","253,217,108,530","85,751","5,188,844,301,771","5,918","621,600,893,498","9,553","908,966,510,563","8,103","689,952,268,149","7,104","676,076,230,791","3,966","211,678,173,598","19,139","1,980,243,241,059","4,460","373,411,878,756",345,"4,333,249,436",,,163,"3,932,481,962"
97,2012,5,"57,266","2,695,805,473,111","19,744","2,110,371,017,982","10,225","941,118,592,119","37,694","2,264,122,516,063","8,995","983,035,108,327","11,362","1,207,358,855,944","2,794","275,675,106,297","89,209","5,377,293,915,277","6,000","626,596,283,964","11,200","1,106,076,109,538","8,315","705,365,546,118","7,087","677,411,929,271","3,977","213,901,487,233","20,319","2,143,675,094,108","4,422","371,042,044,227",343,"4,349,192,948",,,163,"3,912,526,469"
98,2012,6,"59,502","2,784,140,948,563","19,788","2,113,920,041,645","10,381","967,659,968,286","38,172","2,212,890,768,189","10,329","1,140,988,000,759","11,410","1,203,801,305,282","2,848","278,624,977,541","91,455","5,407,702,835,276","5,866","574,439,864,064","13,759","1,419,273,881,726","8,526","724,691,098,553","7,250","698,547,742,612","4,205","238,609,371,095","21,796","2,328,727,408,983","4,503","378,821,991,947",339,"4,412,274,858",,,160,"3,960,805,039"
99,2012,7,"61,388","2,881,825,988,000","20,112","2,150,717,148,749","10,681","988,815,917,622","38,672","2,163,249,316,923","10,343","1,141,721,459,625","11,348","1,193,004,644,817","2,939","302,251,499,259","93,430","5,425,356,304,759","5,676","543,088,619,449","14,534","1,494,868,274,229","7,668","672,708,521,001","7,699","725,843,587,321","5,169","345,661,240,515","22,415","2,408,847,413,951","4,602","388,955,295,438",337,"4,450,301,694",,,159,"3,949,940,561"
100,2012,8,"63,382","2,982,108,155,335","21,159","2,312,155,140,811","10,549","972,554,014,018","38,718","2,091,923,350,021","9,960","1,097,531,237,149","11,338","1,185,783,447,688","3,308","359,377,074,833","95,988","5,510,080,169,520","5,694","539,759,757,146","16,712","1,821,759,089,819","7,621","688,581,157,797","7,739","727,738,467,158","5,840","408,476,064,650","23,479","2,553,011,113,195","4,950","431,410,362,659",338,"4,572,465,847",,,158,"3,995,261,395"
101,2012,9,"64,947","3,047,807,368,063","21,361","2,329,086,885,406","10,433","964,715,969,876","38,301","1,945,487,191,481","9,358","1,026,392,928,617","11,248","1,171,070,149,669","3,365","363,539,946,063","97,933","5,560,592,952,995","5,712","539,546,155,888","18,569","2,099,068,074,700","8,576","744,167,185,012","8,262","796,461,250,687","5,853","411,428,593,006","23,639","2,570,873,001,360","5,555","500,150,276,143",335,"4,654,486,000",,,154,"3,848,684,622"
102,2012,10,"66,944","3,136,331,143,602","22,168","2,460,750,895,573","10,071","920,033,881,564","38,506","1,895,686,462,184","9,276","1,016,774,787,996","11,201","1,156,451,568,320","3,400","364,581,256,400","100,316","5,582,514,631,573","5,937","578,215,614,533","19,039","2,168,463,145,177","8,020","751,944,922,230","8,358","805,676,692,911","5,603","382,225,936,512","23,874","2,593,867,008,347","5,676","512,917,489,819",335,"4,807,806,057",,,155,"3,928,804,378"
103,2012,11,"69,185","3,239,368,267,252","22,250","2,464,924,703,920","10,340","961,242,622,408","38,420","1,770,313,988,504","9,426","1,028,833,382,014","11,308","1,161,440,889,703","3,461","368,938,510,798","102,994","5,628,638,134,485","6,741","702,761,691,877","19,252","2,202,698,318,560","9,573","884,192,978,099","8,430","822,312,927,423","5,465","367,152,773,727","23,990","2,607,693,548,675","5,767","521,544,814,685",387,"8,007,573,111",,,155,"4,225,519,079"
104,2012,12,"70,881","3,297,872,084,139","22,066","2,440,740,897,444","10,854","1,034,509,417,177","38,694","1,737,524,928,651","9,159","991,073,442,300","11,315","1,149,822,146,698","3,515","370,303,962,425","104,034","5,498,777,667,347","6,781","707,189,082,166","19,912","2,305,493,715,097","8,870","823,931,373,070","8,343","821,587,305,859","6,077","384,983,903,053","23,745","2,573,641,893,941","5,934","538,345,690,987",364,"6,632,084,029",,,153,"4,186,182,653"
105,2013,1,"72,150","3,354,112,920,037","22,521","2,498,305,321,741","10,832","1,035,404,259,433","38,881","1,713,363,487,224","9,254","984,347,104,915","11,394","1,145,400,656,580","3,585","371,836,791,422","105,665","5,547,322,411,861","6,821","708,557,331,561","9,614","809,179,998,365","8,806","819,384,828,011","8,647","868,580,664,721","6,123","388,099,964,242","24,460","2,666,693,105,753","6,058","544,949,741,140",422,"11,521,223,258","10,519","1,519,965,610,882",153,"4,327,093,432"
106,2013,2,"74,758","3,477,877,022,965","22,464","2,475,886,093,784","10,809","1,031,116,167,944","39,152","1,694,037,043,942","9,230","977,600,888,674","11,617","1,147,681,855,343","3,655","372,460,636,583","108,425","5,611,327,546,429","6,640","684,028,339,076","9,841","828,943,928,668","9,628","909,573,996,289","8,531","851,263,812,144","6,183","390,735,319,903","24,863","2,688,555,868,761","6,372","574,435,037,765",449,"13,265,237,075","11,189","1,636,590,453,875",152,"4,307,567,714"
107,2013,3,"77,338","3,614,273,317,876","22,837","2,518,472,991,364","10,679","975,305,917,527","39,564","1,677,039,633,829","9,176","971,112,953,205","11,773","1,148,819,433,442","4,053","432,036,017,675","111,704","5,756,592,677,664","6,643","676,297,762,216","9,991","835,324,822,087","9,740","910,077,407,863","8,430","842,087,298,992","6,906","468,013,881,875","24,954","2,687,064,747,646","6,808","621,646,509,433",458,"14,183,732,524","11,248","1,642,189,035,560",150,"4,291,199,796"
108,2013,4,"80,195","3,741,448,700,064","22,905","2,508,519,129,551","9,826","885,918,626,599","40,022","1,662,483,564,223","8,981","937,427,204,001","11,944","1,152,913,269,708","4,163","438,348,955,144","115,163","5,902,305,775,180","6,717","678,312,879,520","10,153","841,161,535,848","10,145","941,742,408,715","7,887","802,049,951,970","7,875","578,427,606,929","25,653","2,750,536,804,933","6,830","621,084,971,143",462,"14,742,938,779","11,279","1,645,169,176,877",147,"4,062,332,575"
109,2013,5,"82,479","3,798,493,261,458","23,467","2,567,448,258,124","9,300","806,125,146,098","41,016","1,771,813,035,380","8,985","933,682,202,520","12,015","1,151,083,767,712","4,677","496,524,071,944","117,003","5,820,933,501,558","6,776","679,890,784,478","10,141","825,780,173,621","10,197","942,974,246,860","8,157","796,799,602,070","7,941","580,230,911,490","25,664","2,736,997,171,779","6,595","602,725,101,627",448,"14,224,015,299","11,322","1,648,322,035,879",144,"3,993,063,519"
110,2013,6,"84,426","3,847,151,751,663","22,517","2,428,333,105,595","8,560","703,903,723,074","41,351","1,728,036,796,633","8,514","856,725,945,447","12,173","1,155,064,612,104","4,521","471,903,870,308","119,687","5,811,596,492,064","5,402","463,370,850,698","9,345","700,245,004,388","10,641","1,004,974,244,047","8,515","778,050,455,306","7,525","526,944,285,029","24,365","2,552,446,851,385","6,438","582,360,741,350",448,"14,439,005,320","11,351","1,653,112,030,799",135,"3,574,300,013"
111,2013,7,"85,825","3,920,177,566,140","22,110","2,364,327,409,561","8,385","693,697,984,037","41,515","1,699,574,841,044","8,241","816,792,157,408","12,285","1,160,578,996,025","4,805","476,178,364,793","121,617","5,903,415,178,315","5,398","455,339,699,342","9,368","694,555,746,409","11,177","1,065,203,946,059","8,283","746,812,891,055","7,515","530,392,222,353","24,624","2,572,616,386,339","6,502","587,335,800,745",454,"14,953,581,799","11,314","1,637,266,246,835",135,"3,574,130,133"
112,2013,8,"87,560","4,001,274,046,519","21,633","2,300,283,187,709","8,417","695,554,049,714","41,557","1,657,749,181,470","8,157","803,049,229,782","12,230","1,145,954,706,172","4,833","474,657,821,488","123,854","6,030,999,342,592","6,060","475,758,781,438","9,502","686,557,567,265","11,257","1,065,895,256,190","8,286","742,088,407,347","7,557","532,866,699,517","25,132","2,620,957,633,932","6,545","591,414,092,954",478,"16,007,876,113","11,584","1,663,829,041,218",132,"3,540,540,853"
113,2013,9,"89,435","4,080,338,140,011","21,094","2,226,265,246,857","7,793","605,025,417,448","42,049","1,673,780,143,654","8,563","868,977,403,836","12,186","1,127,369,599,022","4,852","472,357,624,902","126,315","6,164,264,578,603","6,322","484,342,151,885","9,143","636,303,956,423","11,653","1,109,809,324,074","8,310","743,273,565,662","7,747","554,390,053,749","25,203","2,618,022,216,912","6,745","613,259,187,441",500,"17,164,170,388","11,794","1,686,738,348,091",130,"3,493,527,182"
114,2013,10,"91,873","4,184,465,400,160","20,316","2,106,774,745,897","7,511","562,619,127,987","42,668","1,704,380,955,321","8,227","820,887,047,258","12,182","1,112,797,683,013","4,825","461,580,714,928","129,529","6,307,234,444,183","6,493","493,057,121,221","9,623","679,813,108,168","11,296","1,050,966,477,382","7,866","682,335,272,561","8,657","649,759,810,266","23,991","2,443,831,182,020","6,791","617,237,402,537",526,"18,444,081,731","12,918","1,794,543,793,123",128,"3,475,488,324"
115,2013,11,"94,113","4,288,238,237,531","19,574","2,012,964,393,473","7,313","528,619,305,358","43,051","1,698,368,005,702","7,782","764,826,538,925","12,189","1,100,838,411,740","4,562","430,804,002,262","132,290","6,426,623,400,013","6,596","498,064,653,672","9,747","689,712,795,459","11,110","1,015,434,638,349","7,889","676,768,643,438","9,893","811,146,168,369","22,613","2,262,259,052,284","6,863","627,072,712,285",534,"18,769,185,617","14,001","1,875,111,546,381",125,"3,425,682,881"
116,2013,12,"96,535","4,420,812,813,070","19,279","1,933,727,672,762","7,310","524,273,970,253","43,320","1,672,056,374,379","7,022","670,828,696,674","12,200","1,100,289,162,802","4,109","370,151,515,265","134,085","6,443,022,030,759","6,878","505,758,269,334","9,976","711,213,025,392","11,026","1,014,782,814,174","7,144","590,690,983,706","9,439","761,380,929,619","21,226","2,095,456,862,425","6,975","637,370,640,133",556,"19,569,146,313","13,350","1,777,194,272,360",124,"3,377,415,845"
117,2014,1,"97,894","4,483,675,982,295","19,303","1,926,897,176,793","6,833","466,388,375,076","43,528","1,668,266,975,094","6,510","597,344,296,935","12,340","1,110,882,487,439","4,037","355,180,102,034","136,886","6,655,438,312,232","7,258","547,789,440,268","10,099","719,838,424,977","10,555","965,041,887,389","6,558","511,664,318,281","9,281","744,169,659,619","21,105","2,072,351,711,345","7,060","645,274,999,319",583,"21,297,870,576","13,137","1,744,782,864,008",123,"3,342,306,049"
118,2014,2,"100,790","4,648,974,220,282","18,800","1,853,586,299,132","6,716","454,089,056,235","43,538","1,643,552,663,809","6,101","521,987,707,855","11,837","1,019,165,249,048","4,460","430,842,262,862","139,783","6,790,810,621,001","8,125","636,863,715,351","10,290","733,293,238,275","10,032","916,790,489,639","5,911","426,800,816,684","9,387","759,703,025,475","21,384","2,081,852,885,653","7,115","650,131,681,168",612,"22,837,181,360","12,888","1,707,072,506,677",122,"3,142,196,972"
119,2014,3,"103,565","4,790,981,580,985","18,682","1,824,264,254,271","7,291","444,770,995,789","43,559","1,647,502,676,772","6,411","493,262,621,242","11,414","940,084,100,417","4,634","451,968,514,845","142,708","6,914,807,268,048","8,252","647,749,907,800","10,478","745,290,225,067","9,802","899,153,767,624","5,925","424,149,425,925","10,431","910,770,791,250","21,394","2,076,164,819,953","7,375","675,643,451,980",635,"23,810,956,695","12,826","1,695,608,186,537",120,"3,086,705,932"
120,2014,4,"106,925","4,994,820,670,384","18,471","1,787,333,075,949","8,397","605,412,616,039","44,447","1,741,319,861,831","6,155","454,225,607,438","11,058","872,719,868,754","4,610","443,506,605,658","145,931","7,031,640,142,172","7,752","574,267,938,744","10,995","789,839,860,253","9,784","895,284,069,131","5,876","414,022,030,406","10,355","931,303,380,217","20,963","1,995,239,619,072","6,879","606,030,481,253",649,"24,801,164,077","13,030","1,760,744,628,751",119,"3,061,105,834"
121,2014,5,"109,642","5,121,546,674,763","18,091","1,723,053,100,402","8,449","608,363,436,994","44,607","1,742,373,753,459","5,716","400,189,454,014","10,780","822,210,569,693","4,618","448,561,251,545","147,281","6,921,729,744,672","7,540","530,488,674,863","11,074","797,539,572,366","9,893","899,724,007,736","5,806","413,451,051,537","10,178","926,928,625,760","20,726","1,853,933,339,092","6,363","545,064,958,646",658,"25,377,982,958","12,429","1,686,470,733,097",118,"3,045,437,406"
122,2014,6,"113,324","5,404,067,772,514","17,039","1,560,613,916,455","9,109","622,926,691,876","44,820","1,746,652,200,796","5,914","426,573,993,062","10,387","758,583,237,622","4,584","443,601,220,553","148,523","6,842,904,610,335","7,842","543,348,878,621","10,800","756,575,023,111","9,924","898,035,993,976","5,500","390,923,711,560","9,459","845,293,847,608","20,716","1,841,320,508,653","6,134","512,321,726,920",665,"25,620,324,524","12,126","1,648,860,764,110",117,"3,018,352,651"
123,2014,7,"116,155","5,556,452,984,341","17,109","1,568,368,965,262","8,728","559,463,224,504","45,083","1,764,909,100,716","5,690","398,721,928,341","10,031","697,354,410,772","4,478","424,553,422,088","151,289","6,914,885,308,944","7,885","530,657,519,943","10,719","736,390,094,896","10,400","987,127,078,281","4,880","357,032,832,482","9,131","812,244,394,924","20,422","1,794,579,308,587","6,144","506,349,041,028",665,"25,564,980,041","11,781","1,594,638,719,070",116,"3,008,825,132"
124,2014,8,"118,669","5,686,684,895,927","16,300","1,456,665,664,874","8,218","484,050,345,031","45,683","1,850,885,582,861","5,587","386,095,308,535","9,817","656,741,403,838","4,458","420,790,670,343","153,886","7,047,029,301,866","8,109","551,127,245,253","11,288","797,142,432,486","10,449","1,000,397,597,265","5,861","488,064,615,677","9,414","861,102,952,198","20,498","1,802,855,926,278","5,499","424,282,266,169",676,"26,243,737,956","11,085","1,503,484,915,494",114,"2,913,674,171"
125,2014,9,"120,408","5,678,762,814,436","16,081","1,418,546,498,041","8,029","451,514,152,532","46,677","1,986,393,724,430","5,472","367,720,217,432","9,539","607,201,593,552","4,380","405,600,774,739","156,984","7,207,739,509,413","8,185","556,266,707,696","10,906","743,082,169,208","10,290","974,203,096,598","6,509","571,130,604,665","10,682","1,033,988,776,431","20,189","1,751,661,628,296","4,904","351,666,266,965",664,"26,034,882,711","10,411","1,403,093,879,458",112,"2,817,617,783"
126,2014,10,"123,880","5,801,550,000,000","16,334","1,459,210,000,000","7,659","385,796,000,000","47,281","2,003,560,000,000","6,341","481,740,000,000","9,271","558,607,000,000","4,397","405,178,000,000","162,208","7,437,210,000,000","8,367","565,222,000,000","10,235","650,370,000,000","9,909","912,089,000,000","6,883","557,451,000,000","11,735","1,171,560,000,000","20,029","1,714,310,000,000","4,387","271,379,000,000",701,"29,915,398,640","9,399","1,294,020,000,000",111,"2,813,765,659"
127,2014,11,"127,160","5,950,390,000,000","16,356","1,426,020,000,000","7,546","361,291,000,000","48,098","2,080,820,000,000","6,341","482,814,000,000","9,854","634,296,000,000","4,477","404,437,000,000","167,259","7,727,970,000,000","8,403","565,430,000,000","10,503","699,369,000,000","9,443","854,999,000,000","6,933","557,224,000,000","11,782","1,173,640,000,000","21,592","1,884,510,000,000","4,212","240,526,000,000",709,"30,781,409,058","9,521","1,338,640,000,000",109,"2,744,747,091"
128,2014,12,"129,980","6,081,060,000,000","15,892","1,308,960,000,000","8,510","413,560,000,000","50,565","2,465,060,000,000","6,792","504,028,000,000","9,698","596,468,000,000","4,976","470,206,000,000","172,436","8,124,280,000,000","8,058","537,124,000,000","11,047","760,381,000,000","9,764","914,824,000,000","7,160","553,513,000,000","11,650","1,159,510,000,000","20,999","1,790,510,000,000","4,490","261,565,000,000",714,"30,985,049,108","8,875","1,257,020,000,000",106,"2,659,021,703"
129,2015,1,"131,911","6,180,600,000,000","15,575","1,239,900,000,000","8,801","449,385,000,000","50,931","2,485,840,000,000","7,210","562,086,000,000","9,544","560,510,000,000","5,036","471,220,000,000","175,981","8,386,240,000,000","8,236","557,908,000,000","10,217","654,756,000,000","9,743","911,049,000,000","7,082","536,730,000,000","12,008","1,190,700,000,000","20,448","1,727,480,000,000","4,586","271,552,000,000","1,224","109,053,000,000","8,557","1,209,320,000,000",103,"2,612,676,300"
130,2015,2,"135,144","6,357,830,000,000","17,011","1,470,180,000,000","8,888","453,313,000,000","51,236","2,506,970,000,000","7,210","561,359,000,000","9,663","555,697,000,000","5,073","467,451,000,000","179,684","8,671,760,000,000","8,412","564,262,000,000","11,005","787,818,000,000","9,794","912,662,000,000","7,000","521,204,000,000","12,522","1,248,320,000,000","19,840","1,648,380,000,000","4,673","279,000,000,000","1,446","141,994,000,000","7,420","1,012,150,000,000",101,"2,602,818,250"
131,2015,3,"138,214","6,489,920,000,000","17,935","1,608,860,000,000","8,985","459,630,000,000","51,931","2,546,450,000,000","6,755","542,387,000,000","9,732","552,184,000,000","5,116","468,776,000,000","184,593","9,022,220,000,000","8,083","493,322,000,000","12,052","905,853,000,000","10,597","934,485,000,000","7,239","525,729,000,000","12,367","1,226,950,000,000","21,359","1,884,180,000,000","4,977","301,148,000,000","1,415","139,092,000,000","6,136","798,314,000,000",101,"2,601,922,504"
132,2015,4,"140,019","6,578,350,000,000","18,069","1,615,570,000,000","9,015","508,602,000,000","53,284","2,699,200,000,000","6,853","577,410,000,000","9,846","560,288,000,000","5,563","545,774,000,000","190,229","9,611,400,000,000","8,326","503,289,000,000","13,476","959,123,000,000","10,488","915,283,000,000","7,726","541,113,000,000","12,466","1,236,470,000,000","21,691","1,935,530,000,000","5,459","320,186,000,000","1,400","138,426,000,000","6,575","707,701,000,000",98,"2,468,581,878"
133,2015,5,"142,623","6,675,790,000,000","18,176","1,613,280,000,000","9,498","586,583,000,000","54,305","2,857,850,000,000","6,794","575,432,000,000","9,896","562,456,000,000","5,616","551,529,000,000","194,714","9,964,440,000,000","7,832","482,494,000,000","13,495","954,529,000,000","10,412","902,055,000,000","7,969","560,166,000,000","13,802","1,467,380,000,000","21,591","1,918,990,000,000","5,245","287,808,000,000","1,393","138,409,000,000","7,211","693,673,000,000",97,"2,439,462,878"
134,2015,6,"145,289","6,796,070,000,000","17,873","1,535,090,000,000","9,740","608,877,000,000","53,835","2,771,780,000,000","7,056","615,075,000,000","10,006","568,319,000,000","5,765","570,930,000,000","201,604","10,816,800,000,000","7,779","480,527,000,000","13,658","969,864,000,000","10,557","906,383,000,000","7,654","510,131,000,000","13,863","1,486,030,000,000","20,943","1,889,580,000,000","5,171","276,694,000,000","1,393","138,617,000,000","7,215","680,415,000,000",89,"2,372,539,094"
135,2015,7,"147,660","6,915,710,000,000","18,189","1,575,190,000,000","9,764","617,990,000,000","53,942","2,728,560,000,000","7,630","670,666,000,000","9,959","566,624,000,000","6,407","645,221,000,000","206,666","11,272,000,000,000","7,883","499,104,000,000","14,331","1,037,070,000,000","10,062","843,535,000,000","7,560","490,096,000,000","14,231","1,523,010,000,000","20,993","1,898,460,000,000","4,923","241,704,000,000","1,391","139,096,000,000","7,244","679,627,000,000",89,"2,372,066,761"
136,2015,8,"150,033","7,036,730,000,000","17,720","1,511,770,000,000","9,804","621,360,000,000","53,890","2,607,830,000,000","7,474","641,706,000,000","9,785","554,760,000,000","6,375","640,874,000,000","210,976","11,579,700,000,000","8,040","508,626,000,000","15,873","1,225,800,000,000","9,964","838,648,000,000","7,524","477,197,000,000","14,376","1,524,140,000,000","21,979","2,072,360,000,000","4,865","233,579,000,000","1,546","141,498,000,000","7,195","665,041,000,000",88,"2,304,493,022"
137,2015,9,"152,652","7,180,380,000,000","18,514","1,655,020,000,000","9,489","614,759,000,000","54,059","2,597,300,000,000","7,441","629,550,000,000","9,934","565,830,000,000","6,402","643,490,000,000","216,421","12,187,500,000,000","8,071","512,393,000,000","16,681","1,322,270,000,000","9,819","820,258,000,000","7,383","464,683,000,000","15,377","1,654,970,000,000","22,151","2,069,690,000,000","4,929","235,729,000,000","1,644","142,581,000,000","7,096","650,729,000,000",86,"2,248,874,022"
138,2015,10,"155,681","7,366,350,000,000","18,765","1,686,040,000,000","9,556","617,892,000,000","54,122","2,561,940,000,000","7,472","624,646,000,000","9,912","554,119,000,000","6,737","698,673,000,000","223,410","12,942,400,000,000","8,151","517,409,000,000","16,340","1,281,280,000,000","9,785","812,234,000,000","7,465","466,352,000,000","16,184","1,731,410,000,000","24,310","2,366,590,000,000","6,062","362,733,000,000","1,645","142,874,000,000","6,682","583,198,000,000",85,"2,218,617,087"
139,2015,11,"157,043","7,488,020,000,000","18,485","1,635,930,000,000","9,806","623,741,000,000","53,981","2,586,730,000,000","7,470","622,651,000,000","9,866","543,831,000,000","6,959","718,253,000,000","225,477","13,247,700,000,000","9,779","697,604,000,000","16,906","1,350,240,000,000","10,239","908,248,000,000","7,766","507,959,000,000","16,053","1,693,890,000,000","24,276","2,367,740,000,000","6,363","400,986,000,000","1,646","143,035,000,000","9,397","1,068,740,000,000",83,"2,133,562,620"
140,2015,12,"157,914","7,569,300,000,000","18,233","1,587,740,000,000","10,447","659,775,000,000","54,116","2,619,230,000,000","7,235","625,723,000,000","9,862","535,626,000,000","7,106","768,621,000,000","227,468","13,592,200,000,000","10,308","749,245,000,000","17,642","1,445,400,000,000","10,145","890,197,000,000","7,493","503,547,000,000","18,135","1,972,690,000,000","25,841","2,585,750,000,000","6,419","405,042,000,000","1,655","143,994,000,000","9,724","1,081,360,000,000",82,"2,091,569,540"
141,2016,1,"158,031","7,588,160,000,000","18,190","1,583,210,000,000","11,104","789,775,000,000","54,180","2,640,560,000,000","7,774","700,248,000,000","9,766","520,703,000,000","7,262","792,425,000,000","229,504","14,024,600,000,000","10,306","745,026,000,000","18,009","1,479,590,000,000","9,924","857,889,000,000","7,965","519,389,000,000","18,792","2,056,280,000,000","25,822","2,589,770,000,000","6,016","373,409,000,000","1,658","144,380,000,000","10,325","1,188,890,000,000",81,"2,083,136,018"
142,2016,2,"158,922","7,652,580,000,000","18,229","1,585,550,000,000","10,877","782,479,000,000","54,148","2,648,390,000,000","7,917","714,548,000,000","9,771","514,385,000,000","7,285","792,008,000,000","231,113","14,216,200,000,000","10,179","729,079,000,000","18,009","1,461,170,000,000","10,359","916,695,000,000","8,374","575,165,000,000","18,304","1,980,530,000,000","25,828","2,587,290,000,000","6,035","373,669,000,000","1,669","145,691,000,000","10,572","1,246,960,000,000",80,"2,077,637,671"
143,2016,3,"160,182","7,709,560,000,000","18,449","1,579,590,000,000","11,185","821,980,000,000","54,479","2,664,890,000,000","7,911","706,384,000,000","10,679","648,041,000,000","7,377","803,521,000,000","234,271","14,548,300,000,000","10,326","772,631,000,000","17,740","1,418,610,000,000","12,524","1,290,230,000,000","9,995","781,208,000,000","18,818","2,058,760,000,000","25,191","2,496,290,000,000","6,089","375,369,000,000","1,682","146,735,000,000","10,744","1,324,830,000,000",79,"2,068,049,843"
144,2016,4,"162,021","7,839,000,000,000","19,662","1,750,470,000,000","11,772","885,087,000,000","55,848","2,823,300,000,000","7,898","694,813,000,000","10,735","649,449,000,000",8204,"1,036,700,000,000",238071,"14,907,800,000,000","11,121","943,813,000,000",17899,"1,442,250,000,000","12,394","1,285,750,000,000","10,043","787,674,000,000","19,169","2,096,200,000,000","25,764","2,536,610,000,000","6,140","377,663,000,000","1,689","147,052,000,000","10,342","1,302,300,000,000",77,"2,040,129,485"
145,2016,5,"163,645","7,962,040,000,000","19,965","1,753,160,000,000","11,899","884,018,000,000","56,386","2,856,720,000,000","7,870","680,377,000,000","10,844","655,023,000,000",8620,"1,076,200,000,000",241006,"15,203,400,000,000","11,171","945,134,000,000",17260,"1,423,590,000,000","12,449","1,285,170,000,000","9,995","792,109,000,000","21,081","2,369,940,000,000","25,562","2,560,580,000,000","6,207","379,876,000,000","1,717","151,950,000,000","9,843","1,283,160,000,000",75,"1,994,407,684"
146,2016,6,"165,140","8,089,250,000,000","20,373","1,776,410,000,000","11,862","845,212,000,000","56,816","2,877,250,000,000","7,988","682,793,000,000","10,978","661,720,000,000","8,633","1,069,750,000,000",244258,"15,518,800,000,000","11,026","925,880,000,000",17280,"1,424,420,000,000","13,158","1,408,120,000,000","9,940","794,994,000,000","21,037","2,330,950,000,000","26,891","2,720,950,000,000","7,208","490,145,000,000","1,917","166,873,000,000","9,060","1,260,730,000,000",77,"2,091,095,739"
147,2016,7,"166,540","8,204,480,000,000","21,393","1,943,580,000,000","12,009","808,447,000,000","56,692","2,828,130,000,000","8,079","680,884,000,000","11,243","678,174,000,000","8,738","1,071,790,000,000",248553,"15,953,400,000,000","11,043","917,635,000,000",17368,"1,424,380,000,000","13,206","1,393,650,000,000","9,933","787,643,000,000","21,912","2,413,490,000,000","27,030","2,729,360,000,000","7,768","549,088,000,000","1,963","167,692,000,000","9,791","1,428,930,000,000",78,"2,127,508,032"
148,2016,8,"168,505","8,369,020,000,000","21,591","1,929,740,000,000","13,276","987,687,000,000","57,125","2,826,770,000,000","8,222","682,950,000,000","11,377","682,535,000,000",8828,"1,072,680,000,000",255267,"16,849,300,000,000","11,245","924,551,000,000",17878,"1,462,670,000,000","13,234","1,373,690,000,000","10,280","825,648,000,000","22,184","2,413,700,000,000","28,788","2,947,940,000,000","8,042","562,351,000,000","2,035","170,883,000,000","9,841","1,431,800,000,000",79,"2,170,998,401"
149,2016,9,"170,372","8,525,190,000,000","21,713","1,920,500,000,000","13,731","1,046,740,000,000","57,403","2,839,210,000,000","8,534","713,696,000,000","11,465","686,322,000,000",9006,"1,089,230,000,000",257103,"16,986,800,000,000","11,882","1,009,680,000,000",18118,"1,473,190,000,000","13,248","1,365,090,000,000","10,153","805,487,000,000","22,298","2,411,640,000,000","29,087","2,960,840,000,000","8,188","566,778,000,000","2,077","172,470,000,000","10,973","1,457,960,000,000",80,"2,197,998,413"
150,2016,10,"172,144","8,684,136,957,489","22,057","1,930,602,479,866","14,608","1,197,735,026,890","57,904","2,872,785,215,326","8,607","713,463,687,066","11,526","688,451,348,312","10,929","1,371,388,424,680","262,904","17,925,786,364,901","12,347","1,087,577,081,348","18,105","1,454,348,592,254","13,860","1,386,672,699,266","9,658","738,690,763,847","22,436","2,408,018,310,298","30,048","3,087,176,224,769","8,248","568,250,501,175","2,116","175,683,761,011","11,387","1,494,319,385,911",78,"2,136,105,626"
151,2016,11,"174,291","8,833,496,228,451","23,880","2,108,648,991,872","15,200","1,210,542,008,517","58,842","2,909,929,686,524","8,883","717,022,843,967","11,743","694,184,605,426","11,038","1,370,445,655,611","267,777","18,544,521,117,589","12,404","1,071,615,617,467","18,388","1,441,695,391,059","13,766","1,339,962,085,644","9,338","686,384,862,230","23,001","2,446,919,327,271","33,452","3,620,186,909,243","8,089","546,851,916,726","1,993","144,787,863,346","11,264","1,465,239,381,368",81,"2,216,626,800"
152,2016,12,"175,791","8,935,387,228,089","24,692","2,111,607,101,952","15,805","1,231,027,593,455","59,728","2,940,977,093,947","10,646","984,526,231,173","11,908","697,707,913,649","11,122","1,369,634,523,480","271,103","18,863,939,965,205","12,162","1,036,496,707,310","20,078","1,589,429,918,120","14,531","1,392,049,495,510","9,229","661,188,683,484","23,464","2,458,114,047,624","34,028","3,613,883,156,532","8,946","652,204,230,232","1,851","113,933,920,251","12,050","1,611,469,830,038",83,"2,303,080,800"
153,2017,1,"175,777","8,941,621,503,449","25,689","2,243,708,944,143","16,220","1,250,873,672,292","59,950","2,944,006,295,191","10,842","981,527,573,981","11,967","696,002,313,799","11,403","1,391,486,299,248","271,601","18,810,664,708,245","12,086","1,024,841,118,315","20,272","1,582,186,125,821","15,185","1,478,843,644,678","9,124","652,093,048,588","23,438","2,442,218,586,671","34,169","3,595,381,871,004","9,019","651,864,103,800","1,765","89,029,127,032","12,077","1,612,543,961,207",83,"2,302,116,358"
154,2017,2,"176,664","9,018,184,069,075","26,520","2,348,002,954,084","16,744","1,280,918,380,565","60,993","3,128,961,961,578","10,789","935,767,619,232","12,094","694,904,933,182","12,115","1,473,950,599,123","270,961","18,537,378,159,819","12,049","1,012,318,981,859","19,687","1,464,928,440,211","15,751","1,549,647,320,061","8,966","651,620,570,312","24,347","2,552,324,503,459","35,876","3,796,571,086,266","9,783","733,520,809,788","1,742","75,488,815,842","12,031","1,599,280,677,586",83,"2,301,630,783"
155,2017,3,"177,578","9,083,638,791,372","26,788","2,315,555,831,089","17,198","1,285,999,026,399","61,045","3,065,823,967,770","10,782","894,934,333,081","12,250","694,283,335,202","12,721","1,569,282,228,611","271,426","18,453,674,313,542","12,131","1,011,143,698,313","19,418","1,398,521,815,946","15,969","1,551,085,741,888","8,954","648,551,626,235","24,750","2,565,667,417,084","36,693","3,815,662,866,291","10,234","773,744,160,177","1,810","75,912,636,344","11,502","1,500,180,489,834",82,"2,232,274,853"
156,2017,4,"178,884","9,176,446,172,437","27,169","2,307,633,837,394","17,552","1,297,375,000,173","61,258","3,033,278,110,916","10,774","862,582,284,532","12,142","662,954,506,998","12,861","1,565,595,008,807","274,335","18,730,041,634,419","12,142","996,915,773,681","20,228","1,454,265,289,886","15,972","1,522,450,882,399","9,016","646,017,514,798","25,067","2,576,252,648,223","37,097","3,798,633,260,459","10,341","776,753,801,399","1,872","77,550,980,186","11,510","1,484,747,193,468",82,"2,232,274,853"
157,2017,5,"179,889","9,242,114,498,206","28,659","2,513,370,233,822","17,809","1,299,593,044,170","61,570","3,026,311,802,093","11,744","976,380,853,035","12,014","626,477,025,529","13,021","1,566,322,765,849","275,361","18,748,280,472,772","12,245","993,690,568,268","20,284","1,442,515,280,073","15,976","1,498,460,860,103","9,009","632,620,946,754","25,296","2,582,700,764,320","37,533","3,786,000,839,763","10,436","778,956,206,859","1,919","79,293,498,459","13,405","1,757,416,927,684",82,"2,225,596,911"
158,2017,6,"181,264","9,339,050,938,661","30,390","2,736,357,638,065","17,665","1,243,858,316,740","61,861","2,980,197,754,977","12,276","1,016,880,151,488","12,120","613,690,999,939","13,620","1,658,695,813,335","276,288","18,671,302,805,000","12,368","992,736,223,212","20,150","1,401,557,131,697","16,995","1,627,201,570,472","8,904","607,667,833,545","25,688","2,606,135,923,123","37,290","3,671,902,147,805","10,591","784,604,535,752","1,949","80,799,039,207","14,757","1,937,498,651,373",82,"2,223,519,891"
159,2017,7,"182,090","9,419,652,489,593","29,818","2,580,670,713,122","17,766","1,236,228,944,264","61,830","2,925,765,606,297","12,321","1,007,533,632,668","12,945","719,798,294,460","13,770","1,661,667,730,154","275,805","18,429,115,603,439","12,411","991,346,246,699","19,734","1,332,130,115,036","17,413","1,669,558,793,478","8,509","554,569,631,621","26,130","2,645,706,053,258","38,225","3,780,353,478,234","10,815","820,569,034,686","1,971","82,138,357,613","14,796","1,939,651,296,376",82,"2,223,028,383"
160,2017,8,"183,321","9,520,761,599,037","29,893","2,515,351,192,713","17,435","1,157,600,010,549","62,331","2,924,351,988,046","14,066","1,254,936,904,480","13,077","720,631,528,592","13,862","1,654,960,206,275","276,982","18,306,386,251,871","12,605","1,006,186,144,527","19,274","1,253,702,601,634","17,499","1,657,216,986,669","8,778","589,674,604,969","26,084","2,568,868,799,695","38,269","3,737,052,650,783","10,907","823,548,514,279","1,994","83,104,396,671","14,757","1,932,264,100,961",81,"2,199,635,482"
161,2017,9,"184,718","9,660,043,073,447","30,389","2,522,624,809,571","17,456","1,119,969,937,452","64,698","3,327,670,191,058","15,439","1,430,482,562,428","13,736","777,822,004,283","13,574","1,578,451,570,933","278,978","18,176,676,710,982","13,234","1,075,267,550,422","18,889","1,184,227,681,844","17,607","1,650,865,444,945","9,069","600,954,118,221","25,816","2,496,309,349,666","39,337","3,836,391,494,168","10,949","826,399,875,304","2,042","86,249,510,629","14,692","1,911,840,749,742",79,"2,184,243,371"
162,2017,10,"185,916","9,784,079,929,078","31,780","2,652,418,581,046","17,578","1,095,347,232,990","64,837","3,263,084,614,698","15,560","1,422,963,538,827","13,864","782,059,014,987","13,611","1,557,634,243,821","279,893","18,122,423,452,706","13,365","1,081,160,094,349","18,730","1,142,775,746,771","17,619","1,637,072,179,984","9,278","608,194,248,810","25,671","2,451,114,858,132","39,502","3,820,860,662,016","10,982","827,012,707,032","2,066","87,278,617,134","13,977","1,855,367,357,272",78,"2,165,453,375"
163,2017,11,"187,388","9,936,073,660,849","33,048","2,780,811,117,231","17,780","1,085,361,096,218","64,649","3,104,460,716,769","15,779","1,421,539,104,015","14,074","790,023,856,613","13,585","1,530,218,015,401","281,167","18,040,817,317,296","13,651","1,089,384,156,181","18,411","1,063,481,858,766","17,448","1,587,931,689,086","10,084","671,612,087,521","25,282","2,346,166,265,212","41,509","4,093,010,061,295","10,933","789,459,563,645","2,116","89,702,874,324","13,685","1,792,332,663,765",77,"2,131,756,272"
